Dzień,Kampania,Segment odbiorców,Wyświetlenia,Kliknięcia,Koszt,Konwersje,Wartość konw.
2026-08-02,Search | Brand,Odwiedzający sklep – 30 dni,28,8,"7,36","0,00","0,00"
2026-08-02,Search | Brand,Na rynku: Obuwie sportowe,66,14,"12,88","0,00","0,00"
2026-08-02,Search | Brand,Zainteresowania: Bieganie,74,17,"15,64","1,00","302,54"
2026-08-02,Search | Brand,Zainteresowania: Turystyka górska,21,7,"6,44","0,00","0,00"
2026-08-02,Search | Buty do biegania,Odwiedzający sklep – 30 dni,216,12,"24,55","0,00","0,00"
2026-08-02,Search | Buty do biegania,Na rynku: Obuwie sportowe,451,31,"63,42","0,00","0,00"
2026-08-02,Search | Buty do biegania,Zainteresowania: Bieganie,538,25,"51,15","0,00","0,00"
2026-08-02,Search | Buty do biegania,Zainteresowania: Turystyka górska,176,10,"20,46","0,00","0,00"
2026-08-02,Search | Buty trailowe,Odwiedzający sklep – 30 dni,91,6,"11,19","1,00","303,73"
2026-08-02,Search | Buty trailowe,Na rynku: Obuwie sportowe,232,10,"18,64","1,00","303,73"
2026-08-02,Search | Buty trailowe,Zainteresowania: Bieganie,278,11,"20,51","0,00","0,00"
2026-08-02,Search | Buty trailowe,Zainteresowania: Turystyka górska,93,7,"13,05","0,00","0,00"
2026-08-02,Search | Konkurencja,Odwiedzający sklep – 30 dni,99,3,"8,25","1,00","308,57"
2026-08-02,Search | Konkurencja,Na rynku: Obuwie sportowe,195,5,"13,76","0,00","0,00"
2026-08-02,Search | Konkurencja,Zainteresowania: Bieganie,235,16,"44,03","0,00","0,00"
2026-08-02,Search | Konkurencja,Zainteresowania: Turystyka górska,69,2,"5,50","0,00","0,00"
2026-08-03,Search | Brand,Odwiedzający sklep – 30 dni,31,4,"3,63","1,00","360,21"
2026-08-03,Search | Brand,Na rynku: Obuwie sportowe,49,16,"14,52","1,00","360,21"
2026-08-03,Search | Brand,Zainteresowania: Bieganie,73,13,"11,80","0,00","0,00"
2026-08-03,Search | Brand,Zainteresowania: Turystyka górska,27,2,"1,82","0,00","0,00"
2026-08-03,Search | Buty do biegania,Odwiedzający sklep – 30 dni,246,8,"16,44","0,00","0,00"
2026-08-03,Search | Buty do biegania,Na rynku: Obuwie sportowe,525,36,"73,97","0,00","0,00"
2026-08-03,Search | Buty do biegania,Zainteresowania: Bieganie,656,25,"51,37","1,00","400,76"
2026-08-03,Search | Buty do biegania,Zainteresowania: Turystyka górska,243,11,"22,60","0,00","0,00"
2026-08-03,Search | Buty trailowe,Odwiedzający sklep – 30 dni,116,8,"16,30","4,00","1 356,14"
2026-08-03,Search | Buty trailowe,Na rynku: Obuwie sportowe,263,12,"24,45","1,00","339,04"
2026-08-03,Search | Buty trailowe,Zainteresowania: Bieganie,308,16,"32,60","0,00","0,00"
2026-08-03,Search | Buty trailowe,Zainteresowania: Turystyka górska,101,9,"18,34","0,00","0,00"
2026-08-03,Search | Konkurencja,Odwiedzający sklep – 30 dni,92,1,"3,14","0,00","0,00"
2026-08-03,Search | Konkurencja,Na rynku: Obuwie sportowe,225,9,"28,25","1,00","335,86"
2026-08-03,Search | Konkurencja,Zainteresowania: Bieganie,289,16,"50,22","0,00","0,00"
2026-08-03,Search | Konkurencja,Zainteresowania: Turystyka górska,81,8,"25,11","0,00","0,00"
2026-08-04,Search | Brand,Odwiedzający sklep – 30 dni,32,10,"9,00","2,00","686,10"
2026-08-04,Search | Brand,Na rynku: Obuwie sportowe,40,21,"18,91","1,00","343,05"
2026-08-04,Search | Brand,Zainteresowania: Bieganie,73,30,"27,01","3,00","1 029,15"
2026-08-04,Search | Brand,Zainteresowania: Turystyka górska,27,9,"8,10","1,00","343,05"
2026-08-04,Search | Buty do biegania,Odwiedzający sklep – 30 dni,245,26,"46,16","1,00","394,52"
2026-08-04,Search | Buty do biegania,Na rynku: Obuwie sportowe,481,29,"51,48","0,00","0,00"
2026-08-04,Search | Buty do biegania,Zainteresowania: Bieganie,604,39,"69,24","1,00","394,52"
2026-08-04,Search | Buty do biegania,Zainteresowania: Turystyka górska,193,14,"24,85","1,00","394,52"
2026-08-04,Search | Buty trailowe,Odwiedzający sklep – 30 dni,127,6,"12,03","0,00","0,00"
2026-08-04,Search | Buty trailowe,Na rynku: Obuwie sportowe,246,8,"16,04","0,00","0,00"
2026-08-04,Search | Buty trailowe,Zainteresowania: Bieganie,348,12,"24,07","1,00","264,16"
2026-08-04,Search | Buty trailowe,Zainteresowania: Turystyka górska,88,7,"14,04","0,00","0,00"
2026-08-04,Search | Konkurencja,Odwiedzający sklep – 30 dni,108,10,"29,57","1,00","386,06"
2026-08-04,Search | Konkurencja,Na rynku: Obuwie sportowe,213,11,"32,53","0,00","0,00"
2026-08-04,Search | Konkurencja,Zainteresowania: Bieganie,248,9,"26,61","0,00","0,00"
2026-08-04,Search | Konkurencja,Zainteresowania: Turystyka górska,69,3,"8,87","0,00","0,00"
2026-08-05,Search | Brand,Odwiedzający sklep – 30 dni,34,4,"3,35","3,00","1 300,95"
2026-08-05,Search | Brand,Na rynku: Obuwie sportowe,66,12,"10,04","1,00","433,65"
2026-08-05,Search | Brand,Zainteresowania: Bieganie,72,18,"15,05","3,00","1 300,95"
2026-08-05,Search | Brand,Zainteresowania: Turystyka górska,23,8,"6,69","0,00","0,00"
2026-08-05,Search | Buty do biegania,Odwiedzający sklep – 30 dni,260,15,"29,87","2,00","631,42"
2026-08-05,Search | Buty do biegania,Na rynku: Obuwie sportowe,539,42,"83,65","2,00","631,42"
2026-08-05,Search | Buty do biegania,Zainteresowania: Bieganie,676,30,"59,75","1,00","315,71"
2026-08-05,Search | Buty do biegania,Zainteresowania: Turystyka górska,242,11,"21,91","0,00","0,00"
2026-08-05,Search | Buty trailowe,Odwiedzający sklep – 30 dni,139,4,"8,04","0,00","0,00"
2026-08-05,Search | Buty trailowe,Na rynku: Obuwie sportowe,263,22,"44,19","1,00","325,88"
2026-08-05,Search | Buty trailowe,Zainteresowania: Bieganie,321,25,"50,22","0,00","0,00"
2026-08-05,Search | Buty trailowe,Zainteresowania: Turystyka górska,119,8,"16,07","0,00","0,00"
2026-08-05,Search | Konkurencja,Odwiedzający sklep – 30 dni,99,8,"23,74","0,00","0,00"
2026-08-05,Search | Konkurencja,Na rynku: Obuwie sportowe,194,16,"47,48","2,00","878,22"
2026-08-05,Search | Konkurencja,Zainteresowania: Bieganie,262,15,"44,51","0,00","0,00"
2026-08-05,Search | Konkurencja,Zainteresowania: Turystyka górska,72,4,"11,87","0,00","0,00"
2026-08-06,Search | Brand,Odwiedzający sklep – 30 dni,29,6,"4,87","4,00","1 487,74"
2026-08-06,Search | Brand,Na rynku: Obuwie sportowe,70,16,"12,98","2,00","743,87"
2026-08-06,Search | Brand,Zainteresowania: Bieganie,80,15,"12,17","1,00","371,94"
2026-08-06,Search | Brand,Zainteresowania: Turystyka górska,24,3,"2,43","0,00","0,00"
2026-08-06,Search | Buty do biegania,Odwiedzający sklep – 30 dni,269,18,"37,37","1,00","376,82"
2026-08-06,Search | Buty do biegania,Na rynku: Obuwie sportowe,540,19,"39,45","0,00","0,00"
2026-08-06,Search | Buty do biegania,Zainteresowania: Bieganie,641,39,"80,98","1,00","376,82"
2026-08-06,Search | Buty do biegania,Zainteresowania: Turystyka górska,196,16,"33,22","0,00","0,00"
2026-08-06,Search | Buty trailowe,Odwiedzający sklep – 30 dni,128,7,"14,91","0,00","0,00"
2026-08-06,Search | Buty trailowe,Na rynku: Obuwie sportowe,267,11,"23,44","0,00","0,00"
2026-08-06,Search | Buty trailowe,Zainteresowania: Bieganie,319,19,"40,48","0,00","0,00"
2026-08-06,Search | Buty trailowe,Zainteresowania: Turystyka górska,96,4,"8,52","0,00","0,00"
2026-08-06,Search | Konkurencja,Odwiedzający sklep – 30 dni,109,4,"12,32","0,00","0,00"
2026-08-06,Search | Konkurencja,Na rynku: Obuwie sportowe,198,8,"24,64","0,00","0,00"
2026-08-06,Search | Konkurencja,Zainteresowania: Bieganie,239,10,"30,79","0,00","0,00"
2026-08-06,Search | Konkurencja,Zainteresowania: Turystyka górska,82,5,"15,40","0,00","0,00"
2026-08-07,Search | Brand,Odwiedzający sklep – 30 dni,26,6,"5,93","4,00","1 233,57"
2026-08-07,Search | Brand,Na rynku: Obuwie sportowe,53,15,"14,83","2,00","616,78"
2026-08-07,Search | Brand,Zainteresowania: Bieganie,86,19,"18,78","1,00","308,39"
2026-08-07,Search | Brand,Zainteresowania: Turystyka górska,24,3,"2,97","0,00","0,00"
2026-08-07,Search | Buty do biegania,Odwiedzający sklep – 30 dni,278,14,"26,87","1,00","318,90"
2026-08-07,Search | Buty do biegania,Na rynku: Obuwie sportowe,534,21,"40,30","2,00","637,80"
2026-08-07,Search | Buty do biegania,Zainteresowania: Bieganie,654,26,"49,90","2,00","637,80"
2026-08-07,Search | Buty do biegania,Zainteresowania: Turystyka górska,217,12,"23,03","1,00","318,90"
2026-08-07,Search | Buty trailowe,Odwiedzający sklep – 30 dni,131,6,"11,60","2,00","634,67"
2026-08-07,Search | Buty trailowe,Na rynku: Obuwie sportowe,275,12,"23,21","1,00","317,34"
2026-08-07,Search | Buty trailowe,Zainteresowania: Bieganie,329,12,"23,21","2,00","634,67"
2026-08-07,Search | Buty trailowe,Zainteresowania: Turystyka górska,110,4,"7,74","0,00","0,00"
2026-08-07,Search | Konkurencja,Odwiedzający sklep – 30 dni,108,7,"21,56","0,00","0,00"
2026-08-07,Search | Konkurencja,Na rynku: Obuwie sportowe,240,10,"30,80","0,00","0,00"
2026-08-07,Search | Konkurencja,Zainteresowania: Bieganie,309,15,"46,20","1,00","262,55"
2026-08-07,Search | Konkurencja,Zainteresowania: Turystyka górska,91,4,"12,32","0,00","0,00"
2026-08-08,Search | Brand,Odwiedzający sklep – 30 dni,20,6,"4,72","0,00","0,00"
2026-08-08,Search | Brand,Na rynku: Obuwie sportowe,58,9,"7,08","1,00","338,42"
2026-08-08,Search | Brand,Zainteresowania: Bieganie,56,13,"10,23","4,00","1 353,67"
2026-08-08,Search | Brand,Zainteresowania: Turystyka górska,22,5,"3,93","0,00","0,00"
2026-08-08,Search | Buty do biegania,Odwiedzający sklep – 30 dni,210,9,"17,47","1,00","328,32"
2026-08-08,Search | Buty do biegania,Na rynku: Obuwie sportowe,499,33,"64,05","1,00","328,32"
2026-08-08,Search | Buty do biegania,Zainteresowania: Bieganie,557,31,"60,17","4,00","1 313,26"
2026-08-08,Search | Buty do biegania,Zainteresowania: Turystyka górska,201,10,"19,41","0,00","0,00"
2026-08-08,Search | Buty trailowe,Odwiedzający sklep – 30 dni,103,5,"10,21","1,00","399,31"
2026-08-08,Search | Buty trailowe,Na rynku: Obuwie sportowe,215,16,"32,67","2,00","798,62"
2026-08-08,Search | Buty trailowe,Zainteresowania: Bieganie,240,18,"36,75","1,00","399,31"
2026-08-08,Search | Buty trailowe,Zainteresowania: Turystyka górska,79,5,"10,21","0,00","0,00"
2026-08-08,Search | Konkurencja,Odwiedzający sklep – 30 dni,84,3,"8,41","0,00","0,00"
2026-08-08,Search | Konkurencja,Na rynku: Obuwie sportowe,195,8,"22,41","0,00","0,00"
2026-08-08,Search | Konkurencja,Zainteresowania: Bieganie,214,5,"14,01","1,00","332,02"
2026-08-08,Search | Konkurencja,Zainteresowania: Turystyka górska,69,3,"8,41","0,00","0,00"
2026-08-09,Search | Brand,Odwiedzający sklep – 30 dni,27,7,"5,82","4,00","1 464,55"
2026-08-09,Search | Brand,Na rynku: Obuwie sportowe,68,14,"11,65","1,00","366,14"
2026-08-09,Search | Brand,Zainteresowania: Bieganie,62,19,"15,81","0,00","0,00"
2026-08-09,Search | Brand,Zainteresowania: Turystyka górska,22,2,"1,66","1,00","366,14"
2026-08-09,Search | Buty do biegania,Odwiedzający sklep – 30 dni,227,10,"19,54","0,00","0,00"
2026-08-09,Search | Buty do biegania,Na rynku: Obuwie sportowe,498,28,"54,70","2,00","776,48"
2026-08-09,Search | Buty do biegania,Zainteresowania: Bieganie,570,42,"82,05","1,00","388,24"
2026-08-09,Search | Buty do biegania,Zainteresowania: Turystyka górska,195,14,"27,35","1,00","388,24"
2026-08-09,Search | Buty trailowe,Odwiedzający sklep – 30 dni,102,7,"14,42","0,00","0,00"
2026-08-09,Search | Buty trailowe,Na rynku: Obuwie sportowe,219,8,"16,48","0,00","0,00"
2026-08-09,Search | Buty trailowe,Zainteresowania: Bieganie,240,14,"28,83","0,00","0,00"
2026-08-09,Search | Buty trailowe,Zainteresowania: Turystyka górska,78,4,"8,24","0,00","0,00"
2026-08-09,Search | Konkurencja,Odwiedzający sklep – 30 dni,96,1,"3,07","0,00","0,00"
2026-08-09,Search | Konkurencja,Na rynku: Obuwie sportowe,183,6,"18,41","0,00","0,00"
2026-08-09,Search | Konkurencja,Zainteresowania: Bieganie,207,10,"30,69","0,00","0,00"
2026-08-09,Search | Konkurencja,Zainteresowania: Turystyka górska,77,6,"18,41","0,00","0,00"
2026-08-10,Search | Brand,Odwiedzający sklep – 30 dni,25,6,"4,43","0,00","0,00"
2026-08-10,Search | Brand,Na rynku: Obuwie sportowe,63,22,"16,25","2,00","551,84"
2026-08-10,Search | Brand,Zainteresowania: Bieganie,81,26,"19,20","1,00","275,92"
2026-08-10,Search | Brand,Zainteresowania: Turystyka górska,22,14,"10,34","0,00","0,00"
2026-08-10,Search | Buty do biegania,Odwiedzający sklep – 30 dni,235,13,"25,78","0,00","0,00"
2026-08-10,Search | Buty do biegania,Na rynku: Obuwie sportowe,537,34,"67,43","0,00","0,00"
2026-08-10,Search | Buty do biegania,Zainteresowania: Bieganie,623,45,"89,25","2,00","573,35"
2026-08-10,Search | Buty do biegania,Zainteresowania: Turystyka górska,221,12,"23,80","0,00","0,00"
2026-08-10,Search | Buty trailowe,Odwiedzający sklep – 30 dni,115,5,"10,53","2,00","560,08"
2026-08-10,Search | Buty trailowe,Na rynku: Obuwie sportowe,242,9,"18,96","3,00","840,13"
2026-08-10,Search | Buty trailowe,Zainteresowania: Bieganie,301,16,"33,70","3,00","840,13"
2026-08-10,Search | Buty trailowe,Zainteresowania: Turystyka górska,113,3,"6,32","0,00","0,00"
2026-08-10,Search | Konkurencja,Odwiedzający sklep – 30 dni,110,9,"25,43","0,00","0,00"
2026-08-10,Search | Konkurencja,Na rynku: Obuwie sportowe,218,10,"28,26","0,00","0,00"
2026-08-10,Search | Konkurencja,Zainteresowania: Bieganie,275,12,"33,91","0,00","0,00"
2026-08-10,Search | Konkurencja,Zainteresowania: Turystyka górska,84,8,"22,61","0,00","0,00"
2026-08-11,Search | Brand,Odwiedzający sklep – 30 dni,24,11,"8,68","5,00","1 977,62"
2026-08-11,Search | Brand,Na rynku: Obuwie sportowe,71,14,"11,05","5,00","1 977,62"
2026-08-11,Search | Brand,Zainteresowania: Bieganie,78,18,"14,21","4,00","1 582,09"
2026-08-11,Search | Brand,Zainteresowania: Turystyka górska,24,6,"4,74","0,00","0,00"
2026-08-11,Search | Buty do biegania,Odwiedzający sklep – 30 dni,269,10,"21,26","2,00","678,03"
2026-08-11,Search | Buty do biegania,Na rynku: Obuwie sportowe,557,24,"51,02","1,00","339,01"
2026-08-11,Search | Buty do biegania,Zainteresowania: Bieganie,727,41,"87,15","2,00","678,03"
2026-08-11,Search | Buty do biegania,Zainteresowania: Turystyka górska,209,14,"29,76","0,00","0,00"
2026-08-11,Search | Buty trailowe,Odwiedzający sklep – 30 dni,124,6,"11,40","0,00","0,00"
2026-08-11,Search | Buty trailowe,Na rynku: Obuwie sportowe,294,10,"19,00","1,00","379,98"
2026-08-11,Search | Buty trailowe,Zainteresowania: Bieganie,299,8,"15,20","0,00","0,00"
2026-08-11,Search | Buty trailowe,Zainteresowania: Turystyka górska,108,4,"7,60","0,00","0,00"
2026-08-11,Search | Konkurencja,Odwiedzający sklep – 30 dni,107,6,"17,49","0,00","0,00"
2026-08-11,Search | Konkurencja,Na rynku: Obuwie sportowe,203,8,"23,33","0,00","0,00"
2026-08-11,Search | Konkurencja,Zainteresowania: Bieganie,250,12,"34,99","0,00","0,00"
2026-08-11,Search | Konkurencja,Zainteresowania: Turystyka górska,84,9,"26,24","0,00","0,00"
2026-08-12,Search | Brand,Odwiedzający sklep – 30 dni,27,3,"2,71","1,00","339,49"
2026-08-12,Search | Brand,Na rynku: Obuwie sportowe,74,18,"16,26","0,00","0,00"
2026-08-12,Search | Brand,Zainteresowania: Bieganie,83,16,"14,45","1,00","339,49"
2026-08-12,Search | Brand,Zainteresowania: Turystyka górska,29,5,"4,52","0,00","0,00"
2026-08-12,Search | Buty do biegania,Odwiedzający sklep – 30 dni,266,20,"38,37","2,00","776,48"
2026-08-12,Search | Buty do biegania,Na rynku: Obuwie sportowe,561,31,"59,47","3,00","1 164,72"
2026-08-12,Search | Buty do biegania,Zainteresowania: Bieganie,684,38,"72,90","4,00","1 552,97"
2026-08-12,Search | Buty do biegania,Zainteresowania: Turystyka górska,234,12,"23,02","0,00","0,00"
2026-08-12,Search | Buty trailowe,Odwiedzający sklep – 30 dni,137,7,"13,86","0,00","0,00"
2026-08-12,Search | Buty trailowe,Na rynku: Obuwie sportowe,273,9,"17,82","0,00","0,00"
2026-08-12,Search | Buty trailowe,Zainteresowania: Bieganie,346,16,"31,68","0,00","0,00"
2026-08-12,Search | Buty trailowe,Zainteresowania: Turystyka górska,125,11,"21,78","0,00","0,00"
2026-08-12,Search | Konkurencja,Odwiedzający sklep – 30 dni,120,4,"11,05","2,00","538,70"
2026-08-12,Search | Konkurencja,Na rynku: Obuwie sportowe,207,10,"27,62","0,00","0,00"
2026-08-12,Search | Konkurencja,Zainteresowania: Bieganie,288,23,"63,53","1,00","269,35"
2026-08-12,Search | Konkurencja,Zainteresowania: Turystyka górska,83,7,"19,34","0,00","0,00"
2026-08-13,Search | Brand,Odwiedzający sklep – 30 dni,40,11,"10,33","3,00","1 228,57"
2026-08-13,Search | Brand,Na rynku: Obuwie sportowe,62,17,"15,96","1,00","409,52"
2026-08-13,Search | Brand,Zainteresowania: Bieganie,91,26,"24,41","2,00","819,05"
2026-08-13,Search | Brand,Zainteresowania: Turystyka górska,17,9,"8,45","2,00","819,05"
2026-08-13,Search | Buty do biegania,Odwiedzający sklep – 30 dni,265,13,"24,25","1,00","339,49"
2026-08-13,Search | Buty do biegania,Na rynku: Obuwie sportowe,523,27,"50,37","1,00","339,49"
2026-08-13,Search | Buty do biegania,Zainteresowania: Bieganie,661,29,"54,10","0,00","0,00"
2026-08-13,Search | Buty do biegania,Zainteresowania: Turystyka górska,231,11,"20,52","0,00","0,00"
2026-08-13,Search | Buty trailowe,Odwiedzający sklep – 30 dni,130,7,"13,63","1,00","378,76"
2026-08-13,Search | Buty trailowe,Na rynku: Obuwie sportowe,281,17,"33,10","2,00","757,52"
2026-08-13,Search | Buty trailowe,Zainteresowania: Bieganie,325,17,"33,10","2,00","757,52"
2026-08-13,Search | Buty trailowe,Zainteresowania: Turystyka górska,116,6,"11,68","0,00","0,00"
2026-08-13,Search | Konkurencja,Odwiedzający sklep – 30 dni,98,5,"15,78","0,00","0,00"
2026-08-13,Search | Konkurencja,Na rynku: Obuwie sportowe,217,6,"18,94","0,00","0,00"
2026-08-13,Search | Konkurencja,Zainteresowania: Bieganie,270,7,"22,10","0,00","0,00"
2026-08-13,Search | Konkurencja,Zainteresowania: Turystyka górska,107,4,"12,63","0,00","0,00"
2026-08-14,Search | Brand,Odwiedzający sklep – 30 dni,30,5,"4,18","1,00","261,77"
2026-08-14,Search | Brand,Na rynku: Obuwie sportowe,60,8,"6,69","3,00","785,32"
2026-08-14,Search | Brand,Zainteresowania: Bieganie,79,18,"15,06","2,00","523,55"
2026-08-14,Search | Brand,Zainteresowania: Turystyka górska,25,4,"3,35","0,00","0,00"
2026-08-14,Search | Buty do biegania,Odwiedzający sklep – 30 dni,242,12,"23,22","2,00","617,58"
2026-08-14,Search | Buty do biegania,Na rynku: Obuwie sportowe,556,31,"60,00","3,00","926,37"
2026-08-14,Search | Buty do biegania,Zainteresowania: Bieganie,666,33,"63,87","1,00","308,79"
2026-08-14,Search | Buty do biegania,Zainteresowania: Turystyka górska,219,9,"17,42","0,00","0,00"
2026-08-14,Search | Buty trailowe,Odwiedzający sklep – 30 dni,117,2,"4,34","0,00","0,00"
2026-08-14,Search | Buty trailowe,Na rynku: Obuwie sportowe,301,9,"19,51","0,00","0,00"
2026-08-14,Search | Buty trailowe,Zainteresowania: Bieganie,354,9,"19,51","0,00","0,00"
2026-08-14,Search | Buty trailowe,Zainteresowania: Turystyka górska,111,4,"8,67","0,00","0,00"
2026-08-14,Search | Konkurencja,Odwiedzający sklep – 30 dni,119,2,"5,54","0,00","0,00"
2026-08-14,Search | Konkurencja,Na rynku: Obuwie sportowe,241,12,"33,22","0,00","0,00"
2026-08-14,Search | Konkurencja,Zainteresowania: Bieganie,287,16,"44,30","0,00","0,00"
2026-08-14,Search | Konkurencja,Zainteresowania: Turystyka górska,94,6,"16,61","0,00","0,00"
2026-08-15,Search | Brand,Odwiedzający sklep – 30 dni,32,2,"1,60","1,00","277,37"
2026-08-15,Search | Brand,Na rynku: Obuwie sportowe,45,15,"12,04","1,00","277,37"
2026-08-15,Search | Brand,Zainteresowania: Bieganie,66,15,"12,04","0,00","0,00"
2026-08-15,Search | Brand,Zainteresowania: Turystyka górska,26,6,"4,81","1,00","277,37"
2026-08-15,Search | Buty do biegania,Odwiedzający sklep – 30 dni,256,13,"29,45","1,00","352,77"
2026-08-15,Search | Buty do biegania,Na rynku: Obuwie sportowe,520,19,"43,04","1,00","352,77"
2026-08-15,Search | Buty do biegania,Zainteresowania: Bieganie,580,28,"63,42","1,00","352,77"
2026-08-15,Search | Buty do biegania,Zainteresowania: Turystyka górska,195,7,"15,86","0,00","0,00"
2026-08-15,Search | Buty trailowe,Odwiedzający sklep – 30 dni,119,5,"10,34","1,00","389,18"
2026-08-15,Search | Buty trailowe,Na rynku: Obuwie sportowe,254,5,"10,34","0,00","0,00"
2026-08-15,Search | Buty trailowe,Zainteresowania: Bieganie,291,11,"22,76","0,00","0,00"
2026-08-15,Search | Buty trailowe,Zainteresowania: Turystyka górska,79,6,"12,41","0,00","0,00"
2026-08-15,Search | Konkurencja,Odwiedzający sklep – 30 dni,99,3,"8,39","0,00","0,00"
2026-08-15,Search | Konkurencja,Na rynku: Obuwie sportowe,208,4,"11,18","0,00","0,00"
2026-08-15,Search | Konkurencja,Zainteresowania: Bieganie,220,7,"19,57","0,00","0,00"
2026-08-15,Search | Konkurencja,Zainteresowania: Turystyka górska,77,2,"5,59","0,00","0,00"
2026-08-16,Search | Brand,Odwiedzający sklep – 30 dni,21,9,"7,86","0,00","0,00"
2026-08-16,Search | Brand,Na rynku: Obuwie sportowe,52,14,"12,22","1,00","346,74"
2026-08-16,Search | Brand,Zainteresowania: Bieganie,72,14,"12,22","0,00","0,00"
2026-08-16,Search | Brand,Zainteresowania: Turystyka górska,23,3,"2,62","0,00","0,00"
2026-08-16,Search | Buty do biegania,Odwiedzający sklep – 30 dni,237,14,"28,85","3,00","944,12"
2026-08-16,Search | Buty do biegania,Na rynku: Obuwie sportowe,455,18,"37,10","2,00","629,41"
2026-08-16,Search | Buty do biegania,Zainteresowania: Bieganie,586,28,"57,70","0,00","0,00"
2026-08-16,Search | Buty do biegania,Zainteresowania: Turystyka górska,202,6,"12,37","0,00","0,00"
2026-08-16,Search | Buty trailowe,Odwiedzający sklep – 30 dni,130,2,"3,96","0,00","0,00"
2026-08-16,Search | Buty trailowe,Na rynku: Obuwie sportowe,223,4,"7,92","1,00","331,83"
2026-08-16,Search | Buty trailowe,Zainteresowania: Bieganie,263,5,"9,90","1,00","331,83"
2026-08-16,Search | Buty trailowe,Zainteresowania: Turystyka górska,88,3,"5,94","0,00","0,00"
2026-08-16,Search | Konkurencja,Odwiedzający sklep – 30 dni,103,4,"11,97","0,00","0,00"
2026-08-16,Search | Konkurencja,Na rynku: Obuwie sportowe,232,12,"35,91","0,00","0,00"
2026-08-16,Search | Konkurencja,Zainteresowania: Bieganie,245,10,"29,92","0,00","0,00"
2026-08-16,Search | Konkurencja,Zainteresowania: Turystyka górska,86,4,"11,97","0,00","0,00"
2026-08-17,Search | Brand,Odwiedzający sklep – 30 dni,27,9,"7,58","1,00","348,28"
2026-08-17,Search | Brand,Na rynku: Obuwie sportowe,71,17,"14,32","1,00","348,28"
2026-08-17,Search | Brand,Zainteresowania: Bieganie,74,31,"26,12","1,00","348,28"
2026-08-17,Search | Brand,Zainteresowania: Turystyka górska,23,6,"5,05","0,00","0,00"
2026-08-17,Search | Buty do biegania,Odwiedzający sklep – 30 dni,256,11,"20,86","0,00","0,00"
2026-08-17,Search | Buty do biegania,Na rynku: Obuwie sportowe,613,28,"53,11","0,00","0,00"
2026-08-17,Search | Buty do biegania,Zainteresowania: Bieganie,712,28,"53,11","1,00","393,16"
2026-08-17,Search | Buty do biegania,Zainteresowania: Turystyka górska,214,10,"18,97","0,00","0,00"
2026-08-17,Search | Buty trailowe,Odwiedzający sklep – 30 dni,132,6,"12,00","2,00","649,45"
2026-08-17,Search | Buty trailowe,Na rynku: Obuwie sportowe,277,13,"26,00","1,00","324,73"
2026-08-17,Search | Buty trailowe,Zainteresowania: Bieganie,335,18,"36,00","0,00","0,00"
2026-08-17,Search | Buty trailowe,Zainteresowania: Turystyka górska,98,2,"4,00","0,00","0,00"
2026-08-17,Search | Konkurencja,Odwiedzający sklep – 30 dni,115,1,"2,61","0,00","0,00"
2026-08-17,Search | Konkurencja,Na rynku: Obuwie sportowe,260,8,"20,91","0,00","0,00"
2026-08-17,Search | Konkurencja,Zainteresowania: Bieganie,284,10,"26,14","0,00","0,00"
2026-08-17,Search | Konkurencja,Zainteresowania: Turystyka górska,95,4,"10,46","0,00","0,00"
2026-08-18,Search | Brand,Odwiedzający sklep – 30 dni,33,7,"6,75","0,00","0,00"
2026-08-18,Search | Brand,Na rynku: Obuwie sportowe,65,20,"19,29","0,00","0,00"
2026-08-18,Search | Brand,Zainteresowania: Bieganie,94,25,"24,11","1,00","318,29"
2026-08-18,Search | Brand,Zainteresowania: Turystyka górska,19,8,"7,72","2,00","636,58"
2026-08-18,Search | Buty do biegania,Odwiedzający sklep – 30 dni,276,10,"19,48","1,00","355,37"
2026-08-18,Search | Buty do biegania,Na rynku: Obuwie sportowe,584,31,"60,39","1,00","355,37"
2026-08-18,Search | Buty do biegania,Zainteresowania: Bieganie,682,23,"44,80","0,00","0,00"
2026-08-18,Search | Buty do biegania,Zainteresowania: Turystyka górska,240,8,"15,58","0,00","0,00"
2026-08-18,Search | Buty trailowe,Odwiedzający sklep – 30 dni,120,11,"20,23","0,00","0,00"
2026-08-18,Search | Buty trailowe,Na rynku: Obuwie sportowe,226,11,"20,23","0,00","0,00"
2026-08-18,Search | Buty trailowe,Zainteresowania: Bieganie,308,17,"31,26","0,00","0,00"
2026-08-18,Search | Buty trailowe,Zainteresowania: Turystyka górska,111,6,"11,03","0,00","0,00"
2026-08-18,Search | Konkurencja,Odwiedzający sklep – 30 dni,128,11,"30,95","2,00","704,85"
2026-08-18,Search | Konkurencja,Na rynku: Obuwie sportowe,236,6,"16,88","0,00","0,00"
2026-08-18,Search | Konkurencja,Zainteresowania: Bieganie,311,10,"28,13","0,00","0,00"
2026-08-18,Search | Konkurencja,Zainteresowania: Turystyka górska,92,2,"5,63","0,00","0,00"
2026-08-19,Search | Brand,Odwiedzający sklep – 30 dni,33,7,"5,67","1,00","408,90"
2026-08-19,Search | Brand,Na rynku: Obuwie sportowe,52,14,"11,33","0,00","0,00"
2026-08-19,Search | Brand,Zainteresowania: Bieganie,94,26,"21,04","3,00","1 226,69"
2026-08-19,Search | Brand,Zainteresowania: Turystyka górska,29,7,"5,67","0,00","0,00"
2026-08-19,Search | Buty do biegania,Odwiedzający sklep – 30 dni,269,9,"17,55","0,00","0,00"
2026-08-19,Search | Buty do biegania,Na rynku: Obuwie sportowe,602,31,"60,44","0,00","0,00"
2026-08-19,Search | Buty do biegania,Zainteresowania: Bieganie,706,45,"87,73","1,00","361,28"
2026-08-19,Search | Buty do biegania,Zainteresowania: Turystyka górska,212,14,"27,29","0,00","0,00"
2026-08-19,Search | Buty trailowe,Odwiedzający sklep – 30 dni,125,2,"4,09","0,00","0,00"
2026-08-19,Search | Buty trailowe,Na rynku: Obuwie sportowe,254,15,"30,67","0,00","0,00"
2026-08-19,Search | Buty trailowe,Zainteresowania: Bieganie,327,22,"44,98","1,00","385,85"
2026-08-19,Search | Buty trailowe,Zainteresowania: Turystyka górska,88,7,"14,31","0,00","0,00"
2026-08-19,Search | Konkurencja,Odwiedzający sklep – 30 dni,93,4,"11,09","0,00","0,00"
2026-08-19,Search | Konkurencja,Na rynku: Obuwie sportowe,230,8,"22,18","1,00","295,46"
2026-08-19,Search | Konkurencja,Zainteresowania: Bieganie,247,12,"33,27","2,00","590,92"
2026-08-19,Search | Konkurencja,Zainteresowania: Turystyka górska,91,7,"19,41","0,00","0,00"
2026-08-20,Search | Brand,Odwiedzający sklep – 30 dni,43,10,"7,39","0,00","0,00"
2026-08-20,Search | Brand,Na rynku: Obuwie sportowe,75,15,"11,09","2,00","767,04"
2026-08-20,Search | Brand,Zainteresowania: Bieganie,88,25,"18,48","3,00","1 150,57"
2026-08-20,Search | Brand,Zainteresowania: Turystyka górska,23,13,"9,61","1,00","383,52"
2026-08-20,Search | Buty do biegania,Odwiedzający sklep – 30 dni,277,15,"29,84","0,00","0,00"
2026-08-20,Search | Buty do biegania,Na rynku: Obuwie sportowe,534,37,"73,60","1,00","315,79"
2026-08-20,Search | Buty do biegania,Zainteresowania: Bieganie,694,39,"77,58","1,00","315,79"
2026-08-20,Search | Buty do biegania,Zainteresowania: Turystyka górska,203,7,"13,92","0,00","0,00"
2026-08-20,Search | Buty trailowe,Odwiedzający sklep – 30 dni,111,4,"8,30","0,00","0,00"
2026-08-20,Search | Buty trailowe,Na rynku: Obuwie sportowe,267,14,"29,03","0,00","0,00"
2026-08-20,Search | Buty trailowe,Zainteresowania: Bieganie,308,15,"31,11","1,00","402,81"
2026-08-20,Search | Buty trailowe,Zainteresowania: Turystyka górska,118,2,"4,15","0,00","0,00"
2026-08-20,Search | Konkurencja,Odwiedzający sklep – 30 dni,127,2,"5,84","0,00","0,00"
2026-08-20,Search | Konkurencja,Na rynku: Obuwie sportowe,246,12,"35,05","0,00","0,00"
2026-08-20,Search | Konkurencja,Zainteresowania: Bieganie,283,14,"40,90","0,00","0,00"
2026-08-20,Search | Konkurencja,Zainteresowania: Turystyka górska,87,2,"5,84","0,00","0,00"
2026-08-21,Search | Brand,Odwiedzający sklep – 30 dni,36,5,"4,31","2,00","678,96"
2026-08-21,Search | Brand,Na rynku: Obuwie sportowe,69,15,"12,92","2,00","678,96"
2026-08-21,Search | Brand,Zainteresowania: Bieganie,73,29,"24,97","2,00","678,96"
2026-08-21,Search | Brand,Zainteresowania: Turystyka górska,32,7,"6,03","2,00","678,96"
2026-08-21,Search | Buty do biegania,Odwiedzający sklep – 30 dni,277,10,"19,71","1,00","352,18"
2026-08-21,Search | Buty do biegania,Na rynku: Obuwie sportowe,543,26,"51,24","0,00","0,00"
2026-08-21,Search | Buty do biegania,Zainteresowania: Bieganie,680,39,"76,85","2,00","704,37"
2026-08-21,Search | Buty do biegania,Zainteresowania: Turystyka górska,207,13,"25,62","0,00","0,00"
2026-08-21,Search | Buty trailowe,Odwiedzający sklep – 30 dni,138,7,"14,41","0,00","0,00"
2026-08-21,Search | Buty trailowe,Na rynku: Obuwie sportowe,251,13,"26,77","1,00","423,52"
2026-08-21,Search | Buty trailowe,Zainteresowania: Bieganie,320,22,"45,30","1,00","423,52"
2026-08-21,Search | Buty trailowe,Zainteresowania: Turystyka górska,101,4,"8,24","0,00","0,00"
2026-08-21,Search | Konkurencja,Odwiedzający sklep – 30 dni,122,7,"20,24","0,00","0,00"
2026-08-21,Search | Konkurencja,Na rynku: Obuwie sportowe,219,14,"40,48","1,00","356,63"
2026-08-21,Search | Konkurencja,Zainteresowania: Bieganie,296,12,"34,70","0,00","0,00"
2026-08-21,Search | Konkurencja,Zainteresowania: Turystyka górska,99,7,"20,24","0,00","0,00"
2026-08-22,Search | Brand,Odwiedzający sklep – 30 dni,33,9,"7,46","2,00","710,44"
2026-08-22,Search | Brand,Na rynku: Obuwie sportowe,63,10,"8,29","1,00","355,22"
2026-08-22,Search | Brand,Zainteresowania: Bieganie,67,20,"16,58","1,00","355,22"
2026-08-22,Search | Brand,Zainteresowania: Turystyka górska,30,7,"5,80","0,00","0,00"
2026-08-22,Search | Buty do biegania,Odwiedzający sklep – 30 dni,243,10,"18,80","1,00","316,08"
2026-08-22,Search | Buty do biegania,Na rynku: Obuwie sportowe,520,25,"46,99","1,00","316,08"
2026-08-22,Search | Buty do biegania,Zainteresowania: Bieganie,611,31,"58,27","0,00","0,00"
2026-08-22,Search | Buty do biegania,Zainteresowania: Turystyka górska,215,9,"16,92","0,00","0,00"
2026-08-22,Search | Buty trailowe,Odwiedzający sklep – 30 dni,110,6,"12,15","0,00","0,00"
2026-08-22,Search | Buty trailowe,Na rynku: Obuwie sportowe,225,13,"26,32","0,00","0,00"
2026-08-22,Search | Buty trailowe,Zainteresowania: Bieganie,279,14,"28,34","0,00","0,00"
2026-08-22,Search | Buty trailowe,Zainteresowania: Turystyka górska,92,5,"10,12","0,00","0,00"
2026-08-22,Search | Konkurencja,Odwiedzający sklep – 30 dni,103,1,"2,74","0,00","0,00"
2026-08-22,Search | Konkurencja,Na rynku: Obuwie sportowe,216,9,"24,66","0,00","0,00"
2026-08-22,Search | Konkurencja,Zainteresowania: Bieganie,245,16,"43,84","0,00","0,00"
2026-08-22,Search | Konkurencja,Zainteresowania: Turystyka górska,86,2,"5,48","0,00","0,00"
2026-08-23,Search | Brand,Odwiedzający sklep – 30 dni,17,6,"4,86","1,00","362,20"
2026-08-23,Search | Brand,Na rynku: Obuwie sportowe,57,11,"8,91","0,00","0,00"
2026-08-23,Search | Brand,Zainteresowania: Bieganie,55,13,"10,53","1,00","362,20"
2026-08-23,Search | Brand,Zainteresowania: Turystyka górska,22,3,"2,43","0,00","0,00"
2026-08-23,Search | Buty do biegania,Odwiedzający sklep – 30 dni,258,12,"25,35","1,00","335,14"
2026-08-23,Search | Buty do biegania,Na rynku: Obuwie sportowe,493,22,"46,47","2,00","670,27"
2026-08-23,Search | Buty do biegania,Zainteresowania: Bieganie,588,43,"90,83","2,00","670,27"
2026-08-23,Search | Buty do biegania,Zainteresowania: Turystyka górska,206,14,"29,57","0,00","0,00"
2026-08-23,Search | Buty trailowe,Odwiedzający sklep – 30 dni,111,1,"1,88","0,00","0,00"
2026-08-23,Search | Buty trailowe,Na rynku: Obuwie sportowe,272,12,"22,58","0,00","0,00"
2026-08-23,Search | Buty trailowe,Zainteresowania: Bieganie,298,8,"15,05","0,00","0,00"
2026-08-23,Search | Buty trailowe,Zainteresowania: Turystyka górska,102,2,"3,76","0,00","0,00"
2026-08-23,Search | Konkurencja,Odwiedzający sklep – 30 dni,104,0,"0,00","0,00","0,00"
2026-08-23,Search | Konkurencja,Na rynku: Obuwie sportowe,190,13,"36,03","0,00","0,00"
2026-08-23,Search | Konkurencja,Zainteresowania: Bieganie,258,11,"30,49","0,00","0,00"
2026-08-23,Search | Konkurencja,Zainteresowania: Turystyka górska,98,3,"8,32","0,00","0,00"
2026-08-24,Search | Brand,Odwiedzający sklep – 30 dni,24,5,"4,67","1,00","356,70"
2026-08-24,Search | Brand,Na rynku: Obuwie sportowe,74,17,"15,87","3,00","1 070,11"
2026-08-24,Search | Brand,Zainteresowania: Bieganie,83,15,"14,01","1,00","356,70"
2026-08-24,Search | Brand,Zainteresowania: Turystyka górska,24,5,"4,67","1,00","356,70"
2026-08-24,Search | Buty do biegania,Odwiedzający sklep – 30 dni,270,12,"23,68","2,00","733,49"
2026-08-24,Search | Buty do biegania,Na rynku: Obuwie sportowe,600,35,"69,06","2,00","733,49"
2026-08-24,Search | Buty do biegania,Zainteresowania: Bieganie,709,39,"76,95","3,00","1 100,24"
2026-08-24,Search | Buty do biegania,Zainteresowania: Turystyka górska,247,15,"29,60","0,00","0,00"
2026-08-24,Search | Buty trailowe,Odwiedzający sklep – 30 dni,142,7,"14,85","0,00","0,00"
2026-08-24,Search | Buty trailowe,Na rynku: Obuwie sportowe,231,18,"38,19","0,00","0,00"
2026-08-24,Search | Buty trailowe,Zainteresowania: Bieganie,341,11,"23,34","0,00","0,00"
2026-08-24,Search | Buty trailowe,Zainteresowania: Turystyka górska,122,6,"12,73","0,00","0,00"
2026-08-24,Search | Konkurencja,Odwiedzający sklep – 30 dni,93,3,"8,06","0,00","0,00"
2026-08-24,Search | Konkurencja,Na rynku: Obuwie sportowe,220,12,"32,24","0,00","0,00"
2026-08-24,Search | Konkurencja,Zainteresowania: Bieganie,272,18,"48,36","0,00","0,00"
2026-08-24,Search | Konkurencja,Zainteresowania: Turystyka górska,101,3,"8,06","0,00","0,00"
2026-08-25,Search | Brand,Odwiedzający sklep – 30 dni,28,9,"7,14","3,00","1 176,11"
2026-08-25,Search | Brand,Na rynku: Obuwie sportowe,65,14,"11,11","3,00","1 176,11"
2026-08-25,Search | Brand,Zainteresowania: Bieganie,66,26,"20,63","4,00","1 568,14"
2026-08-25,Search | Brand,Zainteresowania: Turystyka górska,18,14,"11,11","1,00","392,04"
2026-08-25,Search | Buty do biegania,Odwiedzający sklep – 30 dni,299,16,"31,08","2,00","733,25"
2026-08-25,Search | Buty do biegania,Na rynku: Obuwie sportowe,544,26,"50,51","2,00","733,25"
2026-08-25,Search | Buty do biegania,Zainteresowania: Bieganie,702,35,"67,99","1,00","366,62"
2026-08-25,Search | Buty do biegania,Zainteresowania: Turystyka górska,250,12,"23,31","0,00","0,00"
2026-08-25,Search | Buty trailowe,Odwiedzający sklep – 30 dni,139,7,"15,49","0,00","0,00"
2026-08-25,Search | Buty trailowe,Na rynku: Obuwie sportowe,265,14,"30,98","0,00","0,00"
2026-08-25,Search | Buty trailowe,Zainteresowania: Bieganie,330,18,"39,83","0,00","0,00"
2026-08-25,Search | Buty trailowe,Zainteresowania: Turystyka górska,107,5,"11,06","0,00","0,00"
2026-08-25,Search | Konkurencja,Odwiedzający sklep – 30 dni,126,5,"15,28","0,00","0,00"
2026-08-25,Search | Konkurencja,Na rynku: Obuwie sportowe,235,13,"39,73","1,00","273,39"
2026-08-25,Search | Konkurencja,Zainteresowania: Bieganie,276,15,"45,84","0,00","0,00"
2026-08-25,Search | Konkurencja,Zainteresowania: Turystyka górska,97,4,"12,22","0,00","0,00"
2026-08-26,Search | Brand,Odwiedzający sklep – 30 dni,43,5,"4,00","3,00","1 064,47"
2026-08-26,Search | Brand,Na rynku: Obuwie sportowe,76,14,"11,21","1,00","354,82"
2026-08-26,Search | Brand,Zainteresowania: Bieganie,83,25,"20,02","6,00","2 128,94"
2026-08-26,Search | Brand,Zainteresowania: Turystyka górska,26,11,"8,81","0,00","0,00"
2026-08-26,Search | Buty do biegania,Odwiedzający sklep – 30 dni,266,11,"22,09","4,00","1 283,48"
2026-08-26,Search | Buty do biegania,Na rynku: Obuwie sportowe,586,34,"68,27","1,00","320,87"
2026-08-26,Search | Buty do biegania,Zainteresowania: Bieganie,740,38,"76,30","1,00","320,87"
2026-08-26,Search | Buty do biegania,Zainteresowania: Turystyka górska,244,8,"16,06","0,00","0,00"
2026-08-26,Search | Buty trailowe,Odwiedzający sklep – 30 dni,145,8,"15,36","0,00","0,00"
2026-08-26,Search | Buty trailowe,Na rynku: Obuwie sportowe,291,11,"21,12","0,00","0,00"
2026-08-26,Search | Buty trailowe,Zainteresowania: Bieganie,327,9,"17,28","0,00","0,00"
2026-08-26,Search | Buty trailowe,Zainteresowania: Turystyka górska,100,7,"13,44","0,00","0,00"
2026-08-26,Search | Konkurencja,Odwiedzający sklep – 30 dni,99,6,"15,69","0,00","0,00"
2026-08-26,Search | Konkurencja,Na rynku: Obuwie sportowe,218,13,"33,99","0,00","0,00"
2026-08-26,Search | Konkurencja,Zainteresowania: Bieganie,251,15,"39,22","0,00","0,00"
2026-08-26,Search | Konkurencja,Zainteresowania: Turystyka górska,72,4,"10,46","0,00","0,00"
2026-08-27,Search | Brand,Odwiedzający sklep – 30 dni,31,9,"7,39","3,00","983,81"
2026-08-27,Search | Brand,Na rynku: Obuwie sportowe,66,23,"18,89","3,00","983,81"
2026-08-27,Search | Brand,Zainteresowania: Bieganie,83,25,"20,53","0,00","0,00"
2026-08-27,Search | Brand,Zainteresowania: Turystyka górska,35,11,"9,04","0,00","0,00"
2026-08-27,Search | Buty do biegania,Odwiedzający sklep – 30 dni,285,12,"23,44","0,00","0,00"
2026-08-27,Search | Buty do biegania,Na rynku: Obuwie sportowe,606,26,"50,78","1,00","354,90"
2026-08-27,Search | Buty do biegania,Zainteresowania: Bieganie,686,43,"83,99","1,00","354,90"
2026-08-27,Search | Buty do biegania,Zainteresowania: Turystyka górska,226,7,"13,67","0,00","0,00"
2026-08-27,Search | Buty trailowe,Odwiedzający sklep – 30 dni,154,5,"9,96","1,00","375,09"
2026-08-27,Search | Buty trailowe,Na rynku: Obuwie sportowe,268,13,"25,88","0,00","0,00"
2026-08-27,Search | Buty trailowe,Zainteresowania: Bieganie,336,21,"41,81","2,00","750,19"
2026-08-27,Search | Buty trailowe,Zainteresowania: Turystyka górska,127,8,"15,93","0,00","0,00"
2026-08-27,Search | Konkurencja,Odwiedzający sklep – 30 dni,117,4,"10,93","0,00","0,00"
2026-08-27,Search | Konkurencja,Na rynku: Obuwie sportowe,258,10,"27,33","0,00","0,00"
2026-08-27,Search | Konkurencja,Zainteresowania: Bieganie,287,10,"27,33","0,00","0,00"
2026-08-27,Search | Konkurencja,Zainteresowania: Turystyka górska,96,3,"8,20","0,00","0,00"
2026-08-28,Search | Brand,Odwiedzający sklep – 30 dni,31,13,"11,22","3,00","963,58"
2026-08-28,Search | Brand,Na rynku: Obuwie sportowe,90,14,"12,08","1,00","321,19"
2026-08-28,Search | Brand,Zainteresowania: Bieganie,84,20,"17,26","2,00","642,39"
2026-08-28,Search | Brand,Zainteresowania: Turystyka górska,33,2,"1,73","1,00","321,19"
2026-08-28,Search | Buty do biegania,Odwiedzający sklep – 30 dni,319,20,"40,64","4,00","1 466,69"
2026-08-28,Search | Buty do biegania,Na rynku: Obuwie sportowe,597,29,"58,92","3,00","1 100,02"
2026-08-28,Search | Buty do biegania,Zainteresowania: Bieganie,686,33,"67,05","1,00","366,67"
2026-08-28,Search | Buty do biegania,Zainteresowania: Turystyka górska,222,13,"26,41","1,00","366,67"
2026-08-28,Search | Buty trailowe,Odwiedzający sklep – 30 dni,109,8,"17,39","0,00","0,00"
2026-08-28,Search | Buty trailowe,Na rynku: Obuwie sportowe,265,15,"32,60","0,00","0,00"
2026-08-28,Search | Buty trailowe,Zainteresowania: Bieganie,328,16,"34,78","1,00","354,91"
2026-08-28,Search | Buty trailowe,Zainteresowania: Turystyka górska,118,4,"8,69","0,00","0,00"
2026-08-28,Search | Konkurencja,Odwiedzający sklep – 30 dni,106,9,"26,58","2,00","704,06"
2026-08-28,Search | Konkurencja,Na rynku: Obuwie sportowe,236,10,"29,54","1,00","352,03"
2026-08-28,Search | Konkurencja,Zainteresowania: Bieganie,306,13,"38,40","0,00","0,00"
2026-08-28,Search | Konkurencja,Zainteresowania: Turystyka górska,116,3,"8,86","0,00","0,00"
2026-08-29,Search | Brand,Odwiedzający sklep – 30 dni,28,8,"5,92","2,00","732,32"
2026-08-29,Search | Brand,Na rynku: Obuwie sportowe,68,20,"14,80","0,00","0,00"
2026-08-29,Search | Brand,Zainteresowania: Bieganie,84,19,"14,06","0,00","0,00"
2026-08-29,Search | Brand,Zainteresowania: Turystyka górska,24,7,"5,18","0,00","0,00"
2026-08-29,Search | Buty do biegania,Odwiedzający sklep – 30 dni,234,6,"10,58","0,00","0,00"
2026-08-29,Search | Buty do biegania,Na rynku: Obuwie sportowe,498,25,"44,08","0,00","0,00"
2026-08-29,Search | Buty do biegania,Zainteresowania: Bieganie,622,40,"70,53","0,00","0,00"
2026-08-29,Search | Buty do biegania,Zainteresowania: Turystyka górska,203,11,"19,40","0,00","0,00"
2026-08-29,Search | Buty trailowe,Odwiedzający sklep – 30 dni,125,5,"10,06","1,00","289,77"
2026-08-29,Search | Buty trailowe,Na rynku: Obuwie sportowe,263,14,"28,16","0,00","0,00"
2026-08-29,Search | Buty trailowe,Zainteresowania: Bieganie,313,14,"28,16","3,00","869,31"
2026-08-29,Search | Buty trailowe,Zainteresowania: Turystyka górska,101,7,"14,08","0,00","0,00"
2026-08-29,Search | Konkurencja,Odwiedzający sklep – 30 dni,100,3,"8,07","0,00","0,00"
2026-08-29,Search | Konkurencja,Na rynku: Obuwie sportowe,218,11,"29,59","0,00","0,00"
2026-08-29,Search | Konkurencja,Zainteresowania: Bieganie,254,15,"40,35","0,00","0,00"
2026-08-29,Search | Konkurencja,Zainteresowania: Turystyka górska,101,5,"13,45","0,00","0,00"
2026-08-30,Search | Brand,Odwiedzający sklep – 30 dni,24,5,"4,40","4,00","1 289,64"
2026-08-30,Search | Brand,Na rynku: Obuwie sportowe,73,19,"16,70","2,00","644,82"
2026-08-30,Search | Brand,Zainteresowania: Bieganie,70,20,"17,58","0,00","0,00"
2026-08-30,Search | Brand,Zainteresowania: Turystyka górska,23,6,"5,27","0,00","0,00"
2026-08-30,Search | Buty do biegania,Odwiedzający sklep – 30 dni,259,17,"34,14","1,00","359,40"
2026-08-30,Search | Buty do biegania,Na rynku: Obuwie sportowe,501,32,"64,26","4,00","1 437,60"
2026-08-30,Search | Buty do biegania,Zainteresowania: Bieganie,628,40,"80,33","1,00","359,40"
2026-08-30,Search | Buty do biegania,Zainteresowania: Turystyka górska,171,13,"26,11","0,00","0,00"
2026-08-30,Search | Buty trailowe,Odwiedzający sklep – 30 dni,105,4,"8,33","1,00","302,76"
2026-08-30,Search | Buty trailowe,Na rynku: Obuwie sportowe,248,5,"10,41","1,00","302,76"
2026-08-30,Search | Buty trailowe,Zainteresowania: Bieganie,281,11,"22,90","0,00","0,00"
2026-08-30,Search | Buty trailowe,Zainteresowania: Turystyka górska,86,5,"10,41","0,00","0,00"
2026-08-30,Search | Konkurencja,Odwiedzający sklep – 30 dni,109,8,"23,50","2,00","673,88"
2026-08-30,Search | Konkurencja,Na rynku: Obuwie sportowe,215,12,"35,26","0,00","0,00"
2026-08-30,Search | Konkurencja,Zainteresowania: Bieganie,287,8,"23,50","1,00","336,94"
2026-08-30,Search | Konkurencja,Zainteresowania: Turystyka górska,86,4,"11,75","0,00","0,00"
2026-08-31,Search | Brand,Odwiedzający sklep – 30 dni,30,7,"5,97","3,00","1 067,75"
2026-08-31,Search | Brand,Na rynku: Obuwie sportowe,74,18,"15,36","1,00","355,92"
2026-08-31,Search | Brand,Zainteresowania: Bieganie,80,18,"15,36","1,00","355,92"
2026-08-31,Search | Brand,Zainteresowania: Turystyka górska,32,11,"9,39","1,00","355,92"
2026-08-31,Search | Buty do biegania,Odwiedzający sklep – 30 dni,284,13,"25,62","1,00","407,21"
2026-08-31,Search | Buty do biegania,Na rynku: Obuwie sportowe,614,23,"45,32","2,00","814,42"
2026-08-31,Search | Buty do biegania,Zainteresowania: Bieganie,772,31,"61,08","1,00","407,21"
2026-08-31,Search | Buty do biegania,Zainteresowania: Turystyka górska,237,12,"23,64","1,00","407,21"
2026-08-31,Search | Buty trailowe,Odwiedzający sklep – 30 dni,143,6,"11,73","1,00","381,99"
2026-08-31,Search | Buty trailowe,Na rynku: Obuwie sportowe,274,15,"29,33","1,00","381,99"
2026-08-31,Search | Buty trailowe,Zainteresowania: Bieganie,338,15,"29,33","1,00","381,99"
2026-08-31,Search | Buty trailowe,Zainteresowania: Turystyka górska,108,1,"1,96","0,00","0,00"
2026-08-31,Search | Konkurencja,Odwiedzający sklep – 30 dni,119,9,"26,57","0,00","0,00"
2026-08-31,Search | Konkurencja,Na rynku: Obuwie sportowe,245,10,"29,52","0,00","0,00"
2026-08-31,Search | Konkurencja,Zainteresowania: Bieganie,292,13,"38,37","0,00","0,00"
2026-08-31,Search | Konkurencja,Zainteresowania: Turystyka górska,93,4,"11,81","0,00","0,00"
2026-09-01,Search | Brand,Odwiedzający sklep – 30 dni,35,6,"5,54","2,00","616,82"
2026-09-01,Search | Brand,Na rynku: Obuwie sportowe,63,22,"20,32","5,00","1 542,04"
2026-09-01,Search | Brand,Zainteresowania: Bieganie,88,24,"22,16","1,00","308,41"
2026-09-01,Search | Brand,Zainteresowania: Turystyka górska,30,8,"7,39","1,00","308,41"
2026-09-01,Search | Buty do biegania,Odwiedzający sklep – 30 dni,297,18,"35,57","2,00","671,02"
2026-09-01,Search | Buty do biegania,Na rynku: Obuwie sportowe,591,34,"67,19","1,00","335,51"
2026-09-01,Search | Buty do biegania,Zainteresowania: Bieganie,760,39,"77,07","1,00","335,51"
2026-09-01,Search | Buty do biegania,Zainteresowania: Turystyka górska,270,13,"25,69","0,00","0,00"
2026-09-01,Search | Buty trailowe,Odwiedzający sklep – 30 dni,158,3,"6,24","0,00","0,00"
2026-09-01,Search | Buty trailowe,Na rynku: Obuwie sportowe,343,16,"33,26","0,00","0,00"
2026-09-01,Search | Buty trailowe,Zainteresowania: Bieganie,409,20,"41,57","1,00","300,11"
2026-09-01,Search | Buty trailowe,Zainteresowania: Turystyka górska,122,4,"8,31","0,00","0,00"
2026-09-01,Search | Konkurencja,Odwiedzający sklep – 30 dni,120,5,"13,61","0,00","0,00"
2026-09-01,Search | Konkurencja,Na rynku: Obuwie sportowe,248,9,"24,50","0,00","0,00"
2026-09-01,Search | Konkurencja,Zainteresowania: Bieganie,277,9,"24,50","0,00","0,00"
2026-09-01,Search | Konkurencja,Zainteresowania: Turystyka górska,96,1,"2,72","1,00","341,30"
2026-09-02,Search | Brand,Odwiedzający sklep – 30 dni,33,5,"4,75","0,00","0,00"
2026-09-02,Search | Brand,Na rynku: Obuwie sportowe,61,23,"21,85","0,00","0,00"
2026-09-02,Search | Brand,Zainteresowania: Bieganie,76,16,"15,20","0,00","0,00"
2026-09-02,Search | Brand,Zainteresowania: Turystyka górska,31,6,"5,70","0,00","0,00"
2026-09-02,Search | Buty do biegania,Odwiedzający sklep – 30 dni,307,16,"32,32","2,00","695,52"
2026-09-02,Search | Buty do biegania,Na rynku: Obuwie sportowe,638,32,"64,64","0,00","0,00"
2026-09-02,Search | Buty do biegania,Zainteresowania: Bieganie,716,46,"92,93","2,00","695,52"
2026-09-02,Search | Buty do biegania,Zainteresowania: Turystyka górska,263,13,"26,26","0,00","0,00"
2026-09-02,Search | Buty trailowe,Odwiedzający sklep – 30 dni,202,10,"22,19","0,00","0,00"
2026-09-02,Search | Buty trailowe,Na rynku: Obuwie sportowe,360,15,"33,28","1,00","314,82"
2026-09-02,Search | Buty trailowe,Zainteresowania: Bieganie,396,22,"48,81","0,00","0,00"
2026-09-02,Search | Buty trailowe,Zainteresowania: Turystyka górska,144,3,"6,66","0,00","0,00"
2026-09-02,Search | Konkurencja,Odwiedzający sklep – 30 dni,120,4,"10,58","0,00","0,00"
2026-09-02,Search | Konkurencja,Na rynku: Obuwie sportowe,248,11,"29,11","3,00","1 276,35"
2026-09-02,Search | Konkurencja,Zainteresowania: Bieganie,298,7,"18,52","0,00","0,00"
2026-09-02,Search | Konkurencja,Zainteresowania: Turystyka górska,117,5,"13,23","0,00","0,00"
2026-09-03,Search | Brand,Odwiedzający sklep – 30 dni,36,14,"11,60","1,00","378,64"
2026-09-03,Search | Brand,Na rynku: Obuwie sportowe,75,17,"14,09","0,00","0,00"
2026-09-03,Search | Brand,Zainteresowania: Bieganie,101,24,"19,89","0,00","0,00"
2026-09-03,Search | Brand,Zainteresowania: Turystyka górska,39,5,"4,14","0,00","0,00"
2026-09-03,Search | Buty do biegania,Odwiedzający sklep – 30 dni,306,21,"38,32","2,00","739,88"
2026-09-03,Search | Buty do biegania,Na rynku: Obuwie sportowe,619,30,"54,75","1,00","369,94"
2026-09-03,Search | Buty do biegania,Zainteresowania: Bieganie,753,40,"72,99","1,00","369,94"
2026-09-03,Search | Buty do biegania,Zainteresowania: Turystyka górska,251,10,"18,25","1,00","369,94"
2026-09-03,Search | Buty trailowe,Odwiedzający sklep – 30 dni,165,6,"11,94","0,00","0,00"
2026-09-03,Search | Buty trailowe,Na rynku: Obuwie sportowe,339,22,"43,79","0,00","0,00"
2026-09-03,Search | Buty trailowe,Zainteresowania: Bieganie,423,21,"41,80","0,00","0,00"
2026-09-03,Search | Buty trailowe,Zainteresowania: Turystyka górska,126,6,"11,94","0,00","0,00"
2026-09-03,Search | Konkurencja,Odwiedzający sklep – 30 dni,131,10,"26,48","0,00","0,00"
2026-09-03,Search | Konkurencja,Na rynku: Obuwie sportowe,274,11,"29,13","0,00","0,00"
2026-09-03,Search | Konkurencja,Zainteresowania: Bieganie,337,12,"31,78","0,00","0,00"
2026-09-03,Search | Konkurencja,Zainteresowania: Turystyka górska,111,4,"10,59","0,00","0,00"
2026-09-04,Search | Brand,Odwiedzający sklep – 30 dni,37,9,"7,95","3,00","837,97"
2026-09-04,Search | Brand,Na rynku: Obuwie sportowe,75,18,"15,90","1,00","279,32"
2026-09-04,Search | Brand,Zainteresowania: Bieganie,99,21,"18,55","1,00","279,32"
2026-09-04,Search | Brand,Zainteresowania: Turystyka górska,29,10,"8,83","0,00","0,00"
2026-09-04,Search | Buty do biegania,Odwiedzający sklep – 30 dni,271,8,"15,98","2,00","741,26"
2026-09-04,Search | Buty do biegania,Na rynku: Obuwie sportowe,639,36,"71,92","4,00","1 482,52"
2026-09-04,Search | Buty do biegania,Zainteresowania: Bieganie,748,37,"73,92","1,00","370,63"
2026-09-04,Search | Buty do biegania,Zainteresowania: Turystyka górska,258,12,"23,97","1,00","370,63"
2026-09-04,Search | Buty trailowe,Odwiedzający sklep – 30 dni,180,6,"12,03","0,00","0,00"
2026-09-04,Search | Buty trailowe,Na rynku: Obuwie sportowe,320,22,"44,10","1,00","292,22"
2026-09-04,Search | Buty trailowe,Zainteresowania: Bieganie,439,22,"44,10","0,00","0,00"
2026-09-04,Search | Buty trailowe,Zainteresowania: Turystyka górska,149,10,"20,04","0,00","0,00"
2026-09-04,Search | Konkurencja,Odwiedzający sklep – 30 dni,104,6,"17,12","0,00","0,00"
2026-09-04,Search | Konkurencja,Na rynku: Obuwie sportowe,238,11,"31,39","0,00","0,00"
2026-09-04,Search | Konkurencja,Zainteresowania: Bieganie,318,9,"25,68","0,00","0,00"
2026-09-04,Search | Konkurencja,Zainteresowania: Turystyka górska,97,2,"5,71","0,00","0,00"
2026-09-05,Search | Brand,Odwiedzający sklep – 30 dni,16,9,"8,44","1,00","378,24"
2026-09-05,Search | Brand,Na rynku: Obuwie sportowe,70,15,"14,07","2,00","756,48"
2026-09-05,Search | Brand,Zainteresowania: Bieganie,66,19,"17,82","0,00","0,00"
2026-09-05,Search | Brand,Zainteresowania: Turystyka górska,26,8,"7,50","1,00","378,24"
2026-09-05,Search | Buty do biegania,Odwiedzający sklep – 30 dni,278,12,"24,11","1,00","334,84"
2026-09-05,Search | Buty do biegania,Na rynku: Obuwie sportowe,567,28,"56,27","2,00","669,67"
2026-09-05,Search | Buty do biegania,Zainteresowania: Bieganie,637,35,"70,33","4,00","1 339,34"
2026-09-05,Search | Buty do biegania,Zainteresowania: Turystyka górska,241,9,"18,09","0,00","0,00"
2026-09-05,Search | Buty trailowe,Odwiedzający sklep – 30 dni,121,8,"15,33","0,00","0,00"
2026-09-05,Search | Buty trailowe,Na rynku: Obuwie sportowe,268,18,"34,49","0,00","0,00"
2026-09-05,Search | Buty trailowe,Zainteresowania: Bieganie,339,24,"45,99","0,00","0,00"
2026-09-05,Search | Buty trailowe,Zainteresowania: Turystyka górska,112,5,"9,58","0,00","0,00"
2026-09-05,Search | Konkurencja,Odwiedzający sklep – 30 dni,91,5,"15,93","1,00","365,78"
2026-09-05,Search | Konkurencja,Na rynku: Obuwie sportowe,208,10,"31,87","0,00","0,00"
2026-09-05,Search | Konkurencja,Zainteresowania: Bieganie,278,14,"44,62","0,00","0,00"
2026-09-05,Search | Konkurencja,Zainteresowania: Turystyka górska,73,4,"12,75","0,00","0,00"
2026-09-06,Search | Brand,Odwiedzający sklep – 30 dni,28,2,"1,75","1,00","387,96"
2026-09-06,Search | Brand,Na rynku: Obuwie sportowe,61,19,"16,58","2,00","775,92"
2026-09-06,Search | Brand,Zainteresowania: Bieganie,75,18,"15,71","2,00","775,92"
2026-09-06,Search | Brand,Zainteresowania: Turystyka górska,26,8,"6,98","0,00","0,00"
2026-09-06,Search | Buty do biegania,Odwiedzający sklep – 30 dni,270,10,"20,58","0,00","0,00"
2026-09-06,Search | Buty do biegania,Na rynku: Obuwie sportowe,555,32,"65,86","0,00","0,00"
2026-09-06,Search | Buty do biegania,Zainteresowania: Bieganie,684,38,"78,20","0,00","0,00"
2026-09-06,Search | Buty do biegania,Zainteresowania: Turystyka górska,196,15,"30,87","0,00","0,00"
2026-09-06,Search | Buty trailowe,Odwiedzający sklep – 30 dni,133,6,"11,51","0,00","0,00"
2026-09-06,Search | Buty trailowe,Na rynku: Obuwie sportowe,305,9,"17,26","0,00","0,00"
2026-09-06,Search | Buty trailowe,Zainteresowania: Bieganie,407,14,"26,86","0,00","0,00"
2026-09-06,Search | Buty trailowe,Zainteresowania: Turystyka górska,145,10,"19,18","0,00","0,00"
2026-09-06,Search | Konkurencja,Odwiedzający sklep – 30 dni,93,1,"2,89","1,00","272,46"
2026-09-06,Search | Konkurencja,Na rynku: Obuwie sportowe,207,2,"5,78","0,00","0,00"
2026-09-06,Search | Konkurencja,Zainteresowania: Bieganie,245,8,"23,14","1,00","272,46"
2026-09-06,Search | Konkurencja,Zainteresowania: Turystyka górska,75,4,"11,57","1,00","272,46"
2026-09-07,Search | Brand,Odwiedzający sklep – 30 dni,30,10,"9,02","2,00","571,63"
2026-09-07,Search | Brand,Na rynku: Obuwie sportowe,76,14,"12,63","0,00","0,00"
2026-09-07,Search | Brand,Zainteresowania: Bieganie,79,21,"18,95","0,00","0,00"
2026-09-07,Search | Brand,Zainteresowania: Turystyka górska,25,10,"9,02","0,00","0,00"
2026-09-07,Search | Buty do biegania,Odwiedzający sklep – 30 dni,294,13,"25,51","1,00","382,73"
2026-09-07,Search | Buty do biegania,Na rynku: Obuwie sportowe,607,33,"64,75","2,00","765,46"
2026-09-07,Search | Buty do biegania,Zainteresowania: Bieganie,703,36,"70,63","0,00","0,00"
2026-09-07,Search | Buty do biegania,Zainteresowania: Turystyka górska,221,23,"45,13","0,00","0,00"
2026-09-07,Search | Buty trailowe,Odwiedzający sklep – 30 dni,151,3,"5,85","0,00","0,00"
2026-09-07,Search | Buty trailowe,Na rynku: Obuwie sportowe,309,17,"33,13","0,00","0,00"
2026-09-07,Search | Buty trailowe,Zainteresowania: Bieganie,384,15,"29,23","0,00","0,00"
2026-09-07,Search | Buty trailowe,Zainteresowania: Turystyka górska,120,4,"7,79","0,00","0,00"
2026-09-07,Search | Konkurencja,Odwiedzający sklep – 30 dni,124,6,"17,14","0,00","0,00"
2026-09-07,Search | Konkurencja,Na rynku: Obuwie sportowe,277,6,"17,14","0,00","0,00"
2026-09-07,Search | Konkurencja,Zainteresowania: Bieganie,293,8,"22,86","0,00","0,00"
2026-09-07,Search | Konkurencja,Zainteresowania: Turystyka górska,98,1,"2,86","0,00","0,00"
2026-09-08,Search | Brand,Odwiedzający sklep – 30 dni,31,6,"5,13","0,00","0,00"
2026-09-08,Search | Brand,Na rynku: Obuwie sportowe,69,15,"12,82","0,00","0,00"
2026-09-08,Search | Brand,Zainteresowania: Bieganie,88,20,"17,10","1,00","359,39"
2026-09-08,Search | Brand,Zainteresowania: Turystyka górska,24,10,"8,55","0,00","0,00"
2026-09-08,Search | Buty do biegania,Odwiedzający sklep – 30 dni,302,18,"38,12","1,00","326,72"
2026-09-08,Search | Buty do biegania,Na rynku: Obuwie sportowe,658,32,"67,76","0,00","0,00"
2026-09-08,Search | Buty do biegania,Zainteresowania: Bieganie,750,48,"101,64","2,00","653,44"
2026-09-08,Search | Buty do biegania,Zainteresowania: Turystyka górska,254,13,"27,53","0,00","0,00"
2026-09-08,Search | Buty trailowe,Odwiedzający sklep – 30 dni,157,6,"11,53","0,00","0,00"
2026-09-08,Search | Buty trailowe,Na rynku: Obuwie sportowe,341,19,"36,52","0,00","0,00"
2026-09-08,Search | Buty trailowe,Zainteresowania: Bieganie,416,16,"30,75","0,00","0,00"
2026-09-08,Search | Buty trailowe,Zainteresowania: Turystyka górska,152,3,"5,77","0,00","0,00"
2026-09-08,Search | Konkurencja,Odwiedzający sklep – 30 dni,115,2,"5,45","0,00","0,00"
2026-09-08,Search | Konkurencja,Na rynku: Obuwie sportowe,258,3,"8,17","0,00","0,00"
2026-09-08,Search | Konkurencja,Zainteresowania: Bieganie,310,4,"10,90","0,00","0,00"
2026-09-08,Search | Konkurencja,Zainteresowania: Turystyka górska,108,2,"5,45","0,00","0,00"
2026-09-09,Search | Brand,Odwiedzający sklep – 30 dni,43,10,"8,09","2,00","663,53"
2026-09-09,Search | Brand,Na rynku: Obuwie sportowe,79,17,"13,75","1,00","331,77"
2026-09-09,Search | Brand,Zainteresowania: Bieganie,93,27,"21,84","4,00","1 327,06"
2026-09-09,Search | Brand,Zainteresowania: Turystyka górska,31,11,"8,90","1,00","331,77"
2026-09-09,Search | Buty do biegania,Odwiedzający sklep – 30 dni,292,15,"31,37","1,00","425,39"
2026-09-09,Search | Buty do biegania,Na rynku: Obuwie sportowe,592,26,"54,38","2,00","850,78"
2026-09-09,Search | Buty do biegania,Zainteresowania: Bieganie,751,41,"85,75","0,00","0,00"
2026-09-09,Search | Buty do biegania,Zainteresowania: Turystyka górska,271,14,"29,28","0,00","0,00"
2026-09-09,Search | Buty trailowe,Odwiedzający sklep – 30 dni,138,14,"25,93","1,00","363,06"
2026-09-09,Search | Buty trailowe,Na rynku: Obuwie sportowe,330,22,"40,75","0,00","0,00"
2026-09-09,Search | Buty trailowe,Zainteresowania: Bieganie,409,22,"40,75","2,00","726,12"
2026-09-09,Search | Buty trailowe,Zainteresowania: Turystyka górska,139,5,"9,26","0,00","0,00"
2026-09-09,Search | Konkurencja,Odwiedzający sklep – 30 dni,141,6,"17,42","1,00","265,31"
2026-09-09,Search | Konkurencja,Na rynku: Obuwie sportowe,272,10,"29,03","0,00","0,00"
2026-09-09,Search | Konkurencja,Zainteresowania: Bieganie,333,11,"31,94","1,00","265,31"
2026-09-09,Search | Konkurencja,Zainteresowania: Turystyka górska,120,3,"8,71","0,00","0,00"
2026-09-10,Search | Brand,Odwiedzający sklep – 30 dni,32,8,"7,69","2,00","712,97"
2026-09-10,Search | Brand,Na rynku: Obuwie sportowe,80,17,"16,35","0,00","0,00"
2026-09-10,Search | Brand,Zainteresowania: Bieganie,80,24,"23,08","0,00","0,00"
2026-09-10,Search | Brand,Zainteresowania: Turystyka górska,28,6,"5,77","1,00","356,48"
2026-09-10,Search | Buty do biegania,Odwiedzający sklep – 30 dni,278,16,"31,61","2,00","667,43"
2026-09-10,Search | Buty do biegania,Na rynku: Obuwie sportowe,593,36,"71,11","1,00","333,72"
2026-09-10,Search | Buty do biegania,Zainteresowania: Bieganie,761,32,"63,21","0,00","0,00"
2026-09-10,Search | Buty do biegania,Zainteresowania: Turystyka górska,258,17,"33,58","0,00","0,00"
2026-09-10,Search | Buty trailowe,Odwiedzający sklep – 30 dni,173,9,"18,48","0,00","0,00"
2026-09-10,Search | Buty trailowe,Na rynku: Obuwie sportowe,369,15,"30,80","0,00","0,00"
2026-09-10,Search | Buty trailowe,Zainteresowania: Bieganie,445,23,"47,23","0,00","0,00"
2026-09-10,Search | Buty trailowe,Zainteresowania: Turystyka górska,159,9,"18,48","0,00","0,00"
2026-09-10,Search | Konkurencja,Odwiedzający sklep – 30 dni,113,1,"2,93","0,00","0,00"
2026-09-10,Search | Konkurencja,Na rynku: Obuwie sportowe,264,3,"8,78","0,00","0,00"
2026-09-10,Search | Konkurencja,Zainteresowania: Bieganie,297,6,"17,57","0,00","0,00"
2026-09-10,Search | Konkurencja,Zainteresowania: Turystyka górska,110,4,"11,71","0,00","0,00"
2026-09-11,Search | Brand,Odwiedzający sklep – 30 dni,28,8,"6,78","1,00","357,59"
2026-09-11,Search | Brand,Na rynku: Obuwie sportowe,65,24,"20,34","1,00","357,59"
2026-09-11,Search | Brand,Zainteresowania: Bieganie,76,23,"19,49","0,00","0,00"
2026-09-11,Search | Brand,Zainteresowania: Turystyka górska,18,5,"4,24","0,00","0,00"
2026-09-11,Search | Buty do biegania,Odwiedzający sklep – 30 dni,312,15,"29,03","3,00","1 104,90"
2026-09-11,Search | Buty do biegania,Na rynku: Obuwie sportowe,588,39,"75,48","2,00","736,60"
2026-09-11,Search | Buty do biegania,Zainteresowania: Bieganie,757,37,"71,61","1,00","368,30"
2026-09-11,Search | Buty do biegania,Zainteresowania: Turystyka górska,226,11,"21,29","0,00","0,00"
2026-09-11,Search | Buty trailowe,Odwiedzający sklep – 30 dni,133,5,"10,16","0,00","0,00"
2026-09-11,Search | Buty trailowe,Na rynku: Obuwie sportowe,336,13,"26,41","0,00","0,00"
2026-09-11,Search | Buty trailowe,Zainteresowania: Bieganie,417,12,"24,37","0,00","0,00"
2026-09-11,Search | Buty trailowe,Zainteresowania: Turystyka górska,152,7,"14,22","0,00","0,00"
2026-09-11,Search | Konkurencja,Odwiedzający sklep – 30 dni,125,3,"8,64","1,00","275,14"
2026-09-11,Search | Konkurencja,Na rynku: Obuwie sportowe,238,6,"17,29","0,00","0,00"
2026-09-11,Search | Konkurencja,Zainteresowania: Bieganie,297,11,"31,69","1,00","275,14"
2026-09-11,Search | Konkurencja,Zainteresowania: Turystyka górska,112,4,"11,52","0,00","0,00"
2026-09-12,Search | Brand,Odwiedzający sklep – 30 dni,32,10,"8,95","4,00","1 662,34"
2026-09-12,Search | Brand,Na rynku: Obuwie sportowe,59,20,"17,89","3,00","1 246,75"
2026-09-12,Search | Brand,Zainteresowania: Bieganie,66,31,"27,73","4,00","1 662,34"
2026-09-12,Search | Brand,Zainteresowania: Turystyka górska,34,8,"7,16","1,00","415,58"
2026-09-12,Search | Buty do biegania,Odwiedzający sklep – 30 dni,241,14,"26,20","1,00","285,87"
2026-09-12,Search | Buty do biegania,Na rynku: Obuwie sportowe,500,30,"56,14","0,00","0,00"
2026-09-12,Search | Buty do biegania,Zainteresowania: Bieganie,619,37,"69,24","1,00","285,87"
2026-09-12,Search | Buty do biegania,Zainteresowania: Turystyka górska,199,12,"22,46","0,00","0,00"
2026-09-12,Search | Buty trailowe,Odwiedzający sklep – 30 dni,162,8,"16,06","1,00","360,79"
2026-09-12,Search | Buty trailowe,Na rynku: Obuwie sportowe,311,13,"26,09","1,00","360,79"
2026-09-12,Search | Buty trailowe,Zainteresowania: Bieganie,364,16,"32,11","2,00","721,57"
2026-09-12,Search | Buty trailowe,Zainteresowania: Turystyka górska,138,10,"20,07","1,00","360,79"
2026-09-12,Search | Konkurencja,Odwiedzający sklep – 30 dni,120,2,"5,83","0,00","0,00"
2026-09-12,Search | Konkurencja,Na rynku: Obuwie sportowe,219,4,"11,67","0,00","0,00"
2026-09-12,Search | Konkurencja,Zainteresowania: Bieganie,250,4,"11,67","0,00","0,00"
2026-09-12,Search | Konkurencja,Zainteresowania: Turystyka górska,77,2,"5,83","0,00","0,00"
2026-09-13,Search | Brand,Odwiedzający sklep – 30 dni,30,5,"3,98","0,00","0,00"
2026-09-13,Search | Brand,Na rynku: Obuwie sportowe,56,21,"16,70","1,00","340,48"
2026-09-13,Search | Brand,Zainteresowania: Bieganie,79,18,"14,31","1,00","340,48"
2026-09-13,Search | Brand,Zainteresowania: Turystyka górska,23,9,"7,16","0,00","0,00"
2026-09-13,Search | Buty do biegania,Odwiedzający sklep – 30 dni,230,15,"29,35","0,00","0,00"
2026-09-13,Search | Buty do biegania,Na rynku: Obuwie sportowe,555,37,"72,41","0,00","0,00"
2026-09-13,Search | Buty do biegania,Zainteresowania: Bieganie,706,40,"78,28","2,00","804,77"
2026-09-13,Search | Buty do biegania,Zainteresowania: Turystyka górska,233,12,"23,48","0,00","0,00"
2026-09-13,Search | Buty trailowe,Odwiedzający sklep – 30 dni,161,9,"18,50","2,00","756,23"
2026-09-13,Search | Buty trailowe,Na rynku: Obuwie sportowe,336,28,"57,57","3,00","1 134,34"
2026-09-13,Search | Buty trailowe,Zainteresowania: Bieganie,402,21,"43,18","1,00","378,12"
2026-09-13,Search | Buty trailowe,Zainteresowania: Turystyka górska,128,10,"20,56","0,00","0,00"
2026-09-13,Search | Konkurencja,Odwiedzający sklep – 30 dni,105,5,"13,96","0,00","0,00"
2026-09-13,Search | Konkurencja,Na rynku: Obuwie sportowe,222,10,"27,93","0,00","0,00"
2026-09-13,Search | Konkurencja,Zainteresowania: Bieganie,266,10,"27,93","1,00","362,77"
2026-09-13,Search | Konkurencja,Zainteresowania: Turystyka górska,79,3,"8,38","0,00","0,00"
2026-09-14,Search | Brand,Odwiedzający sklep – 30 dni,28,9,"8,12","1,00","370,22"
2026-09-14,Search | Brand,Na rynku: Obuwie sportowe,78,16,"14,43","4,00","1 480,87"
2026-09-14,Search | Brand,Zainteresowania: Bieganie,93,25,"22,54","3,00","1 110,66"
2026-09-14,Search | Brand,Zainteresowania: Turystyka górska,26,6,"5,41","1,00","370,22"
2026-09-14,Search | Buty do biegania,Odwiedzający sklep – 30 dni,312,20,"41,05","1,00","344,12"
2026-09-14,Search | Buty do biegania,Na rynku: Obuwie sportowe,653,29,"59,52","0,00","0,00"
2026-09-14,Search | Buty do biegania,Zainteresowania: Bieganie,718,45,"92,36","2,00","688,23"
2026-09-14,Search | Buty do biegania,Zainteresowania: Turystyka górska,269,19,"39,00","0,00","0,00"
2026-09-14,Search | Buty trailowe,Odwiedzający sklep – 30 dni,174,6,"11,79","0,00","0,00"
2026-09-14,Search | Buty trailowe,Na rynku: Obuwie sportowe,396,13,"25,54","0,00","0,00"
2026-09-14,Search | Buty trailowe,Zainteresowania: Bieganie,449,21,"41,26","0,00","0,00"
2026-09-14,Search | Buty trailowe,Zainteresowania: Turystyka górska,132,3,"5,89","0,00","0,00"
2026-09-14,Search | Konkurencja,Odwiedzający sklep – 30 dni,133,2,"5,99","0,00","0,00"
2026-09-14,Search | Konkurencja,Na rynku: Obuwie sportowe,280,6,"17,98","0,00","0,00"
2026-09-14,Search | Konkurencja,Zainteresowania: Bieganie,315,10,"29,97","1,00","437,71"
2026-09-14,Search | Konkurencja,Zainteresowania: Turystyka górska,116,1,"3,00","0,00","0,00"
2026-09-15,Search | Brand,Odwiedzający sklep – 30 dni,27,10,"8,34","2,00","812,03"
2026-09-15,Search | Brand,Na rynku: Obuwie sportowe,68,20,"16,67","0,00","0,00"
2026-09-15,Search | Brand,Zainteresowania: Bieganie,91,20,"16,67","1,00","406,02"
2026-09-15,Search | Brand,Zainteresowania: Turystyka górska,26,6,"5,00","0,00","0,00"
2026-09-15,Search | Buty do biegania,Odwiedzający sklep – 30 dni,294,15,"30,62","2,00","687,16"
2026-09-15,Search | Buty do biegania,Na rynku: Obuwie sportowe,673,34,"69,41","2,00","687,16"
2026-09-15,Search | Buty do biegania,Zainteresowania: Bieganie,785,47,"95,95","5,00","1 717,89"
2026-09-15,Search | Buty do biegania,Zainteresowania: Turystyka górska,241,21,"42,87","0,00","0,00"
2026-09-15,Search | Buty trailowe,Odwiedzający sklep – 30 dni,173,11,"20,55","0,00","0,00"
2026-09-15,Search | Buty trailowe,Na rynku: Obuwie sportowe,329,18,"33,63","0,00","0,00"
2026-09-15,Search | Buty trailowe,Zainteresowania: Bieganie,381,21,"39,24","0,00","0,00"
2026-09-15,Search | Buty trailowe,Zainteresowania: Turystyka górska,133,6,"11,21","0,00","0,00"
2026-09-15,Search | Konkurencja,Odwiedzający sklep – 30 dni,102,6,"17,34","0,00","0,00"
2026-09-15,Search | Konkurencja,Na rynku: Obuwie sportowe,238,8,"23,12","0,00","0,00"
2026-09-15,Search | Konkurencja,Zainteresowania: Bieganie,317,15,"43,36","0,00","0,00"
2026-09-15,Search | Konkurencja,Zainteresowania: Turystyka górska,120,2,"5,78","0,00","0,00"
2026-09-16,Search | Brand,Odwiedzający sklep – 30 dni,38,10,"7,77","2,00","703,24"
2026-09-16,Search | Brand,Na rynku: Obuwie sportowe,84,23,"17,87","1,00","351,62"
2026-09-16,Search | Brand,Zainteresowania: Bieganie,85,23,"17,87","2,00","703,24"
2026-09-16,Search | Brand,Zainteresowania: Turystyka górska,27,9,"6,99","0,00","0,00"
2026-09-16,Search | Buty do biegania,Odwiedzający sklep – 30 dni,304,8,"16,44","1,00","387,55"
2026-09-16,Search | Buty do biegania,Na rynku: Obuwie sportowe,654,37,"76,02","6,00","2 325,30"
2026-09-16,Search | Buty do biegania,Zainteresowania: Bieganie,797,44,"90,41","0,00","0,00"
2026-09-16,Search | Buty do biegania,Zainteresowania: Turystyka górska,256,15,"30,82","1,00","387,55"
2026-09-16,Search | Buty trailowe,Odwiedzający sklep – 30 dni,156,7,"14,26","0,00","0,00"
2026-09-16,Search | Buty trailowe,Na rynku: Obuwie sportowe,342,12,"24,45","1,00","420,77"
2026-09-16,Search | Buty trailowe,Zainteresowania: Bieganie,429,21,"42,78","0,00","0,00"
2026-09-16,Search | Buty trailowe,Zainteresowania: Turystyka górska,132,5,"10,19","0,00","0,00"
2026-09-16,Search | Konkurencja,Odwiedzający sklep – 30 dni,122,7,"17,85","1,00","357,92"
2026-09-16,Search | Konkurencja,Na rynku: Obuwie sportowe,255,6,"15,30","0,00","0,00"
2026-09-16,Search | Konkurencja,Zainteresowania: Bieganie,325,13,"33,15","1,00","357,92"
2026-09-16,Search | Konkurencja,Zainteresowania: Turystyka górska,103,2,"5,10","0,00","0,00"
2026-09-17,Search | Brand,Odwiedzający sklep – 30 dni,35,8,"7,60","2,00","528,06"
2026-09-17,Search | Brand,Na rynku: Obuwie sportowe,70,20,"19,01","0,00","0,00"
2026-09-17,Search | Brand,Zainteresowania: Bieganie,70,19,"18,06","0,00","0,00"
2026-09-17,Search | Brand,Zainteresowania: Turystyka górska,28,7,"6,65","0,00","0,00"
2026-09-17,Search | Buty do biegania,Odwiedzający sklep – 30 dni,296,22,"41,65","1,00","282,64"
2026-09-17,Search | Buty do biegania,Na rynku: Obuwie sportowe,670,34,"64,37","1,00","282,64"
2026-09-17,Search | Buty do biegania,Zainteresowania: Bieganie,767,34,"64,37","0,00","0,00"
2026-09-17,Search | Buty do biegania,Zainteresowania: Turystyka górska,286,16,"30,29","0,00","0,00"
2026-09-17,Search | Buty trailowe,Odwiedzający sklep – 30 dni,176,11,"21,60","1,00","396,18"
2026-09-17,Search | Buty trailowe,Na rynku: Obuwie sportowe,345,18,"35,34","1,00","396,18"
2026-09-17,Search | Buty trailowe,Zainteresowania: Bieganie,450,21,"41,23","0,00","0,00"
2026-09-17,Search | Buty trailowe,Zainteresowania: Turystyka górska,166,6,"11,78","0,00","0,00"
2026-09-17,Search | Konkurencja,Odwiedzający sklep – 30 dni,129,5,"13,16","0,00","0,00"
2026-09-17,Search | Konkurencja,Na rynku: Obuwie sportowe,269,13,"34,23","0,00","0,00"
2026-09-17,Search | Konkurencja,Zainteresowania: Bieganie,319,10,"26,33","0,00","0,00"
2026-09-17,Search | Konkurencja,Zainteresowania: Turystyka górska,106,5,"13,16","0,00","0,00"
2026-09-18,Search | Brand,Odwiedzający sklep – 30 dni,39,15,"12,91","3,00","1 089,81"
2026-09-18,Search | Brand,Na rynku: Obuwie sportowe,77,27,"23,23","3,00","1 089,81"
2026-09-18,Search | Brand,Zainteresowania: Bieganie,84,25,"21,51","2,00","726,54"
2026-09-18,Search | Brand,Zainteresowania: Turystyka górska,28,7,"6,02","0,00","0,00"
2026-09-18,Search | Buty do biegania,Odwiedzający sklep – 30 dni,325,15,"30,46","2,00","644,56"
2026-09-18,Search | Buty do biegania,Na rynku: Obuwie sportowe,597,25,"50,76","0,00","0,00"
2026-09-18,Search | Buty do biegania,Zainteresowania: Bieganie,792,40,"81,22","2,00","644,56"
2026-09-18,Search | Buty do biegania,Zainteresowania: Turystyka górska,246,18,"36,55","1,00","322,28"
2026-09-18,Search | Buty trailowe,Odwiedzający sklep – 30 dni,170,5,"10,13","0,00","0,00"
2026-09-18,Search | Buty trailowe,Na rynku: Obuwie sportowe,390,20,"40,51","0,00","0,00"
2026-09-18,Search | Buty trailowe,Zainteresowania: Bieganie,434,19,"38,49","0,00","0,00"
2026-09-18,Search | Buty trailowe,Zainteresowania: Turystyka górska,160,7,"14,18","0,00","0,00"
2026-09-18,Search | Konkurencja,Odwiedzający sklep – 30 dni,150,4,"10,50","0,00","0,00"
2026-09-18,Search | Konkurencja,Na rynku: Obuwie sportowe,265,15,"39,37","0,00","0,00"
2026-09-18,Search | Konkurencja,Zainteresowania: Bieganie,323,6,"15,75","0,00","0,00"
2026-09-18,Search | Konkurencja,Zainteresowania: Turystyka górska,103,0,"0,00","0,00","0,00"
2026-09-19,Search | Brand,Odwiedzający sklep – 30 dni,33,11,"9,66","2,00","779,56"
2026-09-19,Search | Brand,Na rynku: Obuwie sportowe,67,12,"10,54","1,00","389,78"
2026-09-19,Search | Brand,Zainteresowania: Bieganie,77,19,"16,68","0,00","0,00"
2026-09-19,Search | Brand,Zainteresowania: Turystyka górska,26,9,"7,90","0,00","0,00"
2026-09-19,Search | Buty do biegania,Odwiedzający sklep – 30 dni,268,12,"21,68","0,00","0,00"
2026-09-19,Search | Buty do biegania,Na rynku: Obuwie sportowe,543,22,"39,74","0,00","0,00"
2026-09-19,Search | Buty do biegania,Zainteresowania: Bieganie,639,29,"52,39","0,00","0,00"
2026-09-19,Search | Buty do biegania,Zainteresowania: Turystyka górska,215,10,"18,07","0,00","0,00"
2026-09-19,Search | Buty trailowe,Odwiedzający sklep – 30 dni,156,5,"9,58","0,00","0,00"
2026-09-19,Search | Buty trailowe,Na rynku: Obuwie sportowe,287,14,"26,82","0,00","0,00"
2026-09-19,Search | Buty trailowe,Zainteresowania: Bieganie,364,15,"28,73","0,00","0,00"
2026-09-19,Search | Buty trailowe,Zainteresowania: Turystyka górska,137,8,"15,32","0,00","0,00"
2026-09-19,Search | Konkurencja,Odwiedzający sklep – 30 dni,101,5,"14,96","0,00","0,00"
2026-09-19,Search | Konkurencja,Na rynku: Obuwie sportowe,218,7,"20,95","0,00","0,00"
2026-09-19,Search | Konkurencja,Zainteresowania: Bieganie,282,9,"26,93","0,00","0,00"
2026-09-19,Search | Konkurencja,Zainteresowania: Turystyka górska,93,4,"11,97","0,00","0,00"
2026-09-20,Search | Brand,Odwiedzający sklep – 30 dni,32,3,"2,34","0,00","0,00"
2026-09-20,Search | Brand,Na rynku: Obuwie sportowe,65,18,"14,02","0,00","0,00"
2026-09-20,Search | Brand,Zainteresowania: Bieganie,92,24,"18,70","1,00","380,08"
2026-09-20,Search | Brand,Zainteresowania: Turystyka górska,25,9,"7,01","0,00","0,00"
2026-09-20,Search | Buty do biegania,Odwiedzający sklep – 30 dni,275,23,"52,91","1,00","379,36"
2026-09-20,Search | Buty do biegania,Na rynku: Obuwie sportowe,547,31,"71,32","1,00","379,36"
2026-09-20,Search | Buty do biegania,Zainteresowania: Bieganie,690,43,"98,92","1,00","379,36"
2026-09-20,Search | Buty do biegania,Zainteresowania: Turystyka górska,234,10,"23,01","0,00","0,00"
2026-09-20,Search | Buty trailowe,Odwiedzający sklep – 30 dni,125,5,"10,02","1,00","364,36"
2026-09-20,Search | Buty trailowe,Na rynku: Obuwie sportowe,299,14,"28,05","0,00","0,00"
2026-09-20,Search | Buty trailowe,Zainteresowania: Bieganie,352,16,"32,06","0,00","0,00"
2026-09-20,Search | Buty trailowe,Zainteresowania: Turystyka górska,141,3,"6,01","0,00","0,00"
2026-09-20,Search | Konkurencja,Odwiedzający sklep – 30 dni,119,8,"20,76","1,00","335,39"
2026-09-20,Search | Konkurencja,Na rynku: Obuwie sportowe,218,7,"18,17","0,00","0,00"
2026-09-20,Search | Konkurencja,Zainteresowania: Bieganie,248,10,"25,95","0,00","0,00"
2026-09-20,Search | Konkurencja,Zainteresowania: Turystyka górska,91,2,"5,19","0,00","0,00"
2026-09-21,Search | Brand,Odwiedzający sklep – 30 dni,35,6,"5,83","0,00","0,00"
2026-09-21,Search | Brand,Na rynku: Obuwie sportowe,71,22,"21,36","2,00","773,86"
2026-09-21,Search | Brand,Zainteresowania: Bieganie,93,23,"22,33","0,00","0,00"
2026-09-21,Search | Brand,Zainteresowania: Turystyka górska,35,7,"6,80","0,00","0,00"
2026-09-21,Search | Buty do biegania,Odwiedzający sklep – 30 dni,309,21,"44,66","0,00","0,00"
2026-09-21,Search | Buty do biegania,Na rynku: Obuwie sportowe,628,44,"93,58","0,00","0,00"
2026-09-21,Search | Buty do biegania,Zainteresowania: Bieganie,768,49,"104,22","1,00","314,47"
2026-09-21,Search | Buty do biegania,Zainteresowania: Turystyka górska,256,13,"27,65","1,00","314,47"
2026-09-21,Search | Buty trailowe,Odwiedzający sklep – 30 dni,184,9,"17,30","0,00","0,00"
2026-09-21,Search | Buty trailowe,Na rynku: Obuwie sportowe,372,12,"23,06","0,00","0,00"
2026-09-21,Search | Buty trailowe,Zainteresowania: Bieganie,436,19,"36,51","0,00","0,00"
2026-09-21,Search | Buty trailowe,Zainteresowania: Turystyka górska,144,5,"9,61","0,00","0,00"
2026-09-21,Search | Konkurencja,Odwiedzający sklep – 30 dni,150,2,"5,60","0,00","0,00"
2026-09-21,Search | Konkurencja,Na rynku: Obuwie sportowe,261,5,"14,01","0,00","0,00"
2026-09-21,Search | Konkurencja,Zainteresowania: Bieganie,337,10,"28,02","0,00","0,00"
2026-09-21,Search | Konkurencja,Zainteresowania: Turystyka górska,126,3,"8,41","0,00","0,00"
2026-09-22,Search | Brand,Odwiedzający sklep – 30 dni,42,10,"7,88","1,00","306,19"
2026-09-22,Search | Brand,Na rynku: Obuwie sportowe,81,16,"12,61","0,00","0,00"
2026-09-22,Search | Brand,Zainteresowania: Bieganie,84,30,"23,64","2,00","612,37"
2026-09-22,Search | Brand,Zainteresowania: Turystyka górska,34,6,"4,73","0,00","0,00"
2026-09-22,Search | Buty do biegania,Odwiedzający sklep – 30 dni,296,21,"39,58","1,00","372,38"
2026-09-22,Search | Buty do biegania,Na rynku: Obuwie sportowe,609,32,"60,32","0,00","0,00"
2026-09-22,Search | Buty do biegania,Zainteresowania: Bieganie,811,47,"88,59","0,00","0,00"
2026-09-22,Search | Buty do biegania,Zainteresowania: Turystyka górska,268,14,"26,39","0,00","0,00"
2026-09-22,Search | Buty trailowe,Odwiedzający sklep – 30 dni,169,8,"15,10","0,00","0,00"
2026-09-22,Search | Buty trailowe,Na rynku: Obuwie sportowe,373,19,"35,87","2,00","682,45"
2026-09-22,Search | Buty trailowe,Zainteresowania: Bieganie,424,28,"52,85","3,00","1 023,68"
2026-09-22,Search | Buty trailowe,Zainteresowania: Turystyka górska,155,5,"9,44","0,00","0,00"
2026-09-22,Search | Konkurencja,Odwiedzający sklep – 30 dni,116,6,"15,94","0,00","0,00"
2026-09-22,Search | Konkurencja,Na rynku: Obuwie sportowe,254,12,"31,89","0,00","0,00"
2026-09-22,Search | Konkurencja,Zainteresowania: Bieganie,330,11,"29,23","0,00","0,00"
2026-09-22,Search | Konkurencja,Zainteresowania: Turystyka górska,127,5,"13,29","0,00","0,00"
2026-09-23,Search | Brand,Odwiedzający sklep – 30 dni,35,13,"12,02","2,00","627,33"
2026-09-23,Search | Brand,Na rynku: Obuwie sportowe,82,20,"18,49","5,00","1 568,33"
2026-09-23,Search | Brand,Zainteresowania: Bieganie,86,24,"22,18","0,00","0,00"
2026-09-23,Search | Brand,Zainteresowania: Turystyka górska,37,8,"7,39","0,00","0,00"
2026-09-23,Search | Buty do biegania,Odwiedzający sklep – 30 dni,302,22,"40,64","1,00","293,21"
2026-09-23,Search | Buty do biegania,Na rynku: Obuwie sportowe,626,31,"57,26","2,00","586,41"
2026-09-23,Search | Buty do biegania,Zainteresowania: Bieganie,773,49,"90,51","4,00","1 172,82"
2026-09-23,Search | Buty do biegania,Zainteresowania: Turystyka górska,251,14,"25,86","0,00","0,00"
2026-09-23,Search | Buty trailowe,Odwiedzający sklep – 30 dni,154,6,"11,96","0,00","0,00"
2026-09-23,Search | Buty trailowe,Na rynku: Obuwie sportowe,357,11,"21,93","0,00","0,00"
2026-09-23,Search | Buty trailowe,Zainteresowania: Bieganie,392,15,"29,90","0,00","0,00"
2026-09-23,Search | Buty trailowe,Zainteresowania: Turystyka górska,124,4,"7,97","0,00","0,00"
2026-09-23,Search | Konkurencja,Odwiedzający sklep – 30 dni,138,3,"8,86","1,00","402,34"
2026-09-23,Search | Konkurencja,Na rynku: Obuwie sportowe,280,5,"14,76","0,00","0,00"
2026-09-23,Search | Konkurencja,Zainteresowania: Bieganie,309,15,"44,29","0,00","0,00"
2026-09-23,Search | Konkurencja,Zainteresowania: Turystyka górska,98,6,"17,72","0,00","0,00"
2026-09-24,Search | Brand,Odwiedzający sklep – 30 dni,32,11,"9,41","1,00","282,26"
2026-09-24,Search | Brand,Na rynku: Obuwie sportowe,76,22,"18,82","1,00","282,26"
2026-09-24,Search | Brand,Zainteresowania: Bieganie,86,19,"16,25","0,00","0,00"
2026-09-24,Search | Brand,Zainteresowania: Turystyka górska,28,5,"4,28","0,00","0,00"
2026-09-24,Search | Buty do biegania,Odwiedzający sklep – 30 dni,309,24,"46,10","2,00","637,75"
2026-09-24,Search | Buty do biegania,Na rynku: Obuwie sportowe,666,40,"76,83","0,00","0,00"
2026-09-24,Search | Buty do biegania,Zainteresowania: Bieganie,799,57,"109,48","2,00","637,75"
2026-09-24,Search | Buty do biegania,Zainteresowania: Turystyka górska,259,26,"49,94","0,00","0,00"
2026-09-24,Search | Buty trailowe,Odwiedzający sklep – 30 dni,170,8,"14,53","0,00","0,00"
2026-09-24,Search | Buty trailowe,Na rynku: Obuwie sportowe,357,26,"47,21","0,00","0,00"
2026-09-24,Search | Buty trailowe,Zainteresowania: Bieganie,392,17,"30,87","0,00","0,00"
2026-09-24,Search | Buty trailowe,Zainteresowania: Turystyka górska,148,12,"21,79","0,00","0,00"
2026-09-24,Search | Konkurencja,Odwiedzający sklep – 30 dni,133,4,"12,45","0,00","0,00"
2026-09-24,Search | Konkurencja,Na rynku: Obuwie sportowe,279,11,"34,24","0,00","0,00"
2026-09-24,Search | Konkurencja,Zainteresowania: Bieganie,354,8,"24,90","0,00","0,00"
2026-09-24,Search | Konkurencja,Zainteresowania: Turystyka górska,131,4,"12,45","0,00","0,00"
2026-09-25,Search | Brand,Odwiedzający sklep – 30 dni,37,14,"13,62","4,00","1 543,25"
2026-09-25,Search | Brand,Na rynku: Obuwie sportowe,66,16,"15,57","2,00","771,63"
2026-09-25,Search | Brand,Zainteresowania: Bieganie,93,21,"20,43","0,00","0,00"
2026-09-25,Search | Brand,Zainteresowania: Turystyka górska,33,6,"5,84","0,00","0,00"
2026-09-25,Search | Buty do biegania,Odwiedzający sklep – 30 dni,315,18,"34,67","1,00","378,12"
2026-09-25,Search | Buty do biegania,Na rynku: Obuwie sportowe,649,39,"75,11","3,00","1 134,35"
2026-09-25,Search | Buty do biegania,Zainteresowania: Bieganie,776,50,"96,30","3,00","1 134,35"
2026-09-25,Search | Buty do biegania,Zainteresowania: Turystyka górska,262,17,"32,74","0,00","0,00"
2026-09-25,Search | Buty trailowe,Odwiedzający sklep – 30 dni,158,8,"15,92","0,00","0,00"
2026-09-25,Search | Buty trailowe,Na rynku: Obuwie sportowe,369,13,"25,88","0,00","0,00"
2026-09-25,Search | Buty trailowe,Zainteresowania: Bieganie,437,27,"53,74","1,00","280,98"
2026-09-25,Search | Buty trailowe,Zainteresowania: Turystyka górska,146,7,"13,93","0,00","0,00"
2026-09-25,Search | Konkurencja,Odwiedzający sklep – 30 dni,146,2,"6,28","0,00","0,00"
2026-09-25,Search | Konkurencja,Na rynku: Obuwie sportowe,288,8,"25,14","1,00","396,64"
2026-09-25,Search | Konkurencja,Zainteresowania: Bieganie,341,4,"12,57","0,00","0,00"
2026-09-25,Search | Konkurencja,Zainteresowania: Turystyka górska,115,6,"18,85","0,00","0,00"
2026-09-26,Search | Brand,Odwiedzający sklep – 30 dni,34,8,"6,23","0,00","0,00"
2026-09-26,Search | Brand,Na rynku: Obuwie sportowe,57,12,"9,34","1,00","368,98"
2026-09-26,Search | Brand,Zainteresowania: Bieganie,78,24,"18,68","4,00","1 475,91"
2026-09-26,Search | Brand,Zainteresowania: Turystyka górska,26,7,"5,45","0,00","0,00"
2026-09-26,Search | Buty do biegania,Odwiedzający sklep – 30 dni,292,10,"20,27","2,00","644,87"
2026-09-26,Search | Buty do biegania,Na rynku: Obuwie sportowe,556,25,"50,67","0,00","0,00"
2026-09-26,Search | Buty do biegania,Zainteresowania: Bieganie,674,35,"70,94","1,00","322,44"
2026-09-26,Search | Buty do biegania,Zainteresowania: Turystyka górska,206,21,"42,57","0,00","0,00"
2026-09-26,Search | Buty trailowe,Odwiedzający sklep – 30 dni,135,6,"12,14","1,00","290,19"
2026-09-26,Search | Buty trailowe,Na rynku: Obuwie sportowe,321,10,"20,23","1,00","290,19"
2026-09-26,Search | Buty trailowe,Zainteresowania: Bieganie,382,19,"38,44","0,00","0,00"
2026-09-26,Search | Buty trailowe,Zainteresowania: Turystyka górska,129,4,"8,09","0,00","0,00"
2026-09-26,Search | Konkurencja,Odwiedzający sklep – 30 dni,98,8,"21,32","0,00","0,00"
2026-09-26,Search | Konkurencja,Na rynku: Obuwie sportowe,224,12,"31,98","0,00","0,00"
2026-09-26,Search | Konkurencja,Zainteresowania: Bieganie,275,10,"26,65","0,00","0,00"
2026-09-26,Search | Konkurencja,Zainteresowania: Turystyka górska,99,3,"8,00","0,00","0,00"
2026-09-27,Search | Brand,Odwiedzający sklep – 30 dni,33,9,"8,94","3,00","950,38"
2026-09-27,Search | Brand,Na rynku: Obuwie sportowe,56,20,"19,88","1,00","316,79"
2026-09-27,Search | Brand,Zainteresowania: Bieganie,80,18,"17,89","2,00","633,58"
2026-09-27,Search | Brand,Zainteresowania: Turystyka górska,22,7,"6,96","0,00","0,00"
2026-09-27,Search | Buty do biegania,Odwiedzający sklep – 30 dni,267,18,"31,18","1,00","367,56"
2026-09-27,Search | Buty do biegania,Na rynku: Obuwie sportowe,551,29,"50,23","0,00","0,00"
2026-09-27,Search | Buty do biegania,Zainteresowania: Bieganie,655,34,"58,89","0,00","0,00"
2026-09-27,Search | Buty do biegania,Zainteresowania: Turystyka górska,196,10,"17,32","1,00","367,56"
2026-09-27,Search | Buty trailowe,Odwiedzający sklep – 30 dni,159,12,"23,03","0,00","0,00"
2026-09-27,Search | Buty trailowe,Na rynku: Obuwie sportowe,309,19,"36,46","0,00","0,00"
2026-09-27,Search | Buty trailowe,Zainteresowania: Bieganie,393,21,"40,29","1,00","266,52"
2026-09-27,Search | Buty trailowe,Zainteresowania: Turystyka górska,149,7,"13,43","0,00","0,00"
2026-09-27,Search | Konkurencja,Odwiedzający sklep – 30 dni,109,5,"13,84","0,00","0,00"
2026-09-27,Search | Konkurencja,Na rynku: Obuwie sportowe,200,8,"22,14","0,00","0,00"
2026-09-27,Search | Konkurencja,Zainteresowania: Bieganie,294,13,"35,98","0,00","0,00"
2026-09-27,Search | Konkurencja,Zainteresowania: Turystyka górska,86,2,"5,53","0,00","0,00"
2026-09-28,Search | Brand,Odwiedzający sklep – 30 dni,29,6,"5,34","2,00","847,10"
2026-09-28,Search | Brand,Na rynku: Obuwie sportowe,67,10,"8,90","1,00","423,55"
2026-09-28,Search | Brand,Zainteresowania: Bieganie,72,21,"18,70","5,00","2 117,74"
2026-09-28,Search | Brand,Zainteresowania: Turystyka górska,25,4,"3,56","0,00","0,00"
2026-09-28,Search | Buty do biegania,Odwiedzający sklep – 30 dni,325,12,"23,76","4,00","1 437,98"
2026-09-28,Search | Buty do biegania,Na rynku: Obuwie sportowe,686,40,"79,19","2,00","718,99"
2026-09-28,Search | Buty do biegania,Zainteresowania: Bieganie,788,54,"106,91","2,00","718,99"
2026-09-28,Search | Buty do biegania,Zainteresowania: Turystyka górska,254,8,"15,84","0,00","0,00"
2026-09-28,Search | Buty trailowe,Odwiedzający sklep – 30 dni,179,7,"13,99","1,00","367,27"
2026-09-28,Search | Buty trailowe,Na rynku: Obuwie sportowe,393,22,"43,96","1,00","367,27"
2026-09-28,Search | Buty trailowe,Zainteresowania: Bieganie,428,30,"59,95","0,00","0,00"
2026-09-28,Search | Buty trailowe,Zainteresowania: Turystyka górska,139,10,"19,98","0,00","0,00"
2026-09-28,Search | Konkurencja,Odwiedzający sklep – 30 dni,139,6,"19,33","0,00","0,00"
2026-09-28,Search | Konkurencja,Na rynku: Obuwie sportowe,277,10,"32,22","0,00","0,00"
2026-09-28,Search | Konkurencja,Zainteresowania: Bieganie,321,12,"38,66","0,00","0,00"
2026-09-28,Search | Konkurencja,Zainteresowania: Turystyka górska,108,5,"16,11","0,00","0,00"
2026-09-29,Search | Brand,Odwiedzający sklep – 30 dni,28,6,"5,32","0,00","0,00"
2026-09-29,Search | Brand,Na rynku: Obuwie sportowe,74,16,"14,18","2,00","705,66"
2026-09-29,Search | Brand,Zainteresowania: Bieganie,69,20,"17,73","2,00","705,66"
2026-09-29,Search | Brand,Zainteresowania: Turystyka górska,25,2,"1,77","0,00","0,00"
2026-09-29,Search | Buty do biegania,Odwiedzający sklep – 30 dni,345,15,"28,20","0,00","0,00"
2026-09-29,Search | Buty do biegania,Na rynku: Obuwie sportowe,682,40,"75,20","0,00","0,00"
2026-09-29,Search | Buty do biegania,Zainteresowania: Bieganie,812,45,"84,60","2,00","823,26"
2026-09-29,Search | Buty do biegania,Zainteresowania: Turystyka górska,267,15,"28,20","0,00","0,00"
2026-09-29,Search | Buty trailowe,Odwiedzający sklep – 30 dni,181,6,"12,86","0,00","0,00"
2026-09-29,Search | Buty trailowe,Na rynku: Obuwie sportowe,368,11,"23,57","0,00","0,00"
2026-09-29,Search | Buty trailowe,Zainteresowania: Bieganie,444,16,"34,29","1,00","423,38"
2026-09-29,Search | Buty trailowe,Zainteresowania: Turystyka górska,133,4,"8,57","0,00","0,00"
2026-09-29,Search | Konkurencja,Odwiedzający sklep – 30 dni,132,2,"5,58","0,00","0,00"
2026-09-29,Search | Konkurencja,Na rynku: Obuwie sportowe,309,10,"27,89","0,00","0,00"
2026-09-29,Search | Konkurencja,Zainteresowania: Bieganie,334,8,"22,31","1,00","404,84"
2026-09-29,Search | Konkurencja,Zainteresowania: Turystyka górska,107,5,"13,94","0,00","0,00"
2026-09-30,Search | Brand,Odwiedzający sklep – 30 dni,38,11,"10,55","2,00","818,72"
2026-09-30,Search | Brand,Na rynku: Obuwie sportowe,71,25,"23,97","2,00","818,72"
2026-09-30,Search | Brand,Zainteresowania: Bieganie,90,24,"23,01","2,00","818,72"
2026-09-30,Search | Brand,Zainteresowania: Turystyka górska,44,15,"14,38","1,00","409,36"
2026-09-30,Search | Buty do biegania,Odwiedzający sklep – 30 dni,318,20,"36,98","1,00","400,87"
2026-09-30,Search | Buty do biegania,Na rynku: Obuwie sportowe,707,36,"66,56","2,00","801,75"
2026-09-30,Search | Buty do biegania,Zainteresowania: Bieganie,807,38,"70,26","0,00","0,00"
2026-09-30,Search | Buty do biegania,Zainteresowania: Turystyka górska,235,18,"33,28","0,00","0,00"
2026-09-30,Search | Buty trailowe,Odwiedzający sklep – 30 dni,183,3,"6,10","0,00","0,00"
2026-09-30,Search | Buty trailowe,Na rynku: Obuwie sportowe,353,18,"36,60","0,00","0,00"
2026-09-30,Search | Buty trailowe,Zainteresowania: Bieganie,429,20,"40,66","0,00","0,00"
2026-09-30,Search | Buty trailowe,Zainteresowania: Turystyka górska,149,5,"10,17","0,00","0,00"
2026-09-30,Search | Konkurencja,Odwiedzający sklep – 30 dni,133,6,"16,11","0,00","0,00"
2026-09-30,Search | Konkurencja,Na rynku: Obuwie sportowe,287,10,"26,85","1,00","346,29"
2026-09-30,Search | Konkurencja,Zainteresowania: Bieganie,331,11,"29,54","0,00","0,00"
2026-09-30,Search | Konkurencja,Zainteresowania: Turystyka górska,126,2,"5,37","0,00","0,00"
