Dzień,Kampania,Działanie powodujące konwersję,Kategoria działania powodującego konwersję,Konwersje,Wartość konw.
2026-08-02,PMax | Cały asortyment,Zakup,Zakup,"4,00","1 832,30"
2026-08-02,PMax | Cały asortyment,Połączenie telefoniczne z reklamy,Kontakt,"1,00","0,00"
2026-08-02,Search | Brand,Zakup,Zakup,"3,00","1 512,71"
2026-08-02,Search | Brand,Wyświetlenie strony – Kontakt,Wyświetlenie strony,"2,00","0,00"
2026-08-02,Search | Buty trailowe,Zakup,Zakup,"2,00","607,45"
2026-08-02,Search | Konkurencja,Zakup,Zakup,"1,00","308,57"
2026-08-03,PMax | Cały asortyment,Zakup,Zakup,"2,00","771,72"
2026-08-03,Search | Brand,Zakup,Zakup,"3,00","1 801,03"
2026-08-03,Search | Brand,Wyświetlenie strony – Kontakt,Wyświetlenie strony,"2,00","0,00"
2026-08-03,Search | Buty do biegania,Wyświetlenie strony – Kontakt,Wyświetlenie strony,"1,00","0,00"
2026-08-03,Search | Buty trailowe,Zakup,Zakup,"4,00","1 356,14"
2026-08-03,Search | Konkurencja,Zakup,Zakup,"2,00","671,71"
2026-08-04,PMax | Cały asortyment,Zakup,Zakup,"1,00","418,50"
2026-08-04,Search | Brand,Zakup,Zakup,"3,00","1 372,20"
2026-08-04,Search | Brand,Wyświetlenie strony – Kontakt,Wyświetlenie strony,"1,00","0,00"
2026-08-04,Search | Buty do biegania,Zakup,Zakup,"2,00","1 183,55"
2026-08-04,Search | Buty do biegania,Połączenie telefoniczne z reklamy,Kontakt,"1,00","0,00"
2026-08-04,Search | Buty trailowe,Zakup,Zakup,"1,00","264,16"
2026-08-04,Search | Konkurencja,Zakup,Zakup,"2,00","772,13"
2026-08-05,PMax | Cały asortyment,Zakup,Zakup,"2,00","1 095,10"
2026-08-05,PMax | Cały asortyment,Połączenie telefoniczne z reklamy,Kontakt,"1,00","0,00"
2026-08-05,PMax | Cały asortyment,Wyświetlenie strony – Kontakt,Wyświetlenie strony,"1,00","0,00"
2026-08-05,Search | Brand,Zakup,Zakup,"3,00","1 734,60"
2026-08-05,Search | Brand,Wyświetlenie strony – Kontakt,Wyświetlenie strony,"1,00","0,00"
2026-08-05,Search | Buty do biegania,Zakup,Zakup,"1,00","631,42"
2026-08-05,Search | Buty do biegania,Wyświetlenie strony – Kontakt,Wyświetlenie strony,"1,00","0,00"
2026-08-05,Search | Buty trailowe,Zakup,Zakup,"1,00","325,88"
2026-08-05,Search | Konkurencja,Zakup,Zakup,"1,00","439,11"
2026-08-06,Display | Remarketing,Zakup,Zakup,"1,00","329,52"
2026-08-06,PMax | Cały asortyment,Zakup,Zakup,"1,00","293,97"
2026-08-06,Search | Brand,Zakup,Zakup,"8,00","3 719,35"
2026-08-06,Search | Brand,Połączenie telefoniczne z reklamy,Kontakt,"1,00","0,00"
2026-08-06,Search | Brand,Wyświetlenie strony – Kontakt,Wyświetlenie strony,"1,00","0,00"
2026-08-06,Search | Buty do biegania,Zakup,Zakup,"3,00","1 507,27"
2026-08-06,Search | Buty do biegania,Wyświetlenie strony – Kontakt,Wyświetlenie strony,"1,00","0,00"
2026-08-06,Search | Konkurencja,Zakup,Zakup,"1,00","408,92"
2026-08-07,PMax | Cały asortyment,Zakup,Zakup,"3,00","1 549,47"
2026-08-07,PMax | Cały asortyment,Wyświetlenie strony – Kontakt,Wyświetlenie strony,"1,00","0,00"
2026-08-07,Search | Brand,Zakup,Zakup,"5,00","2 158,74"
2026-08-07,Search | Brand,Połączenie telefoniczne z reklamy,Kontakt,"1,00","0,00"
2026-08-07,Search | Brand,Wyświetlenie strony – Kontakt,Wyświetlenie strony,"1,00","0,00"
2026-08-07,Search | Buty do biegania,Zakup,Zakup,"4,00","1 275,60"
2026-08-07,Search | Buty trailowe,Zakup,Zakup,"3,00","952,01"
2026-08-07,Search | Konkurencja,Wyświetlenie strony – Kontakt,Wyświetlenie strony,"1,00","0,00"
2026-08-08,Display | Remarketing,Zakup,Zakup,"1,00","330,18"
2026-08-08,PMax | Cały asortyment,Zakup,Zakup,"2,00","1 274,17"
2026-08-08,PMax | Cały asortyment,Wyświetlenie strony – Kontakt,Wyświetlenie strony,"1,00","0,00"
2026-08-08,Search | Brand,Zakup,Zakup,"1,00","1 015,25"
2026-08-08,Search | Brand,Połączenie telefoniczne z reklamy,Kontakt,"1,00","0,00"
2026-08-08,Search | Brand,Wyświetlenie strony – Kontakt,Wyświetlenie strony,"1,00","0,00"
2026-08-08,Search | Buty do biegania,Zakup,Zakup,"4,00","1 313,26"
2026-08-08,Search | Buty trailowe,Zakup,Zakup,"3,00","1 197,93"
2026-08-08,Search | Konkurencja,Zakup,Zakup,"1,00","664,03"
2026-08-08,Search | Konkurencja,Wyświetlenie strony – Kontakt,Wyświetlenie strony,"1,00","0,00"
2026-08-09,PMax | Cały asortyment,Zakup,Zakup,"1,00","748,11"
2026-08-09,PMax | Cały asortyment,Wyświetlenie strony – Kontakt,Wyświetlenie strony,"1,00","0,00"
2026-08-09,Search | Brand,Zakup,Zakup,"4,00","1 830,69"
2026-08-09,Search | Brand,Wyświetlenie strony – Kontakt,Wyświetlenie strony,"1,00","0,00"
2026-08-09,Search | Buty do biegania,Zakup,Zakup,"3,00","1 164,72"
2026-08-09,Search | Konkurencja,Zakup,Zakup,"1,00","424,44"
2026-08-10,PMax | Cały asortyment,Zakup,Zakup,"2,00","543,56"
2026-08-10,Search | Brand,Zakup,Zakup,"3,00","1 103,69"
2026-08-10,Search | Brand,Połączenie telefoniczne z reklamy,Kontakt,"1,00","0,00"
2026-08-10,Search | Buty do biegania,Zakup,Zakup,"3,00","860,03"
2026-08-10,Search | Buty trailowe,Zakup,Zakup,"2,00","1 120,17"
2026-08-10,Search | Buty trailowe,Wyświetlenie strony – Kontakt,Wyświetlenie strony,"2,00","0,00"
2026-08-11,PMax | Cały asortyment,Zakup,Zakup,"3,00","912,72"
2026-08-11,Search | Brand,Zakup,Zakup,"6,00","3 559,71"
2026-08-11,Search | Brand,Wyświetlenie strony – Kontakt,Wyświetlenie strony,"3,00","0,00"
2026-08-11,Search | Buty do biegania,Zakup,Zakup,"4,00","1 695,07"
2026-08-11,Search | Buty do biegania,Wyświetlenie strony – Kontakt,Wyświetlenie strony,"1,00","0,00"
2026-08-11,Search | Buty trailowe,Połączenie telefoniczne z reklamy,Kontakt,"2,00","0,00"
2026-08-11,Search | Buty trailowe,Wyświetlenie strony – Kontakt,Wyświetlenie strony,"1,00","0,00"
2026-08-12,PMax | Cały asortyment,Zakup,Zakup,"1,00","369,86"
2026-08-12,Search | Brand,Zakup,Zakup,"3,00","1 357,97"
2026-08-12,Search | Brand,Wyświetlenie strony – Kontakt,Wyświetlenie strony,"1,00","0,00"
2026-08-12,Search | Buty do biegania,Zakup,Zakup,"5,00","2 717,69"
2026-08-12,Search | Buty do biegania,Wyświetlenie strony – Kontakt,Wyświetlenie strony,"2,00","0,00"
2026-08-12,Search | Buty trailowe,Zakup,Zakup,"1,00","608,79"
2026-08-12,Search | Buty trailowe,Wyświetlenie strony – Kontakt,Wyświetlenie strony,"1,00","0,00"
2026-08-12,Search | Konkurencja,Wyświetlenie strony – Kontakt,Wyświetlenie strony,"1,00","0,00"
2026-08-13,PMax | Cały asortyment,Zakup,Zakup,"1,00","1 292,08"
2026-08-13,PMax | Cały asortyment,Wyświetlenie strony – Kontakt,Wyświetlenie strony,"2,00","0,00"
2026-08-13,Search | Brand,Zakup,Zakup,"5,00","2 457,15"
2026-08-13,Search | Brand,Połączenie telefoniczne z reklamy,Kontakt,"1,00","0,00"
2026-08-13,Search | Buty do biegania,Zakup,Zakup,"3,00","1 018,47"
2026-08-13,Search | Buty trailowe,Zakup,Zakup,"3,00","1 136,28"
2026-08-14,PMax | Cały asortyment,Zakup,Zakup,"1,00","606,37"
2026-08-14,PMax | Cały asortyment,Wyświetlenie strony – Kontakt,Wyświetlenie strony,"1,00","0,00"
2026-08-14,Search | Brand,Zakup,Zakup,"4,00","1 308,87"
2026-08-14,Search | Brand,Wyświetlenie strony – Kontakt,Wyświetlenie strony,"1,00","0,00"
2026-08-14,Search | Buty do biegania,Zakup,Zakup,"4,00","1 852,74"
2026-08-14,Search | Buty do biegania,Wyświetlenie strony – Kontakt,Wyświetlenie strony,"2,00","0,00"
2026-08-14,Search | Buty trailowe,Zakup,Zakup,"1,00","659,16"
2026-08-14,Search | Buty trailowe,Wyświetlenie strony – Kontakt,Wyświetlenie strony,"1,00","0,00"
2026-08-14,Search | Konkurencja,Zakup,Zakup,"1,00","324,92"
2026-08-15,PMax | Cały asortyment,Zakup,Zakup,"3,00","1 139,17"
2026-08-15,Search | Brand,Zakup,Zakup,"3,00","832,10"
2026-08-15,Search | Buty do biegania,Zakup,Zakup,"3,00","1 058,30"
2026-08-15,Search | Buty trailowe,Zakup,Zakup,"1,00","778,35"
2026-08-15,Search | Buty trailowe,Wyświetlenie strony – Kontakt,Wyświetlenie strony,"1,00","0,00"
2026-08-16,PMax | Cały asortyment,Zakup,Zakup,"5,00","2 923,12"
2026-08-16,PMax | Cały asortyment,Wyświetlenie strony – Kontakt,Wyświetlenie strony,"2,00","0,00"
2026-08-16,Search | Brand,Zakup,Zakup,"2,00","1 386,96"
2026-08-16,Search | Brand,Wyświetlenie strony – Kontakt,Wyświetlenie strony,"2,00","0,00"
2026-08-16,Search | Buty do biegania,Zakup,Zakup,"3,00","944,12"
2026-08-16,Search | Buty trailowe,Zakup,Zakup,"2,00","663,66"
2026-08-17,PMax | Cały asortyment,Zakup,Zakup,"2,00","611,26"
2026-08-17,Search | Brand,Zakup,Zakup,"5,00","1 741,38"
2026-08-17,Search | Buty do biegania,Zakup,Zakup,"3,00","1 179,49"
2026-08-17,Search | Buty trailowe,Zakup,Zakup,"4,00","1 298,91"
2026-08-18,PMax | Cały asortyment,Zakup,Zakup,"1,00","260,44"
2026-08-18,Search | Brand,Zakup,Zakup,"2,00","1 909,75"
2026-08-18,Search | Brand,Połączenie telefoniczne z reklamy,Kontakt,"1,00","0,00"
2026-08-18,Search | Brand,Wyświetlenie strony – Kontakt,Wyświetlenie strony,"3,00","0,00"
2026-08-18,Search | Buty do biegania,Zakup,Zakup,"4,00","1 776,84"
2026-08-18,Search | Buty do biegania,Wyświetlenie strony – Kontakt,Wyświetlenie strony,"1,00","0,00"
2026-08-18,Search | Buty trailowe,Zakup,Zakup,"1,00","300,06"
2026-08-18,Search | Konkurencja,Zakup,Zakup,"1,00","1 057,28"
2026-08-18,Search | Konkurencja,Wyświetlenie strony – Kontakt,Wyświetlenie strony,"2,00","0,00"
2026-08-19,Display | Remarketing,Zakup,Zakup,"1,00","274,03"
2026-08-19,PMax | Cały asortyment,Zakup,Zakup,"3,00","798,05"
2026-08-19,Search | Brand,Zakup,Zakup,"5,00","2 453,38"
2026-08-19,Search | Brand,Wyświetlenie strony – Kontakt,Wyświetlenie strony,"1,00","0,00"
2026-08-19,Search | Buty do biegania,Zakup,Zakup,"1,00","722,56"
2026-08-19,Search | Buty do biegania,Wyświetlenie strony – Kontakt,Wyświetlenie strony,"1,00","0,00"
2026-08-19,Search | Buty trailowe,Wyświetlenie strony – Kontakt,Wyświetlenie strony,"2,00","0,00"
2026-08-19,Search | Konkurencja,Wyświetlenie strony – Kontakt,Wyświetlenie strony,"1,00","0,00"
2026-08-20,PMax | Cały asortyment,Zakup,Zakup,"4,00","2 102,60"
2026-08-20,PMax | Cały asortyment,Połączenie telefoniczne z reklamy,Kontakt,"1,00","0,00"
2026-08-20,PMax | Cały asortyment,Wyświetlenie strony – Kontakt,Wyświetlenie strony,"2,00","0,00"
2026-08-20,Search | Brand,Zakup,Zakup,"5,00","1 917,61"
2026-08-20,Search | Buty do biegania,Zakup,Zakup,"4,00","1 263,16"
2026-08-20,Search | Buty trailowe,Zakup,Zakup,"1,00","402,81"
2026-08-21,PMax | Cały asortyment,Zakup,Zakup,"1,00","1 010,07"
2026-08-21,PMax | Cały asortyment,Wyświetlenie strony – Kontakt,Wyświetlenie strony,"2,00","0,00"
2026-08-21,Search | Brand,Zakup,Zakup,"6,00","2 376,35"
2026-08-21,Search | Brand,Wyświetlenie strony – Kontakt,Wyświetlenie strony,"1,00","0,00"
2026-08-21,Search | Buty do biegania,Zakup,Zakup,"2,00","1 056,55"
2026-08-21,Search | Buty do biegania,Wyświetlenie strony – Kontakt,Wyświetlenie strony,"1,00","0,00"
2026-08-21,Search | Buty trailowe,Zakup,Zakup,"1,00","423,52"
2026-08-21,Search | Konkurencja,Zakup,Zakup,"1,00","713,26"
2026-08-21,Search | Konkurencja,Wyświetlenie strony – Kontakt,Wyświetlenie strony,"1,00","0,00"
2026-08-22,PMax | Cały asortyment,Wyświetlenie strony – Kontakt,Wyświetlenie strony,"1,00","0,00"
2026-08-22,Search | Brand,Zakup,Zakup,"3,00","1 776,09"
2026-08-22,Search | Brand,Połączenie telefoniczne z reklamy,Kontakt,"1,00","0,00"
2026-08-22,Search | Brand,Wyświetlenie strony – Kontakt,Wyświetlenie strony,"1,00","0,00"
2026-08-22,Search | Buty do biegania,Zakup,Zakup,"3,00","1 264,33"
2026-08-22,Search | Buty do biegania,Wyświetlenie strony – Kontakt,Wyświetlenie strony,"1,00","0,00"
2026-08-22,Search | Buty trailowe,Wyświetlenie strony – Kontakt,Wyświetlenie strony,"1,00","0,00"
2026-08-22,Search | Konkurencja,Zakup,Zakup,"1,00","372,72"
2026-08-23,PMax | Cały asortyment,Zakup,Zakup,"1,00","396,46"
2026-08-23,Search | Brand,Zakup,Zakup,"2,00","1 086,59"
2026-08-23,Search | Brand,Połączenie telefoniczne z reklamy,Kontakt,"1,00","0,00"
2026-08-23,Search | Buty do biegania,Zakup,Zakup,"1,00","1 340,54"
2026-08-23,Search | Buty do biegania,Wyświetlenie strony – Kontakt,Wyświetlenie strony,"3,00","0,00"
2026-08-23,Search | Buty trailowe,Zakup,Zakup,"1,00","259,24"
2026-08-24,Search | Brand,Zakup,Zakup,"4,00","1 783,52"
2026-08-24,Search | Brand,Wyświetlenie strony – Kontakt,Wyświetlenie strony,"1,00","0,00"
2026-08-24,Search | Buty do biegania,Zakup,Zakup,"6,00","2 200,48"
2026-08-24,Search | Konkurencja,Połączenie telefoniczne z reklamy,Kontakt,"1,00","0,00"
2026-08-25,PMax | Cały asortyment,Zakup,Zakup,"3,00","2 180,69"
2026-08-25,PMax | Cały asortyment,Wyświetlenie strony – Kontakt,Wyświetlenie strony,"2,00","0,00"
2026-08-25,Search | Brand,Zakup,Zakup,"12,00","5 488,50"
2026-08-25,Search | Brand,Połączenie telefoniczne z reklamy,Kontakt,"1,00","0,00"
2026-08-25,Search | Brand,Wyświetlenie strony – Kontakt,Wyświetlenie strony,"1,00","0,00"
2026-08-25,Search | Buty do biegania,Zakup,Zakup,"4,00","1 833,12"
2026-08-25,Search | Buty do biegania,Wyświetlenie strony – Kontakt,Wyświetlenie strony,"1,00","0,00"
2026-08-25,Search | Konkurencja,Zakup,Zakup,"1,00","546,78"
2026-08-25,Search | Konkurencja,Wyświetlenie strony – Kontakt,Wyświetlenie strony,"1,00","0,00"
2026-08-26,Display | Remarketing,Zakup,Zakup,"1,00","361,96"
2026-08-26,Search | Brand,Zakup,Zakup,"7,00","3 548,24"
2026-08-26,Search | Brand,Połączenie telefoniczne z reklamy,Kontakt,"1,00","0,00"
2026-08-26,Search | Brand,Wyświetlenie strony – Kontakt,Wyświetlenie strony,"2,00","0,00"
2026-08-26,Search | Buty do biegania,Zakup,Zakup,"3,00","1 283,48"
2026-08-26,Search | Buty do biegania,Wyświetlenie strony – Kontakt,Wyświetlenie strony,"1,00","0,00"
2026-08-26,Search | Buty trailowe,Wyświetlenie strony – Kontakt,Wyświetlenie strony,"1,00","0,00"
2026-08-27,PMax | Cały asortyment,Zakup,Zakup,"1,00","333,68"
2026-08-27,Search | Brand,Zakup,Zakup,"4,00","1 967,62"
2026-08-27,Search | Brand,Połączenie telefoniczne z reklamy,Kontakt,"2,00","0,00"
2026-08-27,Search | Buty do biegania,Zakup,Zakup,"2,00","709,81"
2026-08-27,Search | Buty trailowe,Zakup,Zakup,"3,00","1 125,28"
2026-08-28,Display | Remarketing,Wyświetlenie strony – Kontakt,Wyświetlenie strony,"1,00","0,00"
2026-08-28,PMax | Cały asortyment,Zakup,Zakup,"2,00","1 002,66"
2026-08-28,PMax | Cały asortyment,Wyświetlenie strony – Kontakt,Wyświetlenie strony,"1,00","0,00"
2026-08-28,Search | Brand,Zakup,Zakup,"3,00","963,58"
2026-08-28,Search | Buty do biegania,Zakup,Zakup,"5,00","2 933,38"
2026-08-28,Search | Buty do biegania,Wyświetlenie strony – Kontakt,Wyświetlenie strony,"3,00","0,00"
2026-08-28,Search | Buty trailowe,Zakup,Zakup,"1,00","354,91"
2026-08-28,Search | Konkurencja,Wyświetlenie strony – Kontakt,Wyświetlenie strony,"2,00","0,00"
2026-08-29,PMax | Cały asortyment,Zakup,Zakup,"3,00","1 180,08"
2026-08-29,Search | Brand,Zakup,Zakup,"4,00","1 830,81"
2026-08-29,Search | Brand,Połączenie telefoniczne z reklamy,Kontakt,"1,00","0,00"
2026-08-29,Search | Buty do biegania,Zakup,Zakup,"1,00","703,73"
2026-08-29,Search | Buty do biegania,Wyświetlenie strony – Kontakt,Wyświetlenie strony,"1,00","0,00"
2026-08-29,Search | Buty trailowe,Zakup,Zakup,"1,00","579,54"
2026-08-29,Search | Buty trailowe,Wyświetlenie strony – Kontakt,Wyświetlenie strony,"1,00","0,00"
2026-08-29,Search | Konkurencja,Zakup,Zakup,"1,00","277,89"
2026-08-30,PMax | Cały asortyment,Zakup,Zakup,"2,00","1 165,72"
2026-08-30,PMax | Cały asortyment,Wyświetlenie strony – Kontakt,Wyświetlenie strony,"1,00","0,00"
2026-08-30,Search | Brand,Zakup,Zakup,"5,00","2 256,87"
2026-08-30,Search | Brand,Połączenie telefoniczne z reklamy,Kontakt,"1,00","0,00"
2026-08-30,Search | Brand,Wyświetlenie strony – Kontakt,Wyświetlenie strony,"1,00","0,00"
2026-08-30,Search | Buty do biegania,Zakup,Zakup,"1,00","1 437,60"
2026-08-30,Search | Buty do biegania,Połączenie telefoniczne z reklamy,Kontakt,"1,00","0,00"
2026-08-30,Search | Buty do biegania,Wyświetlenie strony – Kontakt,Wyświetlenie strony,"2,00","0,00"
2026-08-30,Search | Buty trailowe,Zakup,Zakup,"2,00","605,53"
2026-08-30,Search | Konkurencja,Zakup,Zakup,"3,00","1 010,82"
2026-08-31,PMax | Cały asortyment,Zakup,Zakup,"3,00","974,98"
2026-08-31,Search | Brand,Zakup,Zakup,"4,00","1 779,59"
2026-08-31,Search | Brand,Wyświetlenie strony – Kontakt,Wyświetlenie strony,"1,00","0,00"
2026-08-31,Search | Buty do biegania,Zakup,Zakup,"5,00","2 036,04"
2026-08-31,Search | Buty trailowe,Zakup,Zakup,"3,00","1 145,96"
2026-09-01,PMax | Cały asortyment,Zakup,Zakup,"1,00","313,75"
2026-09-01,Search | Brand,Zakup,Zakup,"7,00","2 467,26"
2026-09-01,Search | Brand,Wyświetlenie strony – Kontakt,Wyświetlenie strony,"1,00","0,00"
2026-09-01,Search | Buty do biegania,Zakup,Zakup,"4,00","1 677,54"
2026-09-01,Search | Buty do biegania,Wyświetlenie strony – Kontakt,Wyświetlenie strony,"1,00","0,00"
2026-09-01,Search | Buty trailowe,Zakup,Zakup,"1,00","600,22"
2026-09-01,Search | Buty trailowe,Wyświetlenie strony – Kontakt,Wyświetlenie strony,"1,00","0,00"
2026-09-01,Search | Konkurencja,Zakup,Zakup,"1,00","341,30"
2026-09-02,PMax | Cały asortyment,Zakup,Zakup,"1,00","1 004,79"
2026-09-02,PMax | Cały asortyment,Połączenie telefoniczne z reklamy,Kontakt,"1,00","0,00"
2026-09-02,PMax | Cały asortyment,Wyświetlenie strony – Kontakt,Wyświetlenie strony,"1,00","0,00"
2026-09-02,Search | Brand,Zakup,Zakup,"2,00","642,20"
2026-09-02,Search | Buty do biegania,Zakup,Zakup,"3,00","1 738,80"
2026-09-02,Search | Buty do biegania,Wyświetlenie strony – Kontakt,Wyświetlenie strony,"2,00","0,00"
2026-09-02,Search | Buty trailowe,Zakup,Zakup,"1,00","314,82"
2026-09-02,Search | Konkurencja,Zakup,Zakup,"1,00","425,45"
2026-09-03,PMax | Cały asortyment,Połączenie telefoniczne z reklamy,Kontakt,"1,00","0,00"
2026-09-03,Search | Brand,Zakup,Zakup,"2,00","1 514,55"
2026-09-03,Search | Brand,Połączenie telefoniczne z reklamy,Kontakt,"1,00","0,00"
2026-09-03,Search | Brand,Wyświetlenie strony – Kontakt,Wyświetlenie strony,"1,00","0,00"
2026-09-03,Search | Buty do biegania,Zakup,Zakup,"5,00","1 849,71"
2026-09-04,PMax | Cały asortyment,Zakup,Zakup,"4,00","1 520,01"
2026-09-04,Search | Brand,Zakup,Zakup,"4,00","1 117,30"
2026-09-04,Search | Buty do biegania,Zakup,Zakup,"6,00","2 965,05"
2026-09-04,Search | Buty do biegania,Wyświetlenie strony – Kontakt,Wyświetlenie strony,"2,00","0,00"
2026-09-04,Search | Buty trailowe,Zakup,Zakup,"1,00","292,22"
2026-09-05,PMax | Cały asortyment,Zakup,Zakup,"1,00","397,89"
2026-09-05,Search | Brand,Zakup,Zakup,"4,00","1 891,19"
2026-09-05,Search | Brand,Wyświetlenie strony – Kontakt,Wyświetlenie strony,"1,00","0,00"
2026-09-05,Search | Buty do biegania,Zakup,Zakup,"5,00","1 674,18"
2026-09-05,Search | Konkurencja,Zakup,Zakup,"1,00","365,78"
2026-09-06,PMax | Cały asortyment,Zakup,Zakup,"1,00","1 250,55"
2026-09-06,PMax | Cały asortyment,Wyświetlenie strony – Kontakt,Wyświetlenie strony,"2,00","0,00"
2026-09-06,Search | Brand,Zakup,Zakup,"3,00","1 163,88"
2026-09-06,Search | Buty do biegania,Zakup,Zakup,"1,00","274,76"
2026-09-06,Search | Konkurencja,Zakup,Zakup,"1,00","544,91"
2026-09-06,Search | Konkurencja,Wyświetlenie strony – Kontakt,Wyświetlenie strony,"1,00","0,00"
2026-09-07,PMax | Cały asortyment,Zakup,Zakup,"1,00","434,81"
2026-09-07,Search | Brand,Zakup,Zakup,"4,00","1 143,26"
2026-09-07,Search | Buty do biegania,Zakup,Zakup,"4,00","2 296,38"
2026-09-07,Search | Buty do biegania,Wyświetlenie strony – Kontakt,Wyświetlenie strony,"2,00","0,00"
2026-09-08,PMax | Cały asortyment,Zakup,Zakup,"2,00","877,95"
2026-09-08,Search | Brand,Zakup,Zakup,"3,00","1 078,16"
2026-09-08,Search | Buty do biegania,Zakup,Zakup,"3,00","1 633,59"
2026-09-08,Search | Buty do biegania,Połączenie telefoniczne z reklamy,Kontakt,"1,00","0,00"
2026-09-08,Search | Buty do biegania,Wyświetlenie strony – Kontakt,Wyświetlenie strony,"1,00","0,00"
2026-09-08,Search | Konkurencja,Połączenie telefoniczne z reklamy,Kontakt,"1,00","0,00"
2026-09-09,PMax | Cały asortyment,Zakup,Zakup,"1,00","1 232,80"
2026-09-09,PMax | Cały asortyment,Połączenie telefoniczne z reklamy,Kontakt,"1,00","0,00"
2026-09-09,PMax | Cały asortyment,Wyświetlenie strony – Kontakt,Wyświetlenie strony,"1,00","0,00"
2026-09-09,Search | Brand,Zakup,Zakup,"5,00","2 654,13"
2026-09-09,Search | Brand,Połączenie telefoniczne z reklamy,Kontakt,"1,00","0,00"
2026-09-09,Search | Brand,Wyświetlenie strony – Kontakt,Wyświetlenie strony,"2,00","0,00"
2026-09-09,Search | Buty do biegania,Zakup,Zakup,"4,00","1 701,55"
2026-09-09,Search | Buty trailowe,Wyświetlenie strony – Kontakt,Wyświetlenie strony,"2,00","0,00"
2026-09-09,Search | Konkurencja,Zakup,Zakup,"1,00","265,31"
2026-09-10,PMax | Cały asortyment,Wyświetlenie strony – Kontakt,Wyświetlenie strony,"1,00","0,00"
2026-09-10,Search | Brand,Zakup,Zakup,"2,00","712,97"
2026-09-10,Search | Buty do biegania,Zakup,Zakup,"2,00","1 001,15"
2026-09-10,Search | Buty do biegania,Połączenie telefoniczne z reklamy,Kontakt,"1,00","0,00"
2026-09-10,Search | Konkurencja,Zakup,Zakup,"1,00","417,83"
2026-09-11,Search | Brand,Zakup,Zakup,"3,00","1 787,93"
2026-09-11,Search | Brand,Wyświetlenie strony – Kontakt,Wyświetlenie strony,"2,00","0,00"
2026-09-11,Search | Buty do biegania,Zakup,Zakup,"4,00","2 209,80"
2026-09-11,Search | Buty do biegania,Wyświetlenie strony – Kontakt,Wyświetlenie strony,"2,00","0,00"
2026-09-11,Search | Konkurencja,Zakup,Zakup,"1,00","275,14"
2026-09-12,PMax | Cały asortyment,Zakup,Zakup,"1,00","296,13"
2026-09-12,Search | Brand,Zakup,Zakup,"6,00","3 324,67"
2026-09-12,Search | Brand,Wyświetlenie strony – Kontakt,Wyświetlenie strony,"2,00","0,00"
2026-09-12,Search | Buty do biegania,Zakup,Zakup,"3,00","857,60"
2026-09-12,Search | Buty trailowe,Zakup,Zakup,"3,00","1 082,36"
2026-09-13,PMax | Cały asortyment,Zakup,Zakup,"3,00","1 715,84"
2026-09-13,PMax | Cały asortyment,Wyświetlenie strony – Kontakt,Wyświetlenie strony,"2,00","0,00"
2026-09-13,Search | Brand,Zakup,Zakup,"3,00","1 702,40"
2026-09-13,Search | Brand,Połączenie telefoniczne z reklamy,Kontakt,"1,00","0,00"
2026-09-13,Search | Brand,Wyświetlenie strony – Kontakt,Wyświetlenie strony,"1,00","0,00"
2026-09-13,Search | Buty do biegania,Zakup,Zakup,"2,00","804,77"
2026-09-13,Search | Buty trailowe,Zakup,Zakup,"1,00","756,23"
2026-09-13,Search | Buty trailowe,Wyświetlenie strony – Kontakt,Wyświetlenie strony,"1,00","0,00"
2026-09-13,Search | Konkurencja,Zakup,Zakup,"1,00","362,77"
2026-09-14,PMax | Cały asortyment,Zakup,Zakup,"1,00","771,00"
2026-09-14,PMax | Cały asortyment,Wyświetlenie strony – Kontakt,Wyświetlenie strony,"1,00","0,00"
2026-09-14,Search | Brand,Zakup,Zakup,"4,00","2 221,31"
2026-09-14,Search | Brand,Wyświetlenie strony – Kontakt,Wyświetlenie strony,"2,00","0,00"
2026-09-14,Search | Buty do biegania,Zakup,Zakup,"1,00","688,23"
2026-09-14,Search | Buty do biegania,Wyświetlenie strony – Kontakt,Wyświetlenie strony,"1,00","0,00"
2026-09-14,Search | Konkurencja,Zakup,Zakup,"1,00","437,71"
2026-09-15,PMax | Cały asortyment,Zakup,Zakup,"2,00","835,40"
2026-09-15,Search | Brand,Zakup,Zakup,"5,00","2 030,08"
2026-09-15,Search | Buty do biegania,Zakup,Zakup,"2,00","2 748,62"
2026-09-15,Search | Buty do biegania,Połączenie telefoniczne z reklamy,Kontakt,"2,00","0,00"
2026-09-15,Search | Buty do biegania,Wyświetlenie strony – Kontakt,Wyświetlenie strony,"4,00","0,00"
2026-09-16,PMax | Cały asortyment,Zakup,Zakup,"3,00","2 406,32"
2026-09-16,PMax | Cały asortyment,Wyświetlenie strony – Kontakt,Wyświetlenie strony,"3,00","0,00"
2026-09-16,Search | Brand,Zakup,Zakup,"4,00","2 461,34"
2026-09-16,Search | Brand,Wyświetlenie strony – Kontakt,Wyświetlenie strony,"3,00","0,00"
2026-09-16,Search | Buty do biegania,Zakup,Zakup,"7,00","3 100,40"
2026-09-16,Search | Buty do biegania,Wyświetlenie strony – Kontakt,Wyświetlenie strony,"1,00","0,00"
2026-09-16,Search | Buty trailowe,Połączenie telefoniczne z reklamy,Kontakt,"1,00","0,00"
2026-09-16,Search | Konkurencja,Zakup,Zakup,"1,00","357,92"
2026-09-17,PMax | Cały asortyment,Zakup,Zakup,"1,00","733,29"
2026-09-17,PMax | Cały asortyment,Połączenie telefoniczne z reklamy,Kontakt,"1,00","0,00"
2026-09-17,Search | Brand,Zakup,Zakup,"1,00","264,03"
2026-09-17,Search | Buty do biegania,Wyświetlenie strony – Kontakt,Wyświetlenie strony,"2,00","0,00"
2026-09-17,Search | Buty trailowe,Zakup,Zakup,"2,00","792,37"
2026-09-18,PMax | Cały asortyment,Zakup,Zakup,"2,00","762,04"
2026-09-18,Search | Brand,Zakup,Zakup,"5,00","2 179,63"
2026-09-18,Search | Brand,Wyświetlenie strony – Kontakt,Wyświetlenie strony,"1,00","0,00"
2026-09-18,Search | Buty do biegania,Zakup,Zakup,"3,00","1 611,41"
2026-09-18,Search | Buty do biegania,Wyświetlenie strony – Kontakt,Wyświetlenie strony,"2,00","0,00"
2026-09-18,Search | Buty trailowe,Zakup,Zakup,"2,00","631,90"
2026-09-19,PMax | Cały asortyment,Zakup,Zakup,"2,00","803,35"
2026-09-19,Search | Brand,Zakup,Zakup,"2,00","1 559,12"
2026-09-19,Search | Brand,Wyświetlenie strony – Kontakt,Wyświetlenie strony,"2,00","0,00"
2026-09-19,Search | Buty do biegania,Zakup,Zakup,"1,00","702,73"
2026-09-19,Search | Buty do biegania,Wyświetlenie strony – Kontakt,Wyświetlenie strony,"1,00","0,00"
2026-09-20,Search | Brand,Zakup,Zakup,"3,00","1 900,38"
2026-09-20,Search | Brand,Wyświetlenie strony – Kontakt,Wyświetlenie strony,"2,00","0,00"
2026-09-20,Search | Buty do biegania,Zakup,Zakup,"3,00","1 896,81"
2026-09-20,Search | Buty do biegania,Połączenie telefoniczne z reklamy,Kontakt,"1,00","0,00"
2026-09-20,Search | Buty do biegania,Wyświetlenie strony – Kontakt,Wyświetlenie strony,"1,00","0,00"
2026-09-20,Search | Buty trailowe,Wyświetlenie strony – Kontakt,Wyświetlenie strony,"1,00","0,00"
2026-09-20,Search | Konkurencja,Wyświetlenie strony – Kontakt,Wyświetlenie strony,"1,00","0,00"
2026-09-21,PMax | Cały asortyment,Zakup,Zakup,"5,00","1 792,22"
2026-09-21,PMax | Cały asortyment,Wyświetlenie strony – Kontakt,Wyświetlenie strony,"1,00","0,00"
2026-09-21,Search | Brand,Zakup,Zakup,"3,00","1 547,71"
2026-09-21,Search | Brand,Wyświetlenie strony – Kontakt,Wyświetlenie strony,"1,00","0,00"
2026-09-21,Search | Buty do biegania,Zakup,Zakup,"2,00","628,93"
2026-09-21,Search | Konkurencja,Zakup,Zakup,"1,00","274,03"
2026-09-22,PMax | Cały asortyment,Zakup,Zakup,"2,00","789,49"
2026-09-22,Search | Brand,Zakup,Zakup,"4,00","1 837,12"
2026-09-22,Search | Brand,Połączenie telefoniczne z reklamy,Kontakt,"1,00","0,00"
2026-09-22,Search | Brand,Wyświetlenie strony – Kontakt,Wyświetlenie strony,"1,00","0,00"
2026-09-22,Search | Buty do biegania,Zakup,Zakup,"4,00","1 861,91"
2026-09-22,Search | Buty do biegania,Połączenie telefoniczne z reklamy,Kontakt,"1,00","0,00"
2026-09-22,Search | Buty trailowe,Zakup,Zakup,"2,00","682,45"
2026-09-22,Search | Konkurencja,Zakup,Zakup,"1,00","341,74"
2026-09-23,PMax | Cały asortyment,Zakup,Zakup,"2,00","882,70"
2026-09-23,Search | Brand,Zakup,Zakup,"4,00","1 568,33"
2026-09-23,Search | Brand,Połączenie telefoniczne z reklamy,Kontakt,"1,00","0,00"
2026-09-23,Search | Buty do biegania,Zakup,Zakup,"3,00","1 466,03"
2026-09-23,Search | Buty do biegania,Wyświetlenie strony – Kontakt,Wyświetlenie strony,"2,00","0,00"
2026-09-23,Search | Konkurencja,Zakup,Zakup,"1,00","804,68"
2026-09-23,Search | Konkurencja,Wyświetlenie strony – Kontakt,Wyświetlenie strony,"1,00","0,00"
2026-09-24,PMax | Cały asortyment,Zakup,Zakup,"3,00","1 387,79"
2026-09-24,PMax | Cały asortyment,Wyświetlenie strony – Kontakt,Wyświetlenie strony,"1,00","0,00"
2026-09-24,Search | Brand,Zakup,Zakup,"3,00","1 693,55"
2026-09-24,Search | Brand,Wyświetlenie strony – Kontakt,Wyświetlenie strony,"3,00","0,00"
2026-09-24,Search | Buty do biegania,Zakup,Zakup,"3,00","1 275,50"
2026-09-24,Search | Buty do biegania,Wyświetlenie strony – Kontakt,Wyświetlenie strony,"1,00","0,00"
2026-09-24,Search | Buty trailowe,Zakup,Zakup,"1,00","295,48"
2026-09-25,PMax | Cały asortyment,Wyświetlenie strony – Kontakt,Wyświetlenie strony,"1,00","0,00"
2026-09-25,Search | Brand,Zakup,Zakup,"2,00","1 157,44"
2026-09-25,Search | Brand,Wyświetlenie strony – Kontakt,Wyświetlenie strony,"1,00","0,00"
2026-09-25,Search | Buty do biegania,Zakup,Zakup,"4,00","1 512,47"
2026-09-25,Search | Buty trailowe,Zakup,Zakup,"1,00","280,98"
2026-09-25,Search | Konkurencja,Zakup,Zakup,"2,00","1 189,93"
2026-09-25,Search | Konkurencja,Wyświetlenie strony – Kontakt,Wyświetlenie strony,"1,00","0,00"
2026-09-26,Search | Brand,Zakup,Zakup,"3,00","1 844,89"
2026-09-26,Search | Brand,Połączenie telefoniczne z reklamy,Kontakt,"1,00","0,00"
2026-09-26,Search | Brand,Wyświetlenie strony – Kontakt,Wyświetlenie strony,"1,00","0,00"
2026-09-26,Search | Buty do biegania,Zakup,Zakup,"6,00","1 934,61"
2026-09-26,Search | Buty trailowe,Zakup,Zakup,"1,00","290,19"
2026-09-27,PMax | Cały asortyment,Zakup,Zakup,"2,00","574,58"
2026-09-27,Search | Brand,Zakup,Zakup,"4,00","1 583,96"
2026-09-27,Search | Brand,Wyświetlenie strony – Kontakt,Wyświetlenie strony,"1,00","0,00"
2026-09-27,Search | Buty do biegania,Zakup,Zakup,"4,00","2 205,36"
2026-09-27,Search | Buty do biegania,Wyświetlenie strony – Kontakt,Wyświetlenie strony,"2,00","0,00"
2026-09-27,Search | Buty trailowe,Zakup,Zakup,"1,00","266,52"
2026-09-27,Search | Konkurencja,Zakup,Zakup,"1,00","386,49"
2026-09-28,PMax | Cały asortyment,Zakup,Zakup,"4,00","1 951,14"
2026-09-28,PMax | Cały asortyment,Wyświetlenie strony – Kontakt,Wyświetlenie strony,"1,00","0,00"
2026-09-28,Search | Brand,Zakup,Zakup,"5,00","3 388,39"
2026-09-28,Search | Brand,Wyświetlenie strony – Kontakt,Wyświetlenie strony,"3,00","0,00"
2026-09-28,Search | Buty do biegania,Zakup,Zakup,"5,00","2 156,97"
2026-09-28,Search | Buty do biegania,Połączenie telefoniczne z reklamy,Kontakt,"1,00","0,00"
2026-09-28,Search | Buty trailowe,Zakup,Zakup,"2,00","734,54"
2026-09-29,PMax | Cały asortyment,Zakup,Zakup,"1,00","394,27"
2026-09-29,Search | Brand,Zakup,Zakup,"6,00","2 116,98"
2026-09-29,Search | Buty do biegania,Wyświetlenie strony – Kontakt,Wyświetlenie strony,"1,00","0,00"
2026-09-29,Search | Buty trailowe,Zakup,Zakup,"1,00","423,38"
2026-09-29,Search | Konkurencja,Zakup,Zakup,"1,00","404,84"
2026-09-30,PMax | Cały asortyment,Zakup,Zakup,"3,00","1 105,84"
2026-09-30,Search | Brand,Zakup,Zakup,"6,00","2 456,16"
2026-09-30,Search | Buty do biegania,Zakup,Zakup,"3,00","1 202,62"
2026-09-30,Search | Konkurencja,Zakup,Zakup,"1,00","346,29"
