Day,Campaign,Device,Impr.,Clicks,Cost,Conversions,Conv. value
2026-08-02,Display | Remarketing,Mobile phones,"5,131",22,21.48,0.00,0.00
2026-08-02,Display | Remarketing,Computers,"2,212",10,13.02,0.00,0.00
2026-08-02,Display | Remarketing,Tablets,474,2,2.06,0.00,0.00
2026-08-02,PMax | Cały asortyment,Mobile phones,"2,941",39,38.19,4.00,"1,465.84"
2026-08-02,PMax | Cały asortyment,Computers,"1,316",14,18.28,1.00,366.46
2026-08-02,PMax | Cały asortyment,Tablets,282,2,2.07,0.00,0.00
2026-08-02,Search | Brand,Mobile phones,145,29,23.14,1.00,302.54
2026-08-02,Search | Brand,Computers,70,25,26.60,4.00,"1,210.17"
2026-08-02,Search | Brand,Tablets,12,1,0.84,0.00,0.00
2026-08-02,Search | Buty do biegania,Mobile phones,"1,216",69,127.57,0.00,0.00
2026-08-02,Search | Buty do biegania,Computers,503,34,83.82,0.00,0.00
2026-08-02,Search | Buty do biegania,Tablets,113,7,13.66,0.00,0.00
2026-08-02,Search | Buty trailowe,Mobile phones,565,25,41.32,1.00,303.73
2026-08-02,Search | Buty trailowe,Computers,271,17,37.46,0.00,0.00
2026-08-02,Search | Buty trailowe,Tablets,50,4,6.98,1.00,303.73
2026-08-02,Search | Konkurencja,Mobile phones,476,25,62.50,0.00,0.00
2026-08-02,Search | Konkurencja,Computers,219,11,36.67,1.00,308.57
2026-08-02,Search | Konkurencja,Tablets,41,1,2.64,0.00,0.00
2026-08-03,Display | Remarketing,Mobile phones,"5,936",25,20.53,0.00,0.00
2026-08-03,Display | Remarketing,Computers,"2,590",13,14.23,0.00,0.00
2026-08-03,Display | Remarketing,Tablets,551,1,0.87,0.00,0.00
2026-08-03,PMax | Cały asortyment,Mobile phones,"3,360",34,31.24,0.00,0.00
2026-08-03,PMax | Cały asortyment,Computers,"1,544",16,19.60,2.00,771.72
2026-08-03,PMax | Cały asortyment,Tablets,345,5,4.85,0.00,0.00
2026-08-03,Search | Brand,Mobile phones,146,27,21.63,2.00,720.41
2026-08-03,Search | Brand,Computers,85,19,20.30,3.00,"1,080.62"
2026-08-03,Search | Brand,Tablets,9,3,2.54,0.00,0.00
2026-08-03,Search | Buty do biegania,Mobile phones,"1,413",66,120.15,0.00,0.00
2026-08-03,Search | Buty do biegania,Computers,629,44,106.80,1.00,400.76
2026-08-03,Search | Buty do biegania,Tablets,136,7,13.45,0.00,0.00
2026-08-03,Search | Buty trailowe,Mobile phones,684,37,68.39,2.00,678.07
2026-08-03,Search | Buty trailowe,Computers,292,17,41.90,1.00,339.04
2026-08-03,Search | Buty trailowe,Tablets,60,3,5.85,1.00,339.04
2026-08-03,Search | Konkurencja,Mobile phones,614,28,79.98,0.00,0.00
2026-08-03,Search | Konkurencja,Computers,241,12,45.70,2.00,671.71
2026-08-03,Search | Konkurencja,Tablets,50,1,3.02,0.00,0.00
2026-08-04,Display | Remarketing,Mobile phones,"5,915",17,16.73,0.00,0.00
2026-08-04,Display | Remarketing,Computers,"2,537",15,19.69,0.00,0.00
2026-08-04,Display | Remarketing,Tablets,558,0,0.00,0.00,0.00
2026-08-04,PMax | Cały asortyment,Mobile phones,"3,383",45,41.79,0.00,0.00
2026-08-04,PMax | Cały asortyment,Computers,"1,570",20,24.76,1.00,418.50
2026-08-04,PMax | Cały asortyment,Tablets,307,3,2.94,0.00,0.00
2026-08-04,Search | Brand,Mobile phones,143,38,29.96,3.00,"1,029.15"
2026-08-04,Search | Brand,Computers,77,29,30.49,1.00,343.05
2026-08-04,Search | Brand,Tablets,15,2,1.66,0.00,0.00
2026-08-04,Search | Buty do biegania,Mobile phones,"1,405",79,125.59,1.00,394.52
2026-08-04,Search | Buty do biegania,Computers,581,44,93.26,2.00,789.03
2026-08-04,Search | Buty do biegania,Tablets,128,5,8.39,0.00,0.00
2026-08-04,Search | Buty trailowe,Mobile phones,725,33,60.35,0.00,0.00
2026-08-04,Search | Buty trailowe,Computers,308,14,34.14,1.00,264.16
2026-08-04,Search | Buty trailowe,Tablets,46,3,5.79,0.00,0.00
2026-08-04,Search | Konkurencja,Mobile phones,557,15,37.36,0.00,0.00
2026-08-04,Search | Konkurencja,Computers,243,21,69.75,2.00,772.13
2026-08-04,Search | Konkurencja,Tablets,56,2,5.26,0.00,0.00
2026-08-05,Display | Remarketing,Mobile phones,"5,861",27,23.11,0.00,0.00
2026-08-05,Display | Remarketing,Computers,"2,631",10,11.41,0.00,0.00
2026-08-05,Display | Remarketing,Tablets,548,3,2.71,0.00,0.00
2026-08-05,PMax | Cały asortyment,Mobile phones,"3,457",37,31.46,0.00,0.00
2026-08-05,PMax | Cały asortyment,Computers,"1,566",16,18.14,3.00,821.32
2026-08-05,PMax | Cały asortyment,Tablets,297,4,3.59,1.00,273.77
2026-08-05,Search | Brand,Mobile phones,170,39,29.91,1.00,433.65
2026-08-05,Search | Brand,Computers,74,15,15.34,3.00,"1,300.95"
2026-08-05,Search | Brand,Tablets,17,3,2.43,0.00,0.00
2026-08-05,Search | Buty do biegania,Mobile phones,"1,420",78,142.79,1.00,315.71
2026-08-05,Search | Buty do biegania,Computers,667,29,70.78,1.00,315.71
2026-08-05,Search | Buty do biegania,Tablets,132,8,15.46,0.00,0.00
2026-08-05,Search | Buty trailowe,Mobile phones,684,32,56.47,0.00,0.00
2026-08-05,Search | Buty trailowe,Computers,317,24,56.47,1.00,325.88
2026-08-05,Search | Buty trailowe,Tablets,52,3,5.59,0.00,0.00
2026-08-05,Search | Konkurencja,Mobile phones,561,27,72.95,0.00,0.00
2026-08-05,Search | Konkurencja,Computers,224,12,43.23,0.00,0.00
2026-08-05,Search | Konkurencja,Tablets,51,4,11.41,1.00,439.11
2026-08-06,Display | Remarketing,Mobile phones,"6,019",29,22.25,1.00,329.52
2026-08-06,Display | Remarketing,Computers,"2,655",9,9.21,0.00,0.00
2026-08-06,Display | Remarketing,Tablets,543,3,2.43,0.00,0.00
2026-08-06,PMax | Cały asortyment,Mobile phones,"3,423",39,36.28,1.00,293.97
2026-08-06,PMax | Cały asortyment,Computers,"1,595",24,29.77,0.00,0.00
2026-08-06,PMax | Cały asortyment,Tablets,321,7,6.87,0.00,0.00
2026-08-06,Search | Brand,Mobile phones,167,44,32.30,4.00,"1,487.74"
2026-08-06,Search | Brand,Computers,77,21,20.56,6.00,"2,231.61"
2026-08-06,Search | Brand,Tablets,10,4,3.10,0.00,0.00
2026-08-06,Search | Buty do biegania,Mobile phones,"1,394",76,145.73,0.00,0.00
2026-08-06,Search | Buty do biegania,Computers,660,26,66.47,3.00,"1,130.45"
2026-08-06,Search | Buty do biegania,Tablets,120,8,16.19,1.00,376.82
2026-08-06,Search | Buty trailowe,Mobile phones,695,42,83.43,0.00,0.00
2026-08-06,Search | Buty trailowe,Computers,299,12,31.78,0.00,0.00
2026-08-06,Search | Buty trailowe,Tablets,69,5,10.48,0.00,0.00
2026-08-06,Search | Konkurencja,Mobile phones,543,23,64.75,1.00,408.92
2026-08-06,Search | Konkurencja,Computers,218,9,33.79,0.00,0.00
2026-08-06,Search | Konkurencja,Tablets,56,0,0.00,0.00,0.00
2026-08-07,Display | Remarketing,Mobile phones,"5,901",27,24.30,0.00,0.00
2026-08-07,Display | Remarketing,Computers,"2,602",21,25.20,0.00,0.00
2026-08-07,Display | Remarketing,Tablets,551,2,1.90,0.00,0.00
2026-08-07,PMax | Cały asortyment,Mobile phones,"3,380",33,27.28,1.00,387.37
2026-08-07,PMax | Cały asortyment,Computers,"1,556",19,20.94,3.00,"1,162.10"
2026-08-07,PMax | Cały asortyment,Tablets,327,6,5.23,0.00,0.00
2026-08-07,Search | Brand,Mobile phones,159,35,30.33,1.00,308.39
2026-08-07,Search | Brand,Computers,74,26,30.04,6.00,"1,850.35"
2026-08-07,Search | Brand,Tablets,11,1,0.91,0.00,0.00
2026-08-07,Search | Buty do biegania,Mobile phones,"1,396",57,96.22,2.00,637.80
2026-08-07,Search | Buty do biegania,Computers,643,41,92.28,2.00,637.80
2026-08-07,Search | Buty do biegania,Tablets,142,3,5.35,0.00,0.00
2026-08-07,Search | Buty trailowe,Mobile phones,711,40,71.28,2.00,634.67
2026-08-07,Search | Buty trailowe,Computers,333,14,33.26,1.00,317.34
2026-08-07,Search | Buty trailowe,Tablets,63,2,3.76,0.00,0.00
2026-08-07,Search | Konkurencja,Mobile phones,637,23,63.18,0.00,0.00
2026-08-07,Search | Konkurencja,Computers,271,15,54.94,1.00,262.55
2026-08-07,Search | Konkurencja,Tablets,64,6,17.40,0.00,0.00
2026-08-08,Display | Remarketing,Mobile phones,"5,149",30,22.60,0.00,0.00
2026-08-08,Display | Remarketing,Computers,"2,297",9,9.04,1.00,330.18
2026-08-08,Display | Remarketing,Tablets,473,0,0.00,0.00,0.00
2026-08-08,PMax | Cały asortyment,Mobile phones,"2,960",35,31.97,0.00,0.00
2026-08-08,PMax | Cały asortyment,Computers,"1,282",16,19.49,3.00,"1,274.17"
2026-08-08,PMax | Cały asortyment,Tablets,278,2,1.93,0.00,0.00
2026-08-08,Search | Brand,Mobile phones,150,31,22.04,3.00,"1,015.25"
2026-08-08,Search | Brand,Computers,60,15,14.22,0.00,0.00
2026-08-08,Search | Brand,Tablets,19,2,1.50,0.00,0.00
2026-08-08,Search | Buty do biegania,Mobile phones,"1,237",66,114.36,0.00,0.00
2026-08-08,Search | Buty do biegania,Computers,570,39,90.10,3.00,984.94
2026-08-08,Search | Buty do biegania,Tablets,113,6,10.97,1.00,328.32
2026-08-08,Search | Buty trailowe,Mobile phones,574,29,53.47,1.00,399.31
2026-08-08,Search | Buty trailowe,Computers,262,14,34.42,2.00,798.62
2026-08-08,Search | Buty trailowe,Tablets,54,1,1.95,0.00,0.00
2026-08-08,Search | Konkurencja,Mobile phones,461,20,52.59,2.00,664.03
2026-08-08,Search | Konkurencja,Computers,213,5,17.53,0.00,0.00
2026-08-08,Search | Konkurencja,Tablets,54,3,8.33,0.00,0.00
2026-08-09,Display | Remarketing,Mobile phones,"5,135",24,17.44,0.00,0.00
2026-08-09,Display | Remarketing,Computers,"2,233",13,12.59,0.00,0.00
2026-08-09,Display | Remarketing,Tablets,473,3,2.30,0.00,0.00
2026-08-09,PMax | Cały asortyment,Mobile phones,"3,014",41,42.43,1.00,374.06
2026-08-09,PMax | Cały asortyment,Computers,"1,325",15,20.70,1.00,374.06
2026-08-09,PMax | Cały asortyment,Tablets,268,1,1.09,0.00,0.00
2026-08-09,Search | Brand,Mobile phones,145,33,23.97,0.00,0.00
2026-08-09,Search | Brand,Computers,64,27,26.14,5.00,"1,830.69"
2026-08-09,Search | Brand,Tablets,11,3,2.30,0.00,0.00
2026-08-09,Search | Buty do biegania,Mobile phones,"1,225",70,123.07,1.00,388.24
2026-08-09,Search | Buty do biegania,Computers,572,37,86.74,2.00,776.48
2026-08-09,Search | Buty do biegania,Tablets,127,8,14.85,0.00,0.00
2026-08-09,Search | Buty trailowe,Mobile phones,570,24,43.08,0.00,0.00
2026-08-09,Search | Buty trailowe,Computers,244,20,47.87,0.00,0.00
2026-08-09,Search | Buty trailowe,Tablets,58,2,3.79,0.00,0.00
2026-08-09,Search | Konkurencja,Mobile phones,474,21,59.54,0.00,0.00
2026-08-09,Search | Konkurencja,Computers,244,7,26.46,1.00,424.44
2026-08-09,Search | Konkurencja,Tablets,41,1,2.99,0.00,0.00
2026-08-10,Display | Remarketing,Mobile phones,"6,126",20,18.80,0.00,0.00
2026-08-10,Display | Remarketing,Computers,"2,778",13,16.30,0.00,0.00
2026-08-10,Display | Remarketing,Tablets,561,5,4.96,0.00,0.00
2026-08-10,PMax | Cały asortyment,Mobile phones,"3,467",45,42.40,1.00,271.78
2026-08-10,PMax | Cały asortyment,Computers,"1,536",18,22.61,1.00,271.78
2026-08-10,PMax | Cały asortyment,Tablets,315,5,4.97,0.00,0.00
2026-08-10,Search | Brand,Mobile phones,169,45,30.05,3.00,827.77
2026-08-10,Search | Brand,Computers,73,22,19.59,1.00,275.92
2026-08-10,Search | Brand,Tablets,22,5,3.52,0.00,0.00
2026-08-10,Search | Buty do biegania,Mobile phones,"1,457",78,139.18,3.00,860.03
2026-08-10,Search | Buty do biegania,Computers,576,42,99.92,0.00,0.00
2026-08-10,Search | Buty do biegania,Tablets,118,11,20.72,0.00,0.00
2026-08-10,Search | Buty trailowe,Mobile phones,651,18,32.94,1.00,280.04
2026-08-10,Search | Buty trailowe,Computers,298,17,41.48,2.00,560.08
2026-08-10,Search | Buty trailowe,Tablets,74,4,7.73,1.00,280.04
2026-08-10,Search | Konkurencja,Mobile phones,554,27,69.41,0.00,0.00
2026-08-10,Search | Konkurencja,Computers,236,12,41.13,0.00,0.00
2026-08-10,Search | Konkurencja,Tablets,66,3,8.14,0.00,0.00
2026-08-11,Display | Remarketing,Mobile phones,"6,062",25,18.85,0.00,0.00
2026-08-11,Display | Remarketing,Computers,"2,684",18,18.10,0.00,0.00
2026-08-11,Display | Remarketing,Tablets,556,3,2.39,0.00,0.00
2026-08-11,PMax | Cały asortyment,Mobile phones,"3,546",43,46.23,1.00,304.24
2026-08-11,PMax | Cały asortyment,Computers,"1,612",17,24.37,1.00,304.24
2026-08-11,PMax | Cały asortyment,Tablets,309,6,6.81,1.00,304.24
2026-08-11,Search | Brand,Mobile phones,179,35,24.44,3.00,"1,186.57"
2026-08-11,Search | Brand,Computers,71,24,22.35,6.00,"2,373.14"
2026-08-11,Search | Brand,Tablets,20,4,2.95,0.00,0.00
2026-08-11,Search | Buty do biegania,Mobile phones,"1,503",68,131.47,2.00,678.03
2026-08-11,Search | Buty do biegania,Computers,651,31,79.91,2.00,678.03
2026-08-11,Search | Buty do biegania,Tablets,158,11,22.45,1.00,339.01
2026-08-11,Search | Buty trailowe,Mobile phones,744,31,53.12,2.00,759.95
2026-08-11,Search | Buty trailowe,Computers,302,16,36.56,1.00,379.98
2026-08-11,Search | Buty trailowe,Tablets,60,4,7.23,0.00,0.00
2026-08-11,Search | Konkurencja,Mobile phones,559,28,73.92,0.00,0.00
2026-08-11,Search | Konkurencja,Computers,251,13,45.76,0.00,0.00
2026-08-11,Search | Konkurencja,Tablets,63,1,2.79,0.00,0.00
2026-08-12,Display | Remarketing,Mobile phones,"6,003",25,24.28,0.00,0.00
2026-08-12,Display | Remarketing,Computers,"2,721",12,15.54,0.00,0.00
2026-08-12,Display | Remarketing,Tablets,556,4,4.10,0.00,0.00
2026-08-12,PMax | Cały asortyment,Mobile phones,"3,528",40,31.87,0.00,0.00
2026-08-12,PMax | Cały asortyment,Computers,"1,560",24,25.50,1.00,369.86
2026-08-12,PMax | Cały asortyment,Tablets,301,3,2.52,0.00,0.00
2026-08-12,Search | Brand,Mobile phones,175,51,42.41,3.00,"1,018.48"
2026-08-12,Search | Brand,Computers,84,18,19.96,1.00,339.49
2026-08-12,Search | Brand,Tablets,14,2,1.76,0.00,0.00
2026-08-12,Search | Buty do biegania,Mobile phones,"1,488",81,140.12,3.00,"1,164.72"
2026-08-12,Search | Buty do biegania,Computers,644,41,94.56,3.00,"1,164.72"
2026-08-12,Search | Buty do biegania,Tablets,146,7,12.78,1.00,388.24
2026-08-12,Search | Buty trailowe,Mobile phones,712,39,71.99,1.00,304.40
2026-08-12,Search | Buty trailowe,Computers,324,11,27.07,1.00,304.40
2026-08-12,Search | Buty trailowe,Tablets,64,2,3.90,0.00,0.00
2026-08-12,Search | Konkurencja,Mobile phones,608,31,78.62,0.00,0.00
2026-08-12,Search | Konkurencja,Computers,255,12,40.58,1.00,269.35
2026-08-12,Search | Konkurencja,Tablets,55,5,13.39,0.00,0.00
2026-08-13,Display | Remarketing,Mobile phones,"6,128",28,22.82,0.00,0.00
2026-08-13,Display | Remarketing,Computers,"2,744",18,19.56,0.00,0.00
2026-08-13,Display | Remarketing,Tablets,569,3,2.58,0.00,0.00
2026-08-13,PMax | Cały asortyment,Mobile phones,"3,556",41,37.86,1.00,430.69
2026-08-13,PMax | Cały asortyment,Computers,"1,512",20,24.62,2.00,861.39
2026-08-13,PMax | Cały asortyment,Tablets,335,4,3.90,0.00,0.00
2026-08-13,Search | Brand,Mobile phones,176,35,28.43,1.00,409.52
2026-08-13,Search | Brand,Computers,78,33,35.74,5.00,"2,047.62"
2026-08-13,Search | Brand,Tablets,11,4,3.43,0.00,0.00
2026-08-13,Search | Buty do biegania,Mobile phones,"1,461",77,129.43,2.00,678.98
2026-08-13,Search | Buty do biegania,Computers,626,39,87.41,1.00,339.49
2026-08-13,Search | Buty do biegania,Tablets,130,5,8.87,0.00,0.00
2026-08-13,Search | Buty trailowe,Mobile phones,691,34,58.80,0.00,0.00
2026-08-13,Search | Buty trailowe,Computers,339,21,48.42,2.00,757.52
2026-08-13,Search | Buty trailowe,Tablets,58,1,1.83,1.00,378.76
2026-08-13,Search | Konkurencja,Mobile phones,569,16,43.47,0.00,0.00
2026-08-13,Search | Konkurencja,Computers,257,17,61.58,0.00,0.00
2026-08-13,Search | Konkurencja,Tablets,51,3,8.60,0.00,0.00
2026-08-14,Display | Remarketing,Mobile phones,"6,173",33,30.65,0.00,0.00
2026-08-14,Display | Remarketing,Computers,"2,766",11,13.62,0.00,0.00
2026-08-14,Display | Remarketing,Tablets,570,1,0.98,0.00,0.00
2026-08-14,PMax | Cały asortyment,Mobile phones,"3,498",56,47.70,2.00,606.37
2026-08-14,PMax | Cały asortyment,Computers,"1,678",17,19.31,0.00,0.00
2026-08-14,PMax | Cały asortyment,Tablets,371,5,4.50,0.00,0.00
2026-08-14,Search | Brand,Mobile phones,161,36,27.86,4.00,"1,047.10"
2026-08-14,Search | Brand,Computers,64,12,12.38,0.00,0.00
2026-08-14,Search | Brand,Tablets,10,5,4.08,1.00,261.77
2026-08-14,Search | Buty do biegania,Mobile phones,"1,450",57,96.53,3.00,926.37
2026-08-14,Search | Buty do biegania,Computers,636,45,101.61,3.00,926.37
2026-08-14,Search | Buty do biegania,Tablets,136,5,8.94,0.00,0.00
2026-08-14,Search | Buty trailowe,Mobile phones,717,31,63.75,0.00,0.00
2026-08-14,Search | Buty trailowe,Computers,328,6,16.45,2.00,659.16
2026-08-14,Search | Buty trailowe,Tablets,77,1,2.17,0.00,0.00
2026-08-14,Search | Konkurencja,Mobile phones,618,25,61.62,1.00,324.92
2026-08-14,Search | Konkurencja,Computers,289,15,49.29,0.00,0.00
2026-08-14,Search | Konkurencja,Tablets,44,1,2.60,0.00,0.00
2026-08-15,Display | Remarketing,Mobile phones,"5,213",28,26.56,0.00,0.00
2026-08-15,Display | Remarketing,Computers,"2,334",9,11.38,0.00,0.00
2026-08-15,Display | Remarketing,Tablets,453,3,3.00,0.00,0.00
2026-08-15,PMax | Cały asortyment,Mobile phones,"2,971",38,37.53,1.00,379.72
2026-08-15,PMax | Cały asortyment,Computers,"1,344",18,23.70,2.00,759.45
2026-08-15,PMax | Cały asortyment,Tablets,301,2,2.08,0.00,0.00
2026-08-15,Search | Brand,Mobile phones,129,27,18.76,1.00,277.37
2026-08-15,Search | Brand,Computers,61,25,23.17,2.00,554.73
2026-08-15,Search | Brand,Tablets,15,3,2.20,0.00,0.00
2026-08-15,Search | Buty do biegania,Mobile phones,"1,193",53,107.49,2.00,705.53
2026-08-15,Search | Buty do biegania,Computers,644,30,81.13,1.00,352.77
2026-08-15,Search | Buty do biegania,Tablets,131,5,10.70,0.00,0.00
2026-08-15,Search | Buty trailowe,Mobile phones,606,15,27.03,1.00,389.18
2026-08-15,Search | Buty trailowe,Computers,261,14,33.63,1.00,389.18
2026-08-15,Search | Buty trailowe,Tablets,47,4,7.61,0.00,0.00
2026-08-15,Search | Konkurencja,Mobile phones,501,13,31.75,0.00,0.00
2026-08-15,Search | Konkurencja,Computers,270,10,32.56,0.00,0.00
2026-08-15,Search | Konkurencja,Tablets,39,0,0.00,0.00,0.00
2026-08-16,Display | Remarketing,Mobile phones,"5,332",15,10.49,0.00,0.00
2026-08-16,Display | Remarketing,Computers,"2,406",14,13.05,0.00,0.00
2026-08-16,Display | Remarketing,Tablets,464,1,0.74,0.00,0.00
2026-08-16,PMax | Cały asortyment,Mobile phones,"3,119",38,30.28,5.00,"2,087.94"
2026-08-16,PMax | Cały asortyment,Computers,"1,326",25,26.56,2.00,835.18
2026-08-16,PMax | Cały asortyment,Tablets,288,3,2.52,0.00,0.00
2026-08-16,Search | Brand,Mobile phones,133,30,23.48,1.00,346.74
2026-08-16,Search | Brand,Computers,63,17,17.74,3.00,"1,040.22"
2026-08-16,Search | Brand,Tablets,13,4,3.30,0.00,0.00
2026-08-16,Search | Buty do biegania,Mobile phones,"1,230",61,114.00,0.00,0.00
2026-08-16,Search | Buty do biegania,Computers,592,28,69.77,3.00,944.12
2026-08-16,Search | Buty do biegania,Tablets,90,4,7.89,0.00,0.00
2026-08-16,Search | Buty trailowe,Mobile phones,618,22,39.24,0.00,0.00
2026-08-16,Search | Buty trailowe,Computers,244,11,26.16,2.00,663.66
2026-08-16,Search | Buty trailowe,Tablets,54,1,1.88,0.00,0.00
2026-08-16,Search | Konkurencja,Mobile phones,556,24,64.81,0.00,0.00
2026-08-16,Search | Konkurencja,Computers,237,12,43.20,0.00,0.00
2026-08-16,Search | Konkurencja,Tablets,50,2,5.70,0.00,0.00
2026-08-17,Display | Remarketing,Mobile phones,"6,171",23,19.27,0.00,0.00
2026-08-17,Display | Remarketing,Computers,"2,722",11,12.29,0.00,0.00
2026-08-17,Display | Remarketing,Tablets,598,1,0.88,0.00,0.00
2026-08-17,PMax | Cały asortyment,Mobile phones,"3,601",40,44.36,1.00,305.63
2026-08-17,PMax | Cały asortyment,Computers,"1,646",13,19.22,1.00,305.63
2026-08-17,PMax | Cały asortyment,Tablets,326,3,3.51,0.00,0.00
2026-08-17,Search | Brand,Mobile phones,183,43,31.40,0.00,0.00
2026-08-17,Search | Brand,Computers,81,39,37.97,5.00,"1,741.38"
2026-08-17,Search | Brand,Tablets,19,4,3.08,0.00,0.00
2026-08-17,Search | Buty do biegania,Mobile phones,"1,474",77,135.41,1.00,393.16
2026-08-17,Search | Buty do biegania,Computers,683,25,58.62,2.00,786.33
2026-08-17,Search | Buty do biegania,Tablets,151,14,25.99,0.00,0.00
2026-08-17,Search | Buty trailowe,Mobile phones,709,38,70.43,2.00,649.45
2026-08-17,Search | Buty trailowe,Computers,333,12,29.66,2.00,649.45
2026-08-17,Search | Buty trailowe,Tablets,52,2,3.91,0.00,0.00
2026-08-17,Search | Konkurencja,Mobile phones,635,21,48.78,0.00,0.00
2026-08-17,Search | Konkurencja,Computers,273,13,40.27,0.00,0.00
2026-08-17,Search | Konkurencja,Tablets,70,1,2.45,0.00,0.00
2026-08-18,Display | Remarketing,Mobile phones,"6,203",21,17.40,0.00,0.00
2026-08-18,Display | Remarketing,Computers,"2,768",14,15.47,0.00,0.00
2026-08-18,Display | Remarketing,Tablets,579,5,4.37,0.00,0.00
2026-08-18,PMax | Cały asortyment,Mobile phones,"3,671",36,33.88,0.00,0.00
2026-08-18,PMax | Cały asortyment,Computers,"1,651",26,32.63,1.00,260.44
2026-08-18,PMax | Cały asortyment,Tablets,331,7,6.95,0.00,0.00
2026-08-18,Search | Brand,Mobile phones,171,47,41.06,2.00,636.58
2026-08-18,Search | Brand,Computers,82,23,26.79,4.00,"1,273.17"
2026-08-18,Search | Brand,Tablets,16,8,7.38,0.00,0.00
2026-08-18,Search | Buty do biegania,Mobile phones,"1,479",67,116.67,2.00,710.74
2026-08-18,Search | Buty do biegania,Computers,674,40,92.87,3.00,"1,066.10"
2026-08-18,Search | Buty do biegania,Tablets,129,10,18.38,0.00,0.00
2026-08-18,Search | Buty trailowe,Mobile phones,679,37,62.42,0.00,0.00
2026-08-18,Search | Buty trailowe,Computers,311,14,31.49,0.00,0.00
2026-08-18,Search | Buty trailowe,Tablets,52,2,3.56,1.00,300.06
2026-08-18,Search | Konkurencja,Mobile phones,623,27,69.40,1.00,352.43
2026-08-18,Search | Konkurencja,Computers,255,11,37.70,2.00,704.85
2026-08-18,Search | Konkurencja,Tablets,61,2,5.43,0.00,0.00
2026-08-19,Display | Remarketing,Mobile phones,"6,189",28,28.34,1.00,274.03
2026-08-19,Display | Remarketing,Computers,"2,753",7,9.45,0.00,0.00
2026-08-19,Display | Remarketing,Tablets,577,1,1.07,0.00,0.00
2026-08-19,PMax | Cały asortyment,Mobile phones,"3,644",36,35.74,1.00,266.02
2026-08-19,PMax | Cały asortyment,Computers,"1,601",25,33.10,2.00,532.03
2026-08-19,PMax | Cały asortyment,Tablets,334,5,5.24,0.00,0.00
2026-08-19,Search | Brand,Mobile phones,179,45,32.65,3.00,"1,226.69"
2026-08-19,Search | Brand,Computers,86,25,24.18,3.00,"1,226.69"
2026-08-19,Search | Brand,Tablets,12,4,3.06,0.00,0.00
2026-08-19,Search | Buty do biegania,Mobile phones,"1,519",58,100.95,1.00,361.28
2026-08-19,Search | Buty do biegania,Computers,692,36,83.55,0.00,0.00
2026-08-19,Search | Buty do biegania,Tablets,131,11,20.21,1.00,361.28
2026-08-19,Search | Buty trailowe,Mobile phones,700,31,56.44,0.00,0.00
2026-08-19,Search | Buty trailowe,Computers,319,20,48.55,2.00,771.70
2026-08-19,Search | Buty trailowe,Tablets,47,6,11.53,0.00,0.00
2026-08-19,Search | Konkurencja,Mobile phones,588,30,76.40,0.00,0.00
2026-08-19,Search | Konkurencja,Computers,276,11,37.35,1.00,295.46
2026-08-19,Search | Konkurencja,Tablets,43,1,2.69,0.00,0.00
2026-08-20,Display | Remarketing,Mobile phones,"6,288",17,15.02,0.00,0.00
2026-08-20,Display | Remarketing,Computers,"2,744",22,25.92,0.00,0.00
2026-08-20,Display | Remarketing,Tablets,550,1,0.93,0.00,0.00
2026-08-20,PMax | Cały asortyment,Mobile phones,"3,675",50,54.92,2.00,600.74
2026-08-20,PMax | Cały asortyment,Computers,"1,586",17,24.90,5.00,"1,501.86"
2026-08-20,PMax | Cały asortyment,Tablets,369,4,4.64,0.00,0.00
2026-08-20,Search | Brand,Mobile phones,184,45,29.92,1.00,383.52
2026-08-20,Search | Brand,Computers,83,25,22.16,4.00,"1,534.09"
2026-08-20,Search | Brand,Tablets,14,9,6.32,0.00,0.00
2026-08-20,Search | Buty do biegania,Mobile phones,"1,478",86,159.59,3.00,947.37
2026-08-20,Search | Buty do biegania,Computers,636,24,59.38,1.00,315.79
2026-08-20,Search | Buty do biegania,Tablets,158,5,9.79,0.00,0.00
2026-08-20,Search | Buty trailowe,Mobile phones,674,31,57.57,1.00,402.81
2026-08-20,Search | Buty trailowe,Computers,318,17,42.09,0.00,0.00
2026-08-20,Search | Buty trailowe,Tablets,80,1,1.96,0.00,0.00
2026-08-20,Search | Konkurencja,Mobile phones,643,27,71.32,0.00,0.00
2026-08-20,Search | Konkurencja,Computers,289,13,45.79,0.00,0.00
2026-08-20,Search | Konkurencja,Tablets,52,2,5.58,0.00,0.00
2026-08-21,Display | Remarketing,Mobile phones,"6,235",27,23.27,0.00,0.00
2026-08-21,Display | Remarketing,Computers,"2,746",21,24.13,0.00,0.00
2026-08-21,Display | Remarketing,Tablets,613,1,0.91,0.00,0.00
2026-08-21,PMax | Cały asortyment,Mobile phones,"3,633",40,44.86,2.00,673.38
2026-08-21,PMax | Cały asortyment,Computers,"1,604",22,32.89,0.00,0.00
2026-08-21,PMax | Cały asortyment,Tablets,318,3,3.55,1.00,336.69
2026-08-21,Search | Brand,Mobile phones,167,49,38.16,5.00,"1,697.39"
2026-08-21,Search | Brand,Computers,79,23,23.88,2.00,678.96
2026-08-21,Search | Brand,Tablets,29,1,0.82,0.00,0.00
2026-08-21,Search | Buty do biegania,Mobile phones,"1,433",64,112.30,1.00,352.18
2026-08-21,Search | Buty do biegania,Computers,642,40,93.59,2.00,704.37
2026-08-21,Search | Buty do biegania,Tablets,126,8,14.82,0.00,0.00
2026-08-21,Search | Buty trailowe,Mobile phones,682,30,55.42,0.00,0.00
2026-08-21,Search | Buty trailowe,Computers,308,16,39.41,1.00,423.52
2026-08-21,Search | Buty trailowe,Tablets,52,1,1.95,0.00,0.00
2026-08-21,Search | Konkurencja,Mobile phones,620,28,71.82,0.00,0.00
2026-08-21,Search | Konkurencja,Computers,264,18,61.56,2.00,713.26
2026-08-21,Search | Konkurencja,Tablets,57,2,5.41,0.00,0.00
2026-08-22,Display | Remarketing,Mobile phones,"5,397",21,16.87,0.00,0.00
2026-08-22,Display | Remarketing,Computers,"2,436",15,16.07,0.00,0.00
2026-08-22,Display | Remarketing,Tablets,502,2,1.70,0.00,0.00
2026-08-22,PMax | Cały asortyment,Mobile phones,"2,993",33,38.06,1.00,420.40
2026-08-22,PMax | Cały asortyment,Computers,"1,345",16,24.60,0.00,0.00
2026-08-22,PMax | Cały asortyment,Tablets,272,4,4.87,0.00,0.00
2026-08-22,Search | Brand,Mobile phones,153,33,24.74,3.00,"1,065.65"
2026-08-22,Search | Brand,Computers,62,16,15.99,2.00,710.44
2026-08-22,Search | Brand,Tablets,6,3,2.37,0.00,0.00
2026-08-22,Search | Buty do biegania,Mobile phones,"1,309",63,107.15,0.00,0.00
2026-08-22,Search | Buty do biegania,Computers,623,31,70.30,4.00,"1,264.33"
2026-08-22,Search | Buty do biegania,Tablets,122,9,16.16,0.00,0.00
2026-08-22,Search | Buty trailowe,Mobile phones,588,26,45.82,1.00,297.60
2026-08-22,Search | Buty trailowe,Computers,266,22,51.69,0.00,0.00
2026-08-22,Search | Buty trailowe,Tablets,69,2,3.72,0.00,0.00
2026-08-22,Search | Konkurencja,Mobile phones,530,30,79.01,1.00,372.72
2026-08-22,Search | Konkurencja,Computers,243,4,14.05,0.00,0.00
2026-08-22,Search | Konkurencja,Tablets,52,3,8.34,0.00,0.00
2026-08-23,Display | Remarketing,Mobile phones,"5,451",24,24.42,0.00,0.00
2026-08-23,Display | Remarketing,Computers,"2,386",11,14.92,0.00,0.00
2026-08-23,Display | Remarketing,Tablets,476,0,0.00,0.00,0.00
2026-08-23,PMax | Cały asortyment,Mobile phones,"3,199",22,24.29,1.00,396.46
2026-08-23,PMax | Cały asortyment,Computers,"1,392",18,26.50,0.00,0.00
2026-08-23,PMax | Cały asortyment,Tablets,290,5,5.83,0.00,0.00
2026-08-23,Search | Brand,Mobile phones,133,27,19.60,1.00,362.20
2026-08-23,Search | Brand,Computers,54,15,14.52,2.00,724.39
2026-08-23,Search | Brand,Tablets,13,2,1.53,0.00,0.00
2026-08-23,Search | Buty do biegania,Mobile phones,"1,268",60,114.82,0.00,0.00
2026-08-23,Search | Buty do biegania,Computers,536,29,74.00,4.00,"1,340.54"
2026-08-23,Search | Buty do biegania,Tablets,114,9,18.18,0.00,0.00
2026-08-23,Search | Buty trailowe,Mobile phones,633,26,43.53,0.00,0.00
2026-08-23,Search | Buty trailowe,Computers,276,16,35.72,1.00,259.24
2026-08-23,Search | Buty trailowe,Tablets,67,2,3.53,0.00,0.00
2026-08-23,Search | Konkurencja,Mobile phones,553,14,32.45,0.00,0.00
2026-08-23,Search | Konkurencja,Computers,219,22,67.99,0.00,0.00
2026-08-23,Search | Konkurencja,Tablets,49,2,4.89,0.00,0.00
2026-08-24,Display | Remarketing,Mobile phones,"6,225",27,22.51,0.00,0.00
2026-08-24,Display | Remarketing,Computers,"2,864",14,15.56,0.00,0.00
2026-08-24,Display | Remarketing,Tablets,599,0,0.00,0.00,0.00
2026-08-24,PMax | Cały asortyment,Mobile phones,"3,691",31,28.06,0.00,0.00
2026-08-24,PMax | Cały asortyment,Computers,"1,659",22,26.55,0.00,0.00
2026-08-24,PMax | Cały asortyment,Tablets,327,5,4.78,0.00,0.00
2026-08-24,Search | Brand,Mobile phones,171,31,25.63,1.00,356.70
2026-08-24,Search | Brand,Computers,67,23,25.35,3.00,"1,070.11"
2026-08-24,Search | Brand,Tablets,11,9,7.85,1.00,356.70
2026-08-24,Search | Buty do biegania,Mobile phones,"1,560",70,122.46,1.00,366.75
2026-08-24,Search | Buty do biegania,Computers,644,46,107.30,3.00,"1,100.24"
2026-08-24,Search | Buty do biegania,Tablets,123,7,12.93,2.00,733.49
2026-08-24,Search | Buty trailowe,Mobile phones,738,30,57.77,0.00,0.00
2026-08-24,Search | Buty trailowe,Computers,319,14,35.94,0.00,0.00
2026-08-24,Search | Buty trailowe,Tablets,58,4,8.13,0.00,0.00
2026-08-24,Search | Konkurencja,Mobile phones,614,28,68.64,1.00,425.65
2026-08-24,Search | Konkurencja,Computers,279,12,39.22,0.00,0.00
2026-08-24,Search | Konkurencja,Tablets,58,4,10.35,0.00,0.00
2026-08-25,Display | Remarketing,Mobile phones,"6,544",27,25.23,0.00,0.00
2026-08-25,Display | Remarketing,Computers,"3,005",16,19.93,0.00,0.00
2026-08-25,Display | Remarketing,Tablets,574,3,2.96,0.00,0.00
2026-08-25,PMax | Cały asortyment,Mobile phones,"3,760",40,34.56,2.00,872.28
2026-08-25,PMax | Cały asortyment,Computers,"1,706",22,25.34,3.00,"1,308.41"
2026-08-25,PMax | Cały asortyment,Tablets,337,7,6.38,0.00,0.00
2026-08-25,Search | Brand,Mobile phones,183,52,37.19,4.00,"1,568.14"
2026-08-25,Search | Brand,Computers,73,27,25.74,10.00,"3,920.36"
2026-08-25,Search | Brand,Tablets,16,6,4.53,0.00,0.00
2026-08-25,Search | Buty do biegania,Mobile phones,"1,537",80,142.11,3.00,"1,099.87"
2026-08-25,Search | Buty do biegania,Computers,664,33,78.16,2.00,733.25
2026-08-25,Search | Buty do biegania,Tablets,132,11,20.63,0.00,0.00
2026-08-25,Search | Buty trailowe,Mobile phones,715,39,78.77,0.00,0.00
2026-08-25,Search | Buty trailowe,Computers,326,16,43.09,0.00,0.00
2026-08-25,Search | Buty trailowe,Tablets,72,2,4.26,0.00,0.00
2026-08-25,Search | Konkurencja,Mobile phones,613,26,72.63,1.00,273.39
2026-08-25,Search | Konkurencja,Computers,295,11,40.97,0.00,0.00
2026-08-25,Search | Konkurencja,Tablets,45,5,14.74,1.00,273.39
2026-08-26,Display | Remarketing,Mobile phones,"6,583",23,23.25,0.00,0.00
2026-08-26,Display | Remarketing,Computers,"2,896",13,17.52,1.00,361.96
2026-08-26,Display | Remarketing,Tablets,610,4,4.27,0.00,0.00
2026-08-26,PMax | Cały asortyment,Mobile phones,"3,755",43,40.18,0.00,0.00
2026-08-26,PMax | Cały asortyment,Computers,"1,593",23,28.65,0.00,0.00
2026-08-26,PMax | Cały asortyment,Tablets,359,2,1.97,0.00,0.00
2026-08-26,Search | Brand,Mobile phones,173,49,34.89,4.00,"1,419.30"
2026-08-26,Search | Brand,Computers,90,30,28.48,6.00,"2,128.94"
2026-08-26,Search | Brand,Tablets,28,2,1.50,0.00,0.00
2026-08-26,Search | Buty do biegania,Mobile phones,"1,585",74,132.29,2.00,641.74
2026-08-26,Search | Buty do biegania,Computers,658,44,104.88,2.00,641.74
2026-08-26,Search | Buty do biegania,Tablets,121,2,3.77,0.00,0.00
2026-08-26,Search | Buty trailowe,Mobile phones,721,33,57.34,1.00,276.80
2026-08-26,Search | Buty trailowe,Computers,320,16,37.07,0.00,0.00
2026-08-26,Search | Buty trailowe,Tablets,71,4,7.34,0.00,0.00
2026-08-26,Search | Konkurencja,Mobile phones,591,27,63.46,0.00,0.00
2026-08-26,Search | Konkurencja,Computers,248,14,43.87,0.00,0.00
2026-08-26,Search | Konkurencja,Tablets,61,1,2.48,0.00,0.00
2026-08-27,Display | Remarketing,Mobile phones,"6,400",38,37.90,0.00,0.00
2026-08-27,Display | Remarketing,Computers,"2,925",9,11.97,0.00,0.00
2026-08-27,Display | Remarketing,Tablets,624,1,1.05,0.00,0.00
2026-08-27,PMax | Cały asortyment,Mobile phones,"3,834",56,53.21,0.00,0.00
2026-08-27,PMax | Cały asortyment,Computers,"1,688",21,26.61,1.00,333.68
2026-08-27,PMax | Cały asortyment,Tablets,318,4,4.01,0.00,0.00
2026-08-27,Search | Brand,Mobile phones,167,51,38.46,2.00,655.87
2026-08-27,Search | Brand,Computers,76,19,19.11,3.00,983.81
2026-08-27,Search | Brand,Tablets,17,3,2.39,1.00,327.94
2026-08-27,Search | Buty do biegania,Mobile phones,"1,501",70,123.93,2.00,709.81
2026-08-27,Search | Buty do biegania,Computers,717,32,75.54,0.00,0.00
2026-08-27,Search | Buty do biegania,Tablets,160,3,5.61,0.00,0.00
2026-08-27,Search | Buty trailowe,Mobile phones,719,38,70.27,0.00,0.00
2026-08-27,Search | Buty trailowe,Computers,334,12,29.59,2.00,750.19
2026-08-27,Search | Buty trailowe,Tablets,81,8,15.62,1.00,375.09
2026-08-27,Search | Konkurencja,Mobile phones,645,28,69.63,0.00,0.00
2026-08-27,Search | Konkurencja,Computers,274,12,39.79,0.00,0.00
2026-08-27,Search | Konkurencja,Tablets,38,1,2.62,0.00,0.00
2026-08-28,Display | Remarketing,Mobile phones,"6,380",17,17.26,1.00,302.60
2026-08-28,Display | Remarketing,Computers,"2,853",10,13.54,0.00,0.00
2026-08-28,Display | Remarketing,Tablets,626,5,5.36,0.00,0.00
2026-08-28,PMax | Cały asortyment,Mobile phones,"3,794",36,28.65,1.00,334.22
2026-08-28,PMax | Cały asortyment,Computers,"1,700",24,25.47,2.00,668.44
2026-08-28,PMax | Cały asortyment,Tablets,343,2,1.68,0.00,0.00
2026-08-28,Search | Brand,Mobile phones,201,34,26.18,2.00,642.39
2026-08-28,Search | Brand,Computers,81,20,20.53,1.00,321.19
2026-08-28,Search | Brand,Tablets,20,2,1.63,0.00,0.00
2026-08-28,Search | Buty do biegania,Mobile phones,"1,579",95,181.38,7.00,"2,566.71"
2026-08-28,Search | Buty do biegania,Computers,714,23,58.55,0.00,0.00
2026-08-28,Search | Buty do biegania,Tablets,149,10,20.15,1.00,366.67
2026-08-28,Search | Buty trailowe,Mobile phones,717,40,82.37,1.00,354.91
2026-08-28,Search | Buty trailowe,Computers,319,8,21.96,0.00,0.00
2026-08-28,Search | Buty trailowe,Tablets,61,2,4.35,0.00,0.00
2026-08-28,Search | Konkurencja,Mobile phones,600,31,84.52,1.00,352.03
2026-08-28,Search | Konkurencja,Computers,304,11,39.99,1.00,352.03
2026-08-28,Search | Konkurencja,Tablets,62,6,17.27,0.00,0.00
2026-08-29,Display | Remarketing,Mobile phones,"5,499",15,11.84,0.00,0.00
2026-08-29,Display | Remarketing,Computers,"2,557",13,13.68,0.00,0.00
2026-08-29,Display | Remarketing,Tablets,524,3,2.50,0.00,0.00
2026-08-29,PMax | Cały asortyment,Mobile phones,"3,146",37,38.62,0.00,0.00
2026-08-29,PMax | Cały asortyment,Computers,"1,380",18,25.05,3.00,"1,180.08"
2026-08-29,PMax | Cały asortyment,Tablets,290,2,2.20,0.00,0.00
2026-08-29,Search | Brand,Mobile phones,171,40,26.58,2.00,732.32
2026-08-29,Search | Brand,Computers,68,22,19.49,2.00,732.32
2026-08-29,Search | Brand,Tablets,13,5,3.51,1.00,366.16
2026-08-29,Search | Buty do biegania,Mobile phones,"1,330",80,128.60,2.00,703.73
2026-08-29,Search | Buty do biegania,Computers,587,34,72.87,0.00,0.00
2026-08-29,Search | Buty do biegania,Tablets,123,7,11.88,0.00,0.00
2026-08-29,Search | Buty trailowe,Mobile phones,680,26,47.43,0.00,0.00
2026-08-29,Search | Buty trailowe,Computers,302,12,29.19,2.00,579.54
2026-08-29,Search | Buty trailowe,Tablets,64,2,3.85,0.00,0.00
2026-08-29,Search | Konkurencja,Mobile phones,558,28,68.34,1.00,277.89
2026-08-29,Search | Konkurencja,Computers,257,13,42.30,0.00,0.00
2026-08-29,Search | Konkurencja,Tablets,56,3,7.73,0.00,0.00
2026-08-30,Display | Remarketing,Mobile phones,"5,536",24,23.10,0.00,0.00
2026-08-30,Display | Remarketing,Computers,"2,502",7,8.98,0.00,0.00
2026-08-30,Display | Remarketing,Tablets,528,4,4.06,0.00,0.00
2026-08-30,PMax | Cały asortyment,Mobile phones,"3,184",30,32.18,2.00,777.15
2026-08-30,PMax | Cały asortyment,Computers,"1,390",22,31.47,1.00,388.57
2026-08-30,PMax | Cały asortyment,Tablets,293,2,2.26,0.00,0.00
2026-08-30,Search | Brand,Mobile phones,143,38,30.43,4.00,"1,289.64"
2026-08-30,Search | Brand,Computers,71,17,18.15,3.00,967.23
2026-08-30,Search | Brand,Tablets,11,7,5.92,0.00,0.00
2026-08-30,Search | Buty do biegania,Mobile phones,"1,340",69,123.77,1.00,359.40
2026-08-30,Search | Buty do biegania,Computers,588,41,98.06,1.00,359.40
2026-08-30,Search | Buty do biegania,Tablets,125,8,15.15,2.00,718.80
2026-08-30,Search | Buty trailowe,Mobile phones,581,24,44.79,1.00,302.76
2026-08-30,Search | Buty trailowe,Computers,279,13,32.34,1.00,302.76
2026-08-30,Search | Buty trailowe,Tablets,66,1,1.97,0.00,0.00
2026-08-30,Search | Konkurencja,Mobile phones,549,33,88.68,2.00,673.88
2026-08-30,Search | Konkurencja,Computers,255,13,46.58,1.00,336.94
2026-08-30,Search | Konkurencja,Tablets,55,1,2.84,0.00,0.00
2026-08-31,Display | Remarketing,Mobile phones,"6,464",33,23.19,0.00,0.00
2026-08-31,Display | Remarketing,Computers,"2,919",15,14.06,0.00,0.00
2026-08-31,Display | Remarketing,Tablets,616,1,0.74,0.00,0.00
2026-08-31,PMax | Cały asortyment,Mobile phones,"3,743",37,39.41,1.00,324.99
2026-08-31,PMax | Cały asortyment,Computers,"1,705",21,29.82,1.00,324.99
2026-08-31,PMax | Cały asortyment,Tablets,361,3,3.37,1.00,324.99
2026-08-31,Search | Brand,Mobile phones,189,39,28.91,1.00,355.92
2026-08-31,Search | Brand,Computers,73,34,33.60,4.00,"1,423.67"
2026-08-31,Search | Brand,Tablets,20,3,2.35,0.00,0.00
2026-08-31,Search | Buty do biegania,Mobile phones,"1,597",67,120.23,0.00,0.00
2026-08-31,Search | Buty do biegania,Computers,698,29,69.39,4.00,"1,628.83"
2026-08-31,Search | Buty do biegania,Tablets,128,6,11.36,1.00,407.21
2026-08-31,Search | Buty trailowe,Mobile phones,726,35,62.16,1.00,381.99
2026-08-31,Search | Buty trailowe,Computers,333,16,37.89,2.00,763.97
2026-08-31,Search | Buty trailowe,Tablets,57,4,7.50,0.00,0.00
2026-08-31,Search | Konkurencja,Mobile phones,639,27,72.88,0.00,0.00
2026-08-31,Search | Konkurencja,Computers,292,11,39.59,0.00,0.00
2026-08-31,Search | Konkurencja,Tablets,61,3,8.55,0.00,0.00
2026-09-01,Display | Remarketing,Mobile phones,"6,524",37,34.26,0.00,0.00
2026-09-01,Display | Remarketing,Computers,"2,921",21,25.93,0.00,0.00
2026-09-01,Display | Remarketing,Tablets,612,0,0.00,0.00,0.00
2026-09-01,PMax | Cały asortyment,Mobile phones,"3,661",47,46.79,1.00,313.75
2026-09-01,PMax | Cały asortyment,Computers,"1,706",21,27.87,0.00,0.00
2026-09-01,PMax | Cały asortyment,Tablets,368,4,4.20,0.00,0.00
2026-09-01,Search | Brand,Mobile phones,169,51,43.12,2.00,616.82
2026-09-01,Search | Brand,Computers,80,20,22.55,4.00,"1,233.63"
2026-09-01,Search | Brand,Tablets,16,3,2.68,2.00,616.82
2026-09-01,Search | Buty do biegania,Mobile phones,"1,641",79,141.20,2.00,671.02
2026-09-01,Search | Buty do biegania,Computers,710,38,90.56,2.00,671.02
2026-09-01,Search | Buty do biegania,Tablets,130,6,11.32,1.00,335.51
2026-09-01,Search | Buty trailowe,Mobile phones,844,48,90.64,2.00,600.22
2026-09-01,Search | Buty trailowe,Computers,407,21,52.87,0.00,0.00
2026-09-01,Search | Buty trailowe,Tablets,74,1,1.99,0.00,0.00
2026-09-01,Search | Konkurencja,Mobile phones,589,20,49.48,1.00,341.30
2026-09-01,Search | Konkurencja,Computers,313,9,29.69,0.00,0.00
2026-09-01,Search | Konkurencja,Tablets,60,2,5.22,0.00,0.00
2026-09-02,Display | Remarketing,Mobile phones,"6,537",17,15.04,0.00,0.00
2026-09-02,Display | Remarketing,Computers,"2,978",15,17.69,0.00,0.00
2026-09-02,Display | Remarketing,Tablets,604,4,3.74,0.00,0.00
2026-09-02,PMax | Cały asortyment,Mobile phones,"3,722",37,36.89,2.00,669.86
2026-09-02,PMax | Cały asortyment,Computers,"1,677",24,31.90,1.00,334.93
2026-09-02,PMax | Cały asortyment,Tablets,337,4,4.21,0.00,0.00
2026-09-02,Search | Brand,Mobile phones,173,43,37.18,0.00,0.00
2026-09-02,Search | Brand,Computers,82,19,21.90,1.00,321.10
2026-09-02,Search | Brand,Tablets,17,5,4.56,1.00,321.10
2026-09-02,Search | Buty do biegania,Mobile phones,"1,661",86,154.81,3.00,"1,043.28"
2026-09-02,Search | Buty do biegania,Computers,668,52,124.81,1.00,347.76
2026-09-02,Search | Buty do biegania,Tablets,146,7,13.30,1.00,347.76
2026-09-02,Search | Buty trailowe,Mobile phones,936,34,66.22,1.00,314.82
2026-09-02,Search | Buty trailowe,Computers,415,27,70.11,0.00,0.00
2026-09-02,Search | Buty trailowe,Tablets,81,6,12.33,0.00,0.00
2026-09-02,Search | Konkurencja,Mobile phones,657,22,53.56,1.00,425.45
2026-09-02,Search | Konkurencja,Computers,325,8,25.97,0.00,0.00
2026-09-02,Search | Konkurencja,Tablets,58,2,5.14,0.00,0.00
2026-09-03,Display | Remarketing,Mobile phones,"6,447",29,29.85,0.00,0.00
2026-09-03,Display | Remarketing,Computers,"2,963",10,13.72,0.00,0.00
2026-09-03,Display | Remarketing,Tablets,632,4,4.35,0.00,0.00
2026-09-03,PMax | Cały asortyment,Mobile phones,"3,757",52,46.58,1.00,371.47
2026-09-03,PMax | Cały asortyment,Computers,"1,646",21,25.08,0.00,0.00
2026-09-03,PMax | Cały asortyment,Tablets,380,2,1.89,0.00,0.00
2026-09-03,Search | Brand,Mobile phones,203,54,41.27,1.00,378.64
2026-09-03,Search | Brand,Computers,95,19,19.36,1.00,378.64
2026-09-03,Search | Brand,Tablets,18,6,4.84,2.00,757.28
2026-09-03,Search | Buty do biegania,Mobile phones,"1,652",83,137.63,3.00,"1,109.83"
2026-09-03,Search | Buty do biegania,Computers,713,37,81.80,2.00,739.88
2026-09-03,Search | Buty do biegania,Tablets,133,6,10.50,0.00,0.00
2026-09-03,Search | Buty trailowe,Mobile phones,885,41,75.69,0.00,0.00
2026-09-03,Search | Buty trailowe,Computers,372,13,32.00,0.00,0.00
2026-09-03,Search | Buty trailowe,Tablets,86,5,9.74,0.00,0.00
2026-09-03,Search | Konkurencja,Mobile phones,691,35,85.22,0.00,0.00
2026-09-03,Search | Konkurencja,Computers,304,13,42.20,0.00,0.00
2026-09-03,Search | Konkurencja,Tablets,55,4,10.28,0.00,0.00
2026-09-04,Display | Remarketing,Mobile phones,"6,752",38,33.47,0.00,0.00
2026-09-04,Display | Remarketing,Computers,"2,957",14,16.44,0.00,0.00
2026-09-04,Display | Remarketing,Tablets,598,5,4.65,0.00,0.00
2026-09-04,PMax | Cały asortyment,Mobile phones,"3,800",41,41.93,2.00,760.00
2026-09-04,PMax | Cały asortyment,Computers,"1,716",28,38.18,2.00,760.00
2026-09-04,PMax | Cały asortyment,Tablets,348,6,6.48,0.00,0.00
2026-09-04,Search | Brand,Mobile phones,211,45,36.37,1.00,279.32
2026-09-04,Search | Brand,Computers,85,18,19.40,2.00,558.65
2026-09-04,Search | Brand,Tablets,15,4,3.41,1.00,279.32
2026-09-04,Search | Buty do biegania,Mobile phones,"1,572",75,134.40,0.00,0.00
2026-09-04,Search | Buty do biegania,Computers,731,41,97.97,8.00,"2,965.05"
2026-09-04,Search | Buty do biegania,Tablets,160,6,11.35,0.00,0.00
2026-09-04,Search | Buty trailowe,Mobile phones,910,51,92.40,0.00,0.00
2026-09-04,Search | Buty trailowe,Computers,389,25,60.39,1.00,292.22
2026-09-04,Search | Buty trailowe,Tablets,95,5,9.56,0.00,0.00
2026-09-04,Search | Konkurencja,Mobile phones,647,19,48.21,0.00,0.00
2026-09-04,Search | Konkurencja,Computers,300,12,40.60,0.00,0.00
2026-09-04,Search | Konkurencja,Tablets,65,2,5.36,0.00,0.00
2026-09-05,Display | Remarketing,Mobile phones,"5,628",20,18.04,0.00,0.00
2026-09-05,Display | Remarketing,Computers,"2,443",13,15.64,0.00,0.00
2026-09-05,Display | Remarketing,Tablets,567,1,0.95,0.00,0.00
2026-09-05,PMax | Cały asortyment,Mobile phones,"3,316",42,49.42,0.00,0.00
2026-09-05,PMax | Cały asortyment,Computers,"1,482",18,28.24,0.00,0.00
2026-09-05,PMax | Cały asortyment,Tablets,321,2,2.48,1.00,397.89
2026-09-05,Search | Brand,Mobile phones,144,46,40.04,3.00,"1,134.71"
2026-09-05,Search | Brand,Computers,68,14,16.25,2.00,756.48
2026-09-05,Search | Brand,Tablets,16,1,0.92,0.00,0.00
2026-09-05,Search | Buty do biegania,Mobile phones,"1,443",80,146.26,2.00,669.67
2026-09-05,Search | Buty do biegania,Computers,620,35,85.32,3.00,"1,004.51"
2026-09-05,Search | Buty do biegania,Tablets,119,6,11.58,0.00,0.00
2026-09-05,Search | Buty trailowe,Mobile phones,732,38,65.21,0.00,0.00
2026-09-05,Search | Buty trailowe,Computers,333,21,48.05,0.00,0.00
2026-09-05,Search | Buty trailowe,Tablets,60,2,3.62,0.00,0.00
2026-09-05,Search | Konkurencja,Mobile phones,520,19,54.25,0.00,0.00
2026-09-05,Search | Konkurencja,Computers,255,11,41.88,1.00,365.78
2026-09-05,Search | Konkurencja,Tablets,55,3,9.04,0.00,0.00
2026-09-06,Display | Remarketing,Mobile phones,"5,667",28,19.13,0.00,0.00
2026-09-06,Display | Remarketing,Computers,"2,461",18,16.39,0.00,0.00
2026-09-06,Display | Remarketing,Tablets,521,0,0.00,0.00,0.00
2026-09-06,PMax | Cały asortyment,Mobile phones,"3,316",40,41.55,1.00,416.85
2026-09-06,PMax | Cały asortyment,Computers,"1,454",19,26.31,2.00,833.70
2026-09-06,PMax | Cały asortyment,Tablets,304,3,3.29,0.00,0.00
2026-09-06,Search | Brand,Mobile phones,157,46,36.23,2.00,775.92
2026-09-06,Search | Brand,Computers,73,23,24.15,1.00,387.96
2026-09-06,Search | Brand,Tablets,11,4,3.33,0.00,0.00
2026-09-06,Search | Buty do biegania,Mobile phones,"1,396",65,117.38,1.00,274.76
2026-09-06,Search | Buty do biegania,Computers,620,49,117.99,0.00,0.00
2026-09-06,Search | Buty do biegania,Tablets,139,5,9.53,0.00,0.00
2026-09-06,Search | Buty trailowe,Mobile phones,795,40,70.49,0.00,0.00
2026-09-06,Search | Buty trailowe,Computers,336,15,35.25,0.00,0.00
2026-09-06,Search | Buty trailowe,Tablets,67,4,7.44,0.00,0.00
2026-09-06,Search | Konkurencja,Mobile phones,526,11,26.95,1.00,272.46
2026-09-06,Search | Konkurencja,Computers,237,13,42.47,1.00,272.46
2026-09-06,Search | Konkurencja,Tablets,43,0,0.00,0.00,0.00
2026-09-07,Display | Remarketing,Mobile phones,"6,607",36,26.40,0.00,0.00
2026-09-07,Display | Remarketing,Computers,"3,015",10,9.78,0.00,0.00
2026-09-07,Display | Remarketing,Tablets,585,1,0.77,0.00,0.00
2026-09-07,PMax | Cały asortyment,Mobile phones,"4,040",48,44.02,1.00,434.81
2026-09-07,PMax | Cały asortyment,Computers,"1,753",20,24.45,0.00,0.00
2026-09-07,PMax | Cały asortyment,Tablets,366,6,5.81,0.00,0.00
2026-09-07,Search | Brand,Mobile phones,167,30,23.55,0.00,0.00
2026-09-07,Search | Brand,Computers,86,29,30.35,4.00,"1,143.26"
2026-09-07,Search | Brand,Tablets,18,9,7.46,0.00,0.00
2026-09-07,Search | Buty do biegania,Mobile phones,"1,570",80,140.51,2.00,765.46
2026-09-07,Search | Buty do biegania,Computers,715,45,105.38,4.00,"1,530.92"
2026-09-07,Search | Buty do biegania,Tablets,148,6,11.12,0.00,0.00
2026-09-07,Search | Buty trailowe,Mobile phones,862,28,49.06,0.00,0.00
2026-09-07,Search | Buty trailowe,Computers,383,16,37.38,0.00,0.00
2026-09-07,Search | Buty trailowe,Tablets,90,7,12.95,0.00,0.00
2026-09-07,Search | Konkurencja,Mobile phones,659,16,41.30,0.00,0.00
2026-09-07,Search | Konkurencja,Computers,318,8,27.53,0.00,0.00
2026-09-07,Search | Konkurencja,Tablets,66,2,5.45,0.00,0.00
2026-09-08,Display | Remarketing,Mobile phones,"6,769",23,20.09,0.00,0.00
2026-09-08,Display | Remarketing,Computers,"2,977",10,11.65,0.00,0.00
2026-09-08,Display | Remarketing,Tablets,662,4,3.69,0.00,0.00
2026-09-08,PMax | Cały asortyment,Mobile phones,"3,870",45,38.17,1.00,438.98
2026-09-08,PMax | Cały asortyment,Computers,"1,739",17,19.23,1.00,438.98
2026-09-08,PMax | Cały asortyment,Tablets,360,4,3.58,0.00,0.00
2026-09-08,Search | Brand,Mobile phones,186,52,40.40,1.00,359.39
2026-09-08,Search | Brand,Computers,93,23,23.82,2.00,718.77
2026-09-08,Search | Brand,Tablets,23,3,2.46,0.00,0.00
2026-09-08,Search | Buty do biegania,Mobile phones,"1,627",92,174.70,2.00,653.44
2026-09-08,Search | Buty do biegania,Computers,759,51,129.12,3.00,980.15
2026-09-08,Search | Buty do biegania,Tablets,160,9,18.04,0.00,0.00
2026-09-08,Search | Buty trailowe,Mobile phones,889,41,70.67,0.00,0.00
2026-09-08,Search | Buty trailowe,Computers,399,23,52.86,0.00,0.00
2026-09-08,Search | Buty trailowe,Tablets,79,5,9.10,0.00,0.00
2026-09-08,Search | Konkurencja,Mobile phones,642,14,34.40,0.00,0.00
2026-09-08,Search | Konkurencja,Computers,289,7,22.93,0.00,0.00
2026-09-08,Search | Konkurencja,Tablets,55,1,2.59,1.00,346.18
2026-09-09,Display | Remarketing,Mobile phones,"6,775",26,22.41,0.00,0.00
2026-09-09,Display | Remarketing,Computers,"2,966",14,16.09,0.00,0.00
2026-09-09,Display | Remarketing,Tablets,626,5,4.55,0.00,0.00
2026-09-09,PMax | Cały asortyment,Mobile phones,"3,897",40,38.04,0.00,0.00
2026-09-09,PMax | Cały asortyment,Computers,"1,676",29,36.77,3.00,"1,232.80"
2026-09-09,PMax | Cały asortyment,Tablets,345,10,10.04,0.00,0.00
2026-09-09,Search | Brand,Mobile phones,190,45,32.20,3.00,995.30
2026-09-09,Search | Brand,Computers,95,30,28.62,5.00,"1,658.83"
2026-09-09,Search | Brand,Tablets,19,3,2.27,0.00,0.00
2026-09-09,Search | Buty do biegania,Mobile phones,"1,616",74,136.96,1.00,425.39
2026-09-09,Search | Buty do biegania,Computers,701,51,125.85,3.00,"1,276.16"
2026-09-09,Search | Buty do biegania,Tablets,141,10,19.54,0.00,0.00
2026-09-09,Search | Buty trailowe,Mobile phones,842,42,70.20,1.00,363.06
2026-09-09,Search | Buty trailowe,Computers,361,22,49.03,1.00,363.06
2026-09-09,Search | Buty trailowe,Tablets,87,8,14.12,0.00,0.00
2026-09-09,Search | Konkurencja,Mobile phones,661,19,48.29,1.00,265.31
2026-09-09,Search | Konkurencja,Computers,306,16,54.21,0.00,0.00
2026-09-09,Search | Konkurencja,Tablets,48,4,10.73,0.00,0.00
2026-09-10,Display | Remarketing,Mobile phones,"6,812",26,19.27,0.00,0.00
2026-09-10,Display | Remarketing,Computers,"3,068",16,15.81,0.00,0.00
2026-09-10,Display | Remarketing,Tablets,652,4,3.13,0.00,0.00
2026-09-10,PMax | Cały asortyment,Mobile phones,"3,862",39,45.79,0.00,0.00
2026-09-10,PMax | Cały asortyment,Computers,"1,755",20,31.31,1.00,281.35
2026-09-10,PMax | Cały asortyment,Tablets,373,5,6.20,0.00,0.00
2026-09-10,Search | Brand,Mobile phones,182,50,44.27,2.00,712.97
2026-09-10,Search | Brand,Computers,86,18,21.25,0.00,0.00
2026-09-10,Search | Brand,Tablets,19,5,4.67,0.00,0.00
2026-09-10,Search | Buty do biegania,Mobile phones,"1,620",81,145.56,1.00,333.72
2026-09-10,Search | Buty do biegania,Computers,671,36,86.26,2.00,667.43
2026-09-10,Search | Buty do biegania,Tablets,161,9,17.07,0.00,0.00
2026-09-10,Search | Buty trailowe,Mobile phones,924,44,81.44,0.00,0.00
2026-09-10,Search | Buty trailowe,Computers,442,22,54.29,0.00,0.00
2026-09-10,Search | Buty trailowe,Tablets,93,2,3.91,0.00,0.00
2026-09-10,Search | Konkurencja,Mobile phones,638,25,68.25,1.00,417.83
2026-09-10,Search | Konkurencja,Computers,315,7,25.48,0.00,0.00
2026-09-10,Search | Konkurencja,Tablets,66,1,2.88,0.00,0.00
2026-09-11,Display | Remarketing,Mobile phones,"6,869",40,29.20,0.00,0.00
2026-09-11,Display | Remarketing,Computers,"3,037",13,12.65,0.00,0.00
2026-09-11,Display | Remarketing,Tablets,583,3,2.31,0.00,0.00
2026-09-11,PMax | Cały asortyment,Mobile phones,"3,920",39,31.80,0.00,0.00
2026-09-11,PMax | Cały asortyment,Computers,"1,740",18,19.57,0.00,0.00
2026-09-11,PMax | Cały asortyment,Tablets,353,5,4.30,0.00,0.00
2026-09-11,Search | Brand,Mobile phones,173,53,40.80,2.00,715.17
2026-09-11,Search | Brand,Computers,58,24,24.64,3.00,"1,072.76"
2026-09-11,Search | Brand,Tablets,16,5,4.06,0.00,0.00
2026-09-11,Search | Buty do biegania,Mobile phones,"1,583",89,156.91,3.00,"1,104.90"
2026-09-11,Search | Buty do biegania,Computers,707,38,89.33,2.00,736.60
2026-09-11,Search | Buty do biegania,Tablets,118,6,11.17,1.00,368.30
2026-09-11,Search | Buty trailowe,Mobile phones,869,36,65.05,0.00,0.00
2026-09-11,Search | Buty trailowe,Computers,407,22,53.00,0.00,0.00
2026-09-11,Search | Buty trailowe,Tablets,83,2,3.81,0.00,0.00
2026-09-11,Search | Konkurencja,Mobile phones,661,15,37.34,0.00,0.00
2026-09-11,Search | Konkurencja,Computers,312,14,46.46,1.00,275.14
2026-09-11,Search | Konkurencja,Tablets,51,1,2.63,0.00,0.00
2026-09-12,Display | Remarketing,Mobile phones,"5,821",30,27.63,0.00,0.00
2026-09-12,Display | Remarketing,Computers,"2,624",13,15.96,0.00,0.00
2026-09-12,Display | Remarketing,Tablets,511,3,2.92,0.00,0.00
2026-09-12,PMax | Cały asortyment,Mobile phones,"3,432",31,35.38,1.00,296.13
2026-09-12,PMax | Cały asortyment,Computers,"1,494",17,25.87,0.00,0.00
2026-09-12,PMax | Cały asortyment,Tablets,323,4,4.82,0.00,0.00
2026-09-12,Search | Brand,Mobile phones,150,39,31.11,4.00,"1,662.34"
2026-09-12,Search | Brand,Computers,66,23,24.46,4.00,"1,662.34"
2026-09-12,Search | Brand,Tablets,19,2,1.68,0.00,0.00
2026-09-12,Search | Buty do biegania,Mobile phones,"1,333",76,128.81,2.00,571.73
2026-09-12,Search | Buty do biegania,Computers,616,36,81.35,1.00,285.87
2026-09-12,Search | Buty do biegania,Tablets,124,7,12.52,0.00,0.00
2026-09-12,Search | Buty trailowe,Mobile phones,831,35,62.93,1.00,360.79
2026-09-12,Search | Buty trailowe,Computers,350,19,45.55,1.00,360.79
2026-09-12,Search | Buty trailowe,Tablets,68,1,1.90,1.00,360.79
2026-09-12,Search | Konkurencja,Mobile phones,580,14,38.05,0.00,0.00
2026-09-12,Search | Konkurencja,Computers,256,4,14.49,0.00,0.00
2026-09-12,Search | Konkurencja,Tablets,64,1,2.87,0.00,0.00
2026-09-13,Display | Remarketing,Mobile phones,"5,747",27,20.46,0.00,0.00
2026-09-13,Display | Remarketing,Computers,"2,514",12,12.12,0.00,0.00
2026-09-13,Display | Remarketing,Tablets,515,5,4.00,0.00,0.00
2026-09-13,PMax | Cały asortyment,Mobile phones,"3,343",35,31.41,2.00,686.34
2026-09-13,PMax | Cały asortyment,Computers,"1,491",23,27.53,3.00,"1,029.50"
2026-09-13,PMax | Cały asortyment,Tablets,330,0,0.00,0.00,0.00
2026-09-13,Search | Brand,Mobile phones,158,46,33.75,3.00,"1,021.44"
2026-09-13,Search | Brand,Computers,63,16,15.65,1.00,340.48
2026-09-13,Search | Brand,Tablets,15,5,3.87,1.00,340.48
2026-09-13,Search | Buty do biegania,Mobile phones,"1,445",78,139.13,1.00,402.38
2026-09-13,Search | Buty do biegania,Computers,625,34,80.86,1.00,402.38
2026-09-13,Search | Buty do biegania,Tablets,143,11,20.71,0.00,0.00
2026-09-13,Search | Buty trailowe,Mobile phones,812,52,96.90,1.00,378.12
2026-09-13,Search | Buty trailowe,Computers,383,24,59.63,0.00,0.00
2026-09-13,Search | Buty trailowe,Tablets,78,3,5.90,1.00,378.12
2026-09-13,Search | Konkurencja,Mobile phones,582,24,61.50,1.00,362.77
2026-09-13,Search | Konkurencja,Computers,238,9,30.75,0.00,0.00
2026-09-13,Search | Konkurencja,Tablets,62,1,2.71,0.00,0.00
2026-09-14,Display | Remarketing,Mobile phones,"6,837",28,26.62,0.00,0.00
2026-09-14,Display | Remarketing,Computers,"3,143",9,11.41,0.00,0.00
2026-09-14,Display | Remarketing,Tablets,649,2,2.01,0.00,0.00
2026-09-14,PMax | Cały asortyment,Mobile phones,"3,998",49,45.10,0.00,0.00
2026-09-14,PMax | Cały asortyment,Computers,"1,780",28,34.37,2.00,771.00
2026-09-14,PMax | Cały asortyment,Tablets,369,6,5.83,0.00,0.00
2026-09-14,Search | Brand,Mobile phones,184,38,29.94,1.00,370.22
2026-09-14,Search | Brand,Computers,97,30,31.52,4.00,"1,480.87"
2026-09-14,Search | Brand,Tablets,14,2,1.66,1.00,370.22
2026-09-14,Search | Buty do biegania,Mobile phones,"1,628",95,177.16,1.00,344.12
2026-09-14,Search | Buty do biegania,Computers,728,42,104.43,1.00,344.12
2026-09-14,Search | Buty do biegania,Tablets,140,5,9.84,0.00,0.00
2026-09-14,Search | Buty trailowe,Mobile phones,936,37,63.06,0.00,0.00
2026-09-14,Search | Buty trailowe,Computers,423,34,77.26,0.00,0.00
2026-09-14,Search | Buty trailowe,Tablets,98,5,8.99,0.00,0.00
2026-09-14,Search | Konkurencja,Mobile phones,670,18,50.37,1.00,437.71
2026-09-14,Search | Konkurencja,Computers,295,5,18.65,0.00,0.00
2026-09-14,Search | Konkurencja,Tablets,83,2,5.91,0.00,0.00
2026-09-15,Display | Remarketing,Mobile phones,"6,849",30,20.99,0.00,0.00
2026-09-15,Display | Remarketing,Computers,"3,040",23,21.45,0.00,0.00
2026-09-15,Display | Remarketing,Tablets,684,1,0.74,0.00,0.00
2026-09-15,PMax | Cały asortyment,Mobile phones,"4,041",56,51.59,0.00,0.00
2026-09-15,PMax | Cały asortyment,Computers,"1,823",23,28.25,1.00,417.70
2026-09-15,PMax | Cały asortyment,Tablets,366,5,4.86,1.00,417.70
2026-09-15,Search | Brand,Mobile phones,169,62,48.55,3.00,"1,218.05"
2026-09-15,Search | Brand,Computers,107,15,15.66,2.00,812.03
2026-09-15,Search | Brand,Tablets,17,5,4.13,0.00,0.00
2026-09-15,Search | Buty do biegania,Mobile phones,"1,655",95,177.25,3.00,"1,030.73"
2026-09-15,Search | Buty do biegania,Computers,764,39,97.02,5.00,"1,717.89"
2026-09-15,Search | Buty do biegania,Tablets,163,10,19.69,0.00,0.00
2026-09-15,Search | Buty trailowe,Mobile phones,888,45,74.38,0.00,0.00
2026-09-15,Search | Buty trailowe,Computers,377,30,66.12,0.00,0.00
2026-09-15,Search | Buty trailowe,Tablets,90,3,5.23,0.00,0.00
2026-09-15,Search | Konkurencja,Mobile phones,673,18,44.71,0.00,0.00
2026-09-15,Search | Konkurencja,Computers,282,18,59.62,0.00,0.00
2026-09-15,Search | Konkurencja,Tablets,60,1,2.62,0.00,0.00
2026-09-16,Display | Remarketing,Mobile phones,"6,979",40,29.74,0.00,0.00
2026-09-16,Display | Remarketing,Computers,"3,199",20,19.83,0.00,0.00
2026-09-16,Display | Remarketing,Tablets,633,2,1.57,0.00,0.00
2026-09-16,PMax | Cały asortyment,Mobile phones,"3,936",47,40.53,4.00,"1,604.21"
2026-09-16,PMax | Cały asortyment,Computers,"1,692",25,28.74,2.00,802.11
2026-09-16,PMax | Cały asortyment,Tablets,377,3,2.73,0.00,0.00
2026-09-16,Search | Brand,Mobile phones,206,44,30.43,4.00,"1,406.48"
2026-09-16,Search | Brand,Computers,82,27,24.89,3.00,"1,054.86"
2026-09-16,Search | Brand,Tablets,17,3,2.19,0.00,0.00
2026-09-16,Search | Buty do biegania,Mobile phones,"1,713",88,162.79,4.00,"1,550.20"
2026-09-16,Search | Buty do biegania,Computers,746,45,110.99,3.00,"1,162.65"
2026-09-16,Search | Buty do biegania,Tablets,173,5,9.76,1.00,387.55
2026-09-16,Search | Buty trailowe,Mobile phones,856,38,69.56,0.00,0.00
2026-09-16,Search | Buty trailowe,Computers,380,20,48.81,1.00,420.77
2026-09-16,Search | Buty trailowe,Tablets,89,2,3.86,0.00,0.00
2026-09-16,Search | Konkurencja,Mobile phones,671,19,44.37,0.00,0.00
2026-09-16,Search | Konkurencja,Computers,270,8,24.91,1.00,357.92
2026-09-16,Search | Konkurencja,Tablets,71,5,12.32,0.00,0.00
2026-09-17,Display | Remarketing,Mobile phones,"6,899",28,23.76,0.00,0.00
2026-09-17,Display | Remarketing,Computers,"3,040",19,21.49,0.00,0.00
2026-09-17,Display | Remarketing,Tablets,652,0,0.00,0.00,0.00
2026-09-17,PMax | Cały asortyment,Mobile phones,"3,953",49,56.90,2.00,733.29
2026-09-17,PMax | Cały asortyment,Computers,"1,724",21,32.51,0.00,0.00
2026-09-17,PMax | Cały asortyment,Tablets,378,3,3.68,0.00,0.00
2026-09-17,Search | Brand,Mobile phones,169,42,35.95,1.00,264.03
2026-09-17,Search | Brand,Computers,72,22,25.11,0.00,0.00
2026-09-17,Search | Brand,Tablets,18,5,4.52,0.00,0.00
2026-09-17,Search | Buty do biegania,Mobile phones,"1,652",77,131.15,2.00,565.29
2026-09-17,Search | Buty do biegania,Computers,757,41,93.11,0.00,0.00
2026-09-17,Search | Buty do biegania,Tablets,159,9,16.18,0.00,0.00
2026-09-17,Search | Buty trailowe,Mobile phones,914,38,64.97,2.00,792.37
2026-09-17,Search | Buty trailowe,Computers,452,33,75.23,0.00,0.00
2026-09-17,Search | Buty trailowe,Tablets,93,5,9.02,0.00,0.00
2026-09-17,Search | Konkurencja,Mobile phones,714,23,54.80,0.00,0.00
2026-09-17,Search | Konkurencja,Computers,273,11,34.95,0.00,0.00
2026-09-17,Search | Konkurencja,Tablets,69,2,5.03,0.00,0.00
2026-09-18,Display | Remarketing,Mobile phones,"7,073",27,21.55,0.00,0.00
2026-09-18,Display | Remarketing,Computers,"3,076",13,13.83,0.00,0.00
2026-09-18,Display | Remarketing,Tablets,651,3,2.53,0.00,0.00
2026-09-18,PMax | Cały asortyment,Mobile phones,"3,953",47,44.81,1.00,381.02
2026-09-18,PMax | Cały asortyment,Computers,"1,773",16,20.34,1.00,381.02
2026-09-18,PMax | Cały asortyment,Tablets,357,5,5.03,0.00,0.00
2026-09-18,Search | Brand,Mobile phones,194,53,40.80,5.00,"1,816.36"
2026-09-18,Search | Brand,Computers,91,31,31.82,1.00,363.27
2026-09-18,Search | Brand,Tablets,22,7,5.69,0.00,0.00
2026-09-18,Search | Buty do biegania,Mobile phones,"1,622",80,145.15,4.00,"1,289.13"
2026-09-18,Search | Buty do biegania,Computers,782,46,111.28,1.00,322.28
2026-09-18,Search | Buty do biegania,Tablets,143,5,9.58,0.00,0.00
2026-09-18,Search | Buty trailowe,Mobile phones,893,41,75.09,1.00,315.95
2026-09-18,Search | Buty trailowe,Computers,470,20,48.84,1.00,315.95
2026-09-18,Search | Buty trailowe,Tablets,92,4,7.73,0.00,0.00
2026-09-18,Search | Konkurencja,Mobile phones,684,19,44.95,0.00,0.00
2026-09-18,Search | Konkurencja,Computers,337,10,31.55,0.00,0.00
2026-09-18,Search | Konkurencja,Tablets,67,3,7.49,0.00,0.00
2026-09-19,Display | Remarketing,Mobile phones,"5,927",23,21.24,0.00,0.00
2026-09-19,Display | Remarketing,Computers,"2,552",11,13.54,0.00,0.00
2026-09-19,Display | Remarketing,Tablets,537,1,0.97,0.00,0.00
2026-09-19,PMax | Cały asortyment,Mobile phones,"3,348",43,43.93,1.00,401.68
2026-09-19,PMax | Cały asortyment,Computers,"1,580",23,31.33,1.00,401.68
2026-09-19,PMax | Cały asortyment,Tablets,302,6,6.47,0.00,0.00
2026-09-19,Search | Brand,Mobile phones,172,42,32.91,2.00,779.56
2026-09-19,Search | Brand,Computers,61,25,26.12,2.00,779.56
2026-09-19,Search | Brand,Tablets,15,4,3.31,0.00,0.00
2026-09-19,Search | Buty do biegania,Mobile phones,"1,448",74,123.55,1.00,351.36
2026-09-19,Search | Buty do biegania,Computers,611,25,55.65,0.00,0.00
2026-09-19,Search | Buty do biegania,Tablets,143,8,14.10,1.00,351.36
2026-09-19,Search | Buty trailowe,Mobile phones,797,28,47.70,0.00,0.00
2026-09-19,Search | Buty trailowe,Computers,357,19,43.16,0.00,0.00
2026-09-19,Search | Buty trailowe,Tablets,67,7,12.59,0.00,0.00
2026-09-19,Search | Konkurencja,Mobile phones,604,14,36.75,0.00,0.00
2026-09-19,Search | Konkurencja,Computers,251,11,38.50,0.00,0.00
2026-09-19,Search | Konkurencja,Tablets,45,2,5.54,0.00,0.00
2026-09-20,Display | Remarketing,Mobile phones,"5,966",27,21.75,0.00,0.00
2026-09-20,Display | Remarketing,Computers,"2,617",10,10.74,0.00,0.00
2026-09-20,Display | Remarketing,Tablets,547,2,1.70,0.00,0.00
2026-09-20,PMax | Cały asortyment,Mobile phones,"3,483",40,36.65,0.00,0.00
2026-09-20,PMax | Cały asortyment,Computers,"1,510",20,24.43,0.00,0.00
2026-09-20,PMax | Cały asortyment,Tablets,276,5,4.84,0.00,0.00
2026-09-20,Search | Brand,Mobile phones,165,52,37.00,2.00,760.15
2026-09-20,Search | Brand,Computers,87,21,19.92,3.00,"1,140.23"
2026-09-20,Search | Brand,Tablets,15,2,1.50,0.00,0.00
2026-09-20,Search | Buty do biegania,Mobile phones,"1,414",82,169.84,2.00,758.72
2026-09-20,Search | Buty do biegania,Computers,648,44,121.51,3.00,"1,138.09"
2026-09-20,Search | Buty do biegania,Tablets,131,13,28.42,0.00,0.00
2026-09-20,Search | Buty trailowe,Mobile phones,760,33,59.51,1.00,364.36
2026-09-20,Search | Buty trailowe,Computers,362,17,40.87,0.00,0.00
2026-09-20,Search | Buty trailowe,Tablets,60,2,3.81,0.00,0.00
2026-09-20,Search | Konkurencja,Mobile phones,566,17,39.84,1.00,335.39
2026-09-20,Search | Konkurencja,Computers,278,9,28.12,0.00,0.00
2026-09-20,Search | Konkurencja,Tablets,39,4,9.90,0.00,0.00
2026-09-21,Display | Remarketing,Mobile phones,"7,127",23,17.06,0.00,0.00
2026-09-21,Display | Remarketing,Computers,"3,175",16,15.83,0.00,0.00
2026-09-21,Display | Remarketing,Tablets,635,1,0.78,0.00,0.00
2026-09-21,PMax | Cały asortyment,Mobile phones,"4,152",57,48.89,4.00,"1,194.81"
2026-09-21,PMax | Cały asortyment,Computers,"1,833",27,30.88,2.00,597.41
2026-09-21,PMax | Cały asortyment,Tablets,362,2,1.81,0.00,0.00
2026-09-21,Search | Brand,Mobile phones,209,53,46.49,1.00,386.93
2026-09-21,Search | Brand,Computers,81,26,30.41,3.00,"1,160.78"
2026-09-21,Search | Brand,Tablets,16,4,3.70,0.00,0.00
2026-09-21,Search | Buty do biegania,Mobile phones,"1,647",97,190.07,1.00,314.47
2026-09-21,Search | Buty do biegania,Computers,741,35,91.44,1.00,314.47
2026-09-21,Search | Buty do biegania,Tablets,157,13,26.89,0.00,0.00
2026-09-21,Search | Buty trailowe,Mobile phones,"1,024",41,71.29,0.00,0.00
2026-09-21,Search | Buty trailowe,Computers,400,20,46.37,0.00,0.00
2026-09-21,Search | Buty trailowe,Tablets,80,5,9.18,0.00,0.00
2026-09-21,Search | Konkurencja,Mobile phones,715,22,56.45,1.00,274.03
2026-09-21,Search | Konkurencja,Computers,309,9,30.79,0.00,0.00
2026-09-21,Search | Konkurencja,Tablets,63,4,10.83,0.00,0.00
2026-09-22,Display | Remarketing,Mobile phones,"7,143",47,35.99,0.00,0.00
2026-09-22,Display | Remarketing,Computers,"3,266",19,19.40,0.00,0.00
2026-09-22,Display | Remarketing,Tablets,685,4,3.23,0.00,0.00
2026-09-22,PMax | Cały asortyment,Mobile phones,"4,008",37,34.40,1.00,394.74
2026-09-22,PMax | Cały asortyment,Computers,"1,865",21,26.04,1.00,394.74
2026-09-22,PMax | Cały asortyment,Tablets,381,1,0.98,0.00,0.00
2026-09-22,Search | Brand,Mobile phones,225,57,40.73,1.00,306.19
2026-09-22,Search | Brand,Computers,76,27,25.72,4.00,"1,224.75"
2026-09-22,Search | Brand,Tablets,19,8,6.03,1.00,306.19
2026-09-22,Search | Buty do biegania,Mobile phones,"1,675",103,174.89,3.00,"1,117.15"
2026-09-22,Search | Buty do biegania,Computers,772,54,122.25,2.00,744.76
2026-09-22,Search | Buty do biegania,Tablets,152,13,23.30,0.00,0.00
2026-09-22,Search | Buty trailowe,Mobile phones,974,49,84.78,2.00,682.45
2026-09-22,Search | Buty trailowe,Computers,405,19,43.83,0.00,0.00
2026-09-22,Search | Buty trailowe,Tablets,78,4,7.30,0.00,0.00
2026-09-22,Search | Konkurencja,Mobile phones,662,24,57.32,1.00,341.74
2026-09-22,Search | Konkurencja,Computers,319,13,41.40,0.00,0.00
2026-09-22,Search | Konkurencja,Tablets,83,3,7.56,0.00,0.00
2026-09-23,Display | Remarketing,Mobile phones,"7,091",35,25.65,0.00,0.00
2026-09-23,Display | Remarketing,Computers,"3,148",25,24.43,0.00,0.00
2026-09-23,Display | Remarketing,Tablets,653,7,5.41,0.00,0.00
2026-09-23,PMax | Cały asortyment,Mobile phones,"4,094",40,36.22,1.00,441.35
2026-09-23,PMax | Cały asortyment,Computers,"1,731",21,25.35,1.00,441.35
2026-09-23,PMax | Cały asortyment,Tablets,366,3,2.87,0.00,0.00
2026-09-23,Search | Brand,Mobile phones,197,48,39.28,2.00,627.33
2026-09-23,Search | Brand,Computers,99,33,36.01,3.00,941.00
2026-09-23,Search | Brand,Tablets,20,7,6.05,0.00,0.00
2026-09-23,Search | Buty do biegania,Mobile phones,"1,708",99,165.67,2.00,586.41
2026-09-23,Search | Buty do biegania,Computers,723,46,102.64,2.00,586.41
2026-09-23,Search | Buty do biegania,Tablets,166,6,10.60,1.00,293.21
2026-09-23,Search | Buty trailowe,Mobile phones,926,30,53.28,0.00,0.00
2026-09-23,Search | Buty trailowe,Computers,394,19,44.99,0.00,0.00
2026-09-23,Search | Buty trailowe,Tablets,79,5,9.37,0.00,0.00
2026-09-23,Search | Konkurencja,Mobile phones,708,26,71.27,2.00,804.68
2026-09-23,Search | Konkurencja,Computers,314,8,29.24,0.00,0.00
2026-09-23,Search | Konkurencja,Tablets,54,2,5.79,0.00,0.00
2026-09-24,Display | Remarketing,Mobile phones,"7,065",34,30.66,0.00,0.00
2026-09-24,Display | Remarketing,Computers,"3,305",17,20.44,0.00,0.00
2026-09-24,Display | Remarketing,Tablets,629,5,4.76,0.00,0.00
2026-09-24,PMax | Cały asortyment,Mobile phones,"4,155",40,31.82,4.00,"1,387.79"
2026-09-24,PMax | Cały asortyment,Computers,"1,825",22,23.33,0.00,0.00
2026-09-24,PMax | Cały asortyment,Tablets,360,3,2.52,0.00,0.00
2026-09-24,Search | Brand,Mobile phones,190,44,33.18,2.00,564.52
2026-09-24,Search | Brand,Computers,93,32,32.18,3.00,846.78
2026-09-24,Search | Brand,Tablets,20,6,4.78,1.00,282.26
2026-09-24,Search | Buty do biegania,Mobile phones,"1,692",91,155.99,2.00,637.75
2026-09-24,Search | Buty do biegania,Computers,743,57,130.28,2.00,637.75
2026-09-24,Search | Buty do biegania,Tablets,165,18,32.57,0.00,0.00
2026-09-24,Search | Buty trailowe,Mobile phones,891,44,72.58,0.00,0.00
2026-09-24,Search | Buty trailowe,Computers,395,20,43.99,1.00,295.48
2026-09-24,Search | Buty trailowe,Tablets,92,5,8.71,0.00,0.00
2026-09-24,Search | Konkurencja,Mobile phones,701,21,58.28,0.00,0.00
2026-09-24,Search | Konkurencja,Computers,316,13,48.11,0.00,0.00
2026-09-24,Search | Konkurencja,Tablets,72,3,8.79,0.00,0.00
2026-09-25,Display | Remarketing,Mobile phones,"6,951",42,32.51,0.00,0.00
2026-09-25,Display | Remarketing,Computers,"3,241",13,13.42,0.00,0.00
2026-09-25,Display | Remarketing,Tablets,697,1,0.82,0.00,0.00
2026-09-25,PMax | Cały asortyment,Mobile phones,"4,096",45,49.17,0.00,0.00
2026-09-25,PMax | Cały asortyment,Computers,"1,811",26,37.88,1.00,310.44
2026-09-25,PMax | Cały asortyment,Tablets,374,4,4.61,0.00,0.00
2026-09-25,Search | Brand,Mobile phones,212,43,37.73,1.00,385.81
2026-09-25,Search | Brand,Computers,88,23,26.91,2.00,771.63
2026-09-25,Search | Brand,Tablets,22,9,8.34,0.00,0.00
2026-09-25,Search | Buty do biegania,Mobile phones,"1,722",89,154.11,1.00,378.12
2026-09-25,Search | Buty do biegania,Computers,721,47,108.51,3.00,"1,134.35"
2026-09-25,Search | Buty do biegania,Tablets,165,7,12.79,0.00,0.00
2026-09-25,Search | Buty trailowe,Mobile phones,972,51,93.09,1.00,280.98
2026-09-25,Search | Buty trailowe,Computers,395,20,48.67,0.00,0.00
2026-09-25,Search | Buty trailowe,Tablets,96,7,13.49,0.00,0.00
2026-09-25,Search | Konkurencja,Mobile phones,710,24,67.96,0.00,0.00
2026-09-25,Search | Konkurencja,Computers,313,12,45.30,3.00,"1,189.93"
2026-09-25,Search | Konkurencja,Tablets,82,1,2.99,0.00,0.00
2026-09-26,Display | Remarketing,Mobile phones,"6,112",27,22.51,0.00,0.00
2026-09-26,Display | Remarketing,Computers,"2,705",9,10.00,0.00,0.00
2026-09-26,Display | Remarketing,Tablets,578,0,0.00,0.00,0.00
2026-09-26,PMax | Cały asortyment,Mobile phones,"3,451",36,42.90,0.00,0.00
2026-09-26,PMax | Cały asortyment,Computers,"1,544",12,19.07,0.00,0.00
2026-09-26,PMax | Cały asortyment,Tablets,312,5,6.29,0.00,0.00
2026-09-26,Search | Brand,Mobile phones,167,32,22.28,2.00,737.96
2026-09-26,Search | Brand,Computers,73,20,18.57,1.00,368.98
2026-09-26,Search | Brand,Tablets,15,9,6.62,2.00,737.96
2026-09-26,Search | Buty do biegania,Mobile phones,"1,439",74,133.21,2.00,644.87
2026-09-26,Search | Buty do biegania,Computers,609,47,112.81,4.00,"1,289.74"
2026-09-26,Search | Buty do biegania,Tablets,139,6,11.40,0.00,0.00
2026-09-26,Search | Buty trailowe,Mobile phones,819,32,57.72,0.00,0.00
2026-09-26,Search | Buty trailowe,Computers,385,19,45.70,1.00,290.19
2026-09-26,Search | Buty trailowe,Tablets,83,2,3.81,0.00,0.00
2026-09-26,Search | Konkurencja,Mobile phones,578,14,31.53,0.00,0.00
2026-09-26,Search | Konkurencja,Computers,231,18,54.05,0.00,0.00
2026-09-26,Search | Konkurencja,Tablets,44,1,2.38,0.00,0.00
2026-09-27,Display | Remarketing,Mobile phones,"6,148",34,30.30,0.00,0.00
2026-09-27,Display | Remarketing,Computers,"2,667",13,15.45,0.00,0.00
2026-09-27,Display | Remarketing,Tablets,578,3,2.82,0.00,0.00
2026-09-27,PMax | Cały asortyment,Mobile phones,"3,449",39,31.56,1.00,287.29
2026-09-27,PMax | Cały asortyment,Computers,"1,579",21,22.66,1.00,287.29
2026-09-27,PMax | Cały asortyment,Tablets,329,3,2.56,0.00,0.00
2026-09-27,Search | Brand,Mobile phones,190,44,38.94,3.00,950.38
2026-09-27,Search | Brand,Computers,76,27,31.86,2.00,633.58
2026-09-27,Search | Brand,Tablets,11,4,3.74,0.00,0.00
2026-09-27,Search | Buty do biegania,Mobile phones,"1,416",70,107.72,1.00,367.56
2026-09-27,Search | Buty do biegania,Computers,598,47,96.44,3.00,"1,102.68"
2026-09-27,Search | Buty do biegania,Tablets,135,14,22.74,2.00,735.12
2026-09-27,Search | Buty trailowe,Mobile phones,832,43,74.77,1.00,266.52
2026-09-27,Search | Buty trailowe,Computers,383,20,46.37,0.00,0.00
2026-09-27,Search | Buty trailowe,Tablets,61,3,5.51,0.00,0.00
2026-09-27,Search | Konkurencja,Mobile phones,610,19,48.31,0.00,0.00
2026-09-27,Search | Konkurencja,Computers,236,7,23.73,1.00,386.49
2026-09-27,Search | Konkurencja,Tablets,49,1,2.68,0.00,0.00
2026-09-28,Display | Remarketing,Mobile phones,"7,328",26,25.89,0.00,0.00
2026-09-28,Display | Remarketing,Computers,"3,198",16,21.24,0.00,0.00
2026-09-28,Display | Remarketing,Tablets,658,4,4.20,0.00,0.00
2026-09-28,PMax | Cały asortyment,Mobile phones,"4,181",53,52.87,1.00,390.23
2026-09-28,PMax | Cały asortyment,Computers,"1,831",33,43.90,4.00,"1,560.91"
2026-09-28,PMax | Cały asortyment,Tablets,392,3,3.16,0.00,0.00
2026-09-28,Search | Brand,Mobile phones,174,42,34.41,4.00,"1,694.20"
2026-09-28,Search | Brand,Computers,96,15,16.39,4.00,"1,694.20"
2026-09-28,Search | Brand,Tablets,13,2,1.73,0.00,0.00
2026-09-28,Search | Buty do biegania,Mobile phones,"1,718",94,167.78,2.00,718.99
2026-09-28,Search | Buty do biegania,Computers,765,47,111.86,3.00,"1,078.48"
2026-09-28,Search | Buty do biegania,Tablets,166,5,9.42,1.00,359.49
2026-09-28,Search | Buty trailowe,Mobile phones,979,60,110.36,1.00,367.27
2026-09-28,Search | Buty trailowe,Computers,439,22,53.96,1.00,367.27
2026-09-28,Search | Buty trailowe,Tablets,88,8,15.53,0.00,0.00
2026-09-28,Search | Konkurencja,Mobile phones,703,30,88.05,0.00,0.00
2026-09-28,Search | Konkurencja,Computers,327,13,50.87,0.00,0.00
2026-09-28,Search | Konkurencja,Tablets,76,3,9.29,0.00,0.00
2026-09-29,Display | Remarketing,Mobile phones,"7,164",29,20.77,0.00,0.00
2026-09-29,Display | Remarketing,Computers,"3,310",16,15.28,0.00,0.00
2026-09-29,Display | Remarketing,Tablets,675,3,2.27,0.00,0.00
2026-09-29,PMax | Cały asortyment,Mobile phones,"4,196",48,47.41,0.00,0.00
2026-09-29,PMax | Cały asortyment,Computers,"1,818",19,25.02,1.00,394.27
2026-09-29,PMax | Cały asortyment,Tablets,370,5,5.21,0.00,0.00
2026-09-29,Search | Brand,Mobile phones,174,40,32.07,3.00,"1,058.49"
2026-09-29,Search | Brand,Computers,90,19,20.31,2.00,705.66
2026-09-29,Search | Brand,Tablets,23,2,1.69,1.00,352.83
2026-09-29,Search | Buty do biegania,Mobile phones,"1,749",74,120.66,0.00,0.00
2026-09-29,Search | Buty do biegania,Computers,796,66,143.49,1.00,411.63
2026-09-29,Search | Buty do biegania,Tablets,160,6,10.33,0.00,0.00
2026-09-29,Search | Buty trailowe,Mobile phones,"1,011",46,92.29,1.00,423.38
2026-09-29,Search | Buty trailowe,Computers,433,12,32.10,0.00,0.00
2026-09-29,Search | Buty trailowe,Tablets,91,4,8.47,0.00,0.00
2026-09-29,Search | Konkurencja,Mobile phones,702,15,36.73,0.00,0.00
2026-09-29,Search | Konkurencja,Computers,320,12,39.18,1.00,404.84
2026-09-29,Search | Konkurencja,Tablets,76,3,7.75,0.00,0.00
2026-09-30,Display | Remarketing,Mobile phones,"7,250",28,22.14,0.00,0.00
2026-09-30,Display | Remarketing,Computers,"3,300",15,15.81,0.00,0.00
2026-09-30,Display | Remarketing,Tablets,608,3,2.50,0.00,0.00
2026-09-30,PMax | Cały asortyment,Mobile phones,"4,379",55,57.66,1.00,368.61
2026-09-30,PMax | Cały asortyment,Computers,"1,785",28,39.14,2.00,737.23
2026-09-30,PMax | Cały asortyment,Tablets,405,12,13.28,0.00,0.00
2026-09-30,Search | Brand,Mobile phones,203,58,51.00,5.00,"2,046.80"
2026-09-30,Search | Brand,Computers,86,22,25.79,1.00,409.36
2026-09-30,Search | Brand,Tablets,21,3,2.78,0.00,0.00
2026-09-30,Search | Buty do biegania,Mobile phones,"1,698",81,133.34,1.00,400.87
2026-09-30,Search | Buty do biegania,Computers,729,51,111.94,2.00,801.75
2026-09-30,Search | Buty do biegania,Tablets,159,11,19.11,0.00,0.00
2026-09-30,Search | Buty trailowe,Mobile phones,947,38,68.26,0.00,0.00
2026-09-30,Search | Buty trailowe,Computers,431,26,62.27,0.00,0.00
2026-09-30,Search | Buty trailowe,Tablets,82,3,5.69,0.00,0.00
2026-09-30,Search | Konkurencja,Mobile phones,733,26,63.53,1.00,346.29
2026-09-30,Search | Konkurencja,Computers,320,11,35.83,0.00,0.00
2026-09-30,Search | Konkurencja,Tablets,62,0,0.00,0.00,0.00
