Dzień,Dzień tygodnia,Godzina,Wyświetlenia,Kliknięcia,Koszt,Konwersje,Wartość konw.
2026-08-02,niedziela,0,242,6,"9,94","0,00","0,00"
2026-08-02,niedziela,1,148,4,"6,63","0,00","0,00"
2026-08-02,niedziela,2,90,1,"1,66","0,00","0,00"
2026-08-02,niedziela,3,46,0,"0,00","0,00","0,00"
2026-08-02,niedziela,4,65,4,"6,63","0,00","0,00"
2026-08-02,niedziela,5,115,1,"1,66","0,00","0,00"
2026-08-02,niedziela,6,298,4,"6,63","0,00","0,00"
2026-08-02,niedziela,7,537,10,"16,57","1,00","327,77"
2026-08-02,niedziela,8,724,12,"19,88","3,00","983,31"
2026-08-02,niedziela,9,851,15,"24,85","1,00","327,77"
2026-08-02,niedziela,10,848,26,"43,07","1,00","327,77"
2026-08-02,niedziela,11,930,13,"21,54","0,00","0,00"
2026-08-02,niedziela,12,929,25,"41,42","1,00","327,77"
2026-08-02,niedziela,13,878,19,"31,48","0,00","0,00"
2026-08-02,niedziela,14,839,11,"18,22","0,00","0,00"
2026-08-02,niedziela,15,852,14,"23,19","0,00","0,00"
2026-08-02,niedziela,16,898,22,"36,45","1,00","327,77"
2026-08-02,niedziela,17,976,22,"36,45","2,00","655,54"
2026-08-02,niedziela,18,1 064,21,"34,79","1,00","327,77"
2026-08-02,niedziela,19,1 107,25,"41,42","0,00","0,00"
2026-08-02,niedziela,20,1 187,34,"56,33","1,00","327,77"
2026-08-02,niedziela,21,1 093,24,"39,76","1,00","327,77"
2026-08-02,niedziela,22,805,14,"23,19","0,00","0,00"
2026-08-02,niedziela,23,515,10,"16,57","0,00","0,00"
2026-08-03,poniedziałek,0,285,4,"6,94","0,00","0,00"
2026-08-03,poniedziałek,1,176,3,"5,20","0,00","0,00"
2026-08-03,poniedziałek,2,100,1,"1,73","0,00","0,00"
2026-08-03,poniedziałek,3,72,1,"1,73","0,00","0,00"
2026-08-03,poniedziałek,4,79,3,"5,20","0,00","0,00"
2026-08-03,poniedziałek,5,148,4,"6,94","0,00","0,00"
2026-08-03,poniedziałek,6,375,3,"5,20","0,00","0,00"
2026-08-03,poniedziałek,7,595,15,"26,02","0,00","0,00"
2026-08-03,poniedziałek,8,796,22,"38,16","0,00","0,00"
2026-08-03,poniedziałek,9,998,20,"34,69","3,00","1 071,72"
2026-08-03,poniedziałek,10,1 099,22,"38,16","0,00","0,00"
2026-08-03,poniedziałek,11,1 031,17,"29,49","0,00","0,00"
2026-08-03,poniedziałek,12,1 100,23,"39,90","0,00","0,00"
2026-08-03,poniedziałek,13,1 005,18,"31,23","2,00","714,48"
2026-08-03,poniedziałek,14,1 008,24,"41,63","2,00","714,48"
2026-08-03,poniedziałek,15,956,20,"34,69","0,00","0,00"
2026-08-03,poniedziałek,16,1 050,17,"29,49","0,00","0,00"
2026-08-03,poniedziałek,17,1 153,25,"43,37","0,00","0,00"
2026-08-03,poniedziałek,18,1 218,25,"43,37","2,00","714,48"
2026-08-03,poniedziałek,19,1 444,20,"34,69","2,00","714,48"
2026-08-03,poniedziałek,20,1 388,21,"36,43","1,00","357,24"
2026-08-03,poniedziałek,21,1 212,15,"26,02","1,00","357,24"
2026-08-03,poniedziałek,22,886,20,"34,69","1,00","357,24"
2026-08-03,poniedziałek,23,511,15,"26,02","0,00","0,00"
2026-08-04,wtorek,0,300,11,"17,37","0,00","0,00"
2026-08-04,wtorek,1,158,7,"11,05","0,00","0,00"
2026-08-04,wtorek,2,93,2,"3,16","0,00","0,00"
2026-08-04,wtorek,3,83,1,"1,58","0,00","0,00"
2026-08-04,wtorek,4,76,2,"3,16","0,00","0,00"
2026-08-04,wtorek,5,138,0,"0,00","0,00","0,00"
2026-08-04,wtorek,6,334,10,"15,79","0,00","0,00"
2026-08-04,wtorek,7,628,5,"7,90","0,00","0,00"
2026-08-04,wtorek,8,838,11,"17,37","0,00","0,00"
2026-08-04,wtorek,9,1 024,18,"28,42","0,00","0,00"
2026-08-04,wtorek,10,1 059,21,"33,16","1,00","364,59"
2026-08-04,wtorek,11,1 044,11,"17,37","0,00","0,00"
2026-08-04,wtorek,12,1 136,22,"34,74","0,00","0,00"
2026-08-04,wtorek,13,1 044,33,"52,11","1,00","364,59"
2026-08-04,wtorek,14,931,24,"37,90","0,00","0,00"
2026-08-04,wtorek,15,927,14,"22,11","0,00","0,00"
2026-08-04,wtorek,16,1 050,28,"44,21","1,00","364,59"
2026-08-04,wtorek,17,1 068,23,"36,32","3,00","1 093,78"
2026-08-04,wtorek,18,1 202,37,"58,42","0,00","0,00"
2026-08-04,wtorek,19,1 362,24,"37,90","1,00","364,59"
2026-08-04,wtorek,20,1 419,25,"39,48","0,00","0,00"
2026-08-04,wtorek,21,1 203,28,"44,21","2,00","729,19"
2026-08-04,wtorek,22,887,17,"26,84","1,00","364,59"
2026-08-04,wtorek,23,550,11,"17,37","1,00","364,59"
2026-08-05,środa,0,300,7,"11,57","0,00","0,00"
2026-08-05,środa,1,163,4,"6,61","0,00","0,00"
2026-08-05,środa,2,82,0,"0,00","0,00","0,00"
2026-08-05,środa,3,79,0,"0,00","0,00","0,00"
2026-08-05,środa,4,67,0,"0,00","0,00","0,00"
2026-08-05,środa,5,166,3,"4,96","0,00","0,00"
2026-08-05,środa,6,350,8,"13,22","0,00","0,00"
2026-08-05,środa,7,657,22,"36,36","0,00","0,00"
2026-08-05,środa,8,800,21,"34,71","0,00","0,00"
2026-08-05,środa,9,990,21,"34,71","0,00","0,00"
2026-08-05,środa,10,981,18,"29,75","1,00","352,18"
2026-08-05,środa,11,1 075,18,"29,75","1,00","352,18"
2026-08-05,środa,12,1 127,23,"38,02","2,00","704,35"
2026-08-05,środa,13,998,18,"29,75","0,00","0,00"
2026-08-05,środa,14,1 021,22,"36,36","1,00","352,18"
2026-08-05,środa,15,1 017,21,"34,71","0,00","0,00"
2026-08-05,środa,16,1 106,15,"24,79","0,00","0,00"
2026-08-05,środa,17,1 079,25,"41,32","1,00","352,18"
2026-08-05,środa,18,1 211,18,"29,75","1,00","352,18"
2026-08-05,środa,19,1 397,25,"41,32","4,00","1 408,70"
2026-08-05,środa,20,1 382,36,"59,51","0,00","0,00"
2026-08-05,środa,21,1 252,23,"38,02","1,00","352,18"
2026-08-05,środa,22,849,12,"19,84","0,00","0,00"
2026-08-05,środa,23,580,11,"18,18","0,00","0,00"
2026-08-06,czwartek,0,277,3,"4,85","0,00","0,00"
2026-08-06,czwartek,1,194,3,"4,85","0,00","0,00"
2026-08-06,czwartek,2,103,2,"3,23","0,00","0,00"
2026-08-06,czwartek,3,77,1,"1,62","0,00","0,00"
2026-08-06,czwartek,4,75,0,"0,00","0,00","0,00"
2026-08-06,czwartek,5,131,1,"1,62","0,00","0,00"
2026-08-06,czwartek,6,353,8,"12,92","2,00","736,36"
2026-08-06,czwartek,7,575,13,"21,00","1,00","368,18"
2026-08-06,czwartek,8,855,20,"32,31","2,00","736,36"
2026-08-06,czwartek,9,976,19,"30,69","1,00","368,18"
2026-08-06,czwartek,10,1 074,18,"29,07","0,00","0,00"
2026-08-06,czwartek,11,1 021,25,"40,38","0,00","0,00"
2026-08-06,czwartek,12,1 126,19,"30,69","1,00","368,18"
2026-08-06,czwartek,13,1 100,15,"24,23","0,00","0,00"
2026-08-06,czwartek,14,973,19,"30,69","1,00","368,18"
2026-08-06,czwartek,15,1 015,21,"33,92","0,00","0,00"
2026-08-06,czwartek,16,1 064,19,"30,69","2,00","736,36"
2026-08-06,czwartek,17,1 053,33,"53,30","1,00","368,18"
2026-08-06,czwartek,18,1 297,23,"37,15","1,00","368,18"
2026-08-06,czwartek,19,1 450,28,"45,23","1,00","368,18"
2026-08-06,czwartek,20,1 389,32,"51,69","2,00","736,36"
2026-08-06,czwartek,21,1 203,26,"42,00","0,00","0,00"
2026-08-06,czwartek,22,898,22,"35,54","1,00","368,18"
2026-08-06,czwartek,23,585,11,"17,77","1,00","368,18"
2026-08-07,piątek,0,267,4,"6,51","0,00","0,00"
2026-08-07,piątek,1,164,3,"4,88","0,00","0,00"
2026-08-07,piątek,2,92,3,"4,88","0,00","0,00"
2026-08-07,piątek,3,75,0,"0,00","0,00","0,00"
2026-08-07,piątek,4,79,3,"4,88","0,00","0,00"
2026-08-07,piątek,5,140,0,"0,00","0,00","0,00"
2026-08-07,piątek,6,344,7,"11,39","0,00","0,00"
2026-08-07,piątek,7,654,10,"16,27","0,00","0,00"
2026-08-07,piątek,8,871,10,"16,27","0,00","0,00"
2026-08-07,piątek,9,938,20,"32,55","1,00","326,23"
2026-08-07,piątek,10,1 070,19,"30,92","0,00","0,00"
2026-08-07,piątek,11,1 044,16,"26,04","0,00","0,00"
2026-08-07,piątek,12,1 132,28,"45,57","1,00","326,23"
2026-08-07,piątek,13,1 052,19,"30,92","3,00","978,69"
2026-08-07,piątek,14,1 001,27,"43,94","2,00","652,46"
2026-08-07,piątek,15,988,21,"34,18","1,00","326,23"
2026-08-07,piątek,16,1 008,19,"30,92","2,00","652,46"
2026-08-07,piątek,17,1 125,16,"26,04","0,00","0,00"
2026-08-07,piątek,18,1 234,32,"52,08","1,00","326,23"
2026-08-07,piątek,19,1 405,23,"37,43","3,00","978,69"
2026-08-07,piątek,20,1 472,37,"60,22","0,00","0,00"
2026-08-07,piątek,21,1 221,25,"40,69","2,00","652,46"
2026-08-07,piątek,22,912,22,"35,80","1,00","326,23"
2026-08-07,piątek,23,533,7,"11,39","2,00","652,46"
2026-08-08,sobota,0,218,5,"7,84","0,00","0,00"
2026-08-08,sobota,1,154,2,"3,14","0,00","0,00"
2026-08-08,sobota,2,99,2,"3,14","0,00","0,00"
2026-08-08,sobota,3,65,0,"0,00","0,00","0,00"
2026-08-08,sobota,4,70,3,"4,70","1,00","362,18"
2026-08-08,sobota,5,124,2,"3,14","0,00","0,00"
2026-08-08,sobota,6,310,7,"10,98","0,00","0,00"
2026-08-08,sobota,7,569,8,"12,55","0,00","0,00"
2026-08-08,sobota,8,741,14,"21,95","0,00","0,00"
2026-08-08,sobota,9,823,19,"29,79","0,00","0,00"
2026-08-08,sobota,10,958,17,"26,66","2,00","724,35"
2026-08-08,sobota,11,874,12,"18,82","1,00","362,18"
2026-08-08,sobota,12,990,19,"29,79","2,00","724,35"
2026-08-08,sobota,13,845,23,"36,07","1,00","362,18"
2026-08-08,sobota,14,803,17,"26,66","1,00","362,18"
2026-08-08,sobota,15,822,25,"39,20","1,00","362,18"
2026-08-08,sobota,16,910,18,"28,23","1,00","362,18"
2026-08-08,sobota,17,951,23,"36,07","0,00","0,00"
2026-08-08,sobota,18,1 053,13,"20,39","0,00","0,00"
2026-08-08,sobota,19,1 240,25,"39,20","2,00","724,35"
2026-08-08,sobota,20,1 244,23,"36,07","1,00","362,18"
2026-08-08,sobota,21,1 067,20,"31,36","0,00","0,00"
2026-08-08,sobota,22,819,13,"20,39","0,00","0,00"
2026-08-08,sobota,23,457,13,"20,39","3,00","1 086,53"
2026-08-09,niedziela,0,284,0,"0,00","0,00","0,00"
2026-08-09,niedziela,1,148,4,"6,37","0,00","0,00"
2026-08-09,niedziela,2,90,1,"1,59","0,00","0,00"
2026-08-09,niedziela,3,47,2,"3,18","0,00","0,00"
2026-08-09,niedziela,4,64,3,"4,78","0,00","0,00"
2026-08-09,niedziela,5,113,2,"3,18","0,00","0,00"
2026-08-09,niedziela,6,315,6,"9,55","0,00","0,00"
2026-08-09,niedziela,7,546,22,"35,03","1,00","378,91"
2026-08-09,niedziela,8,725,13,"20,70","1,00","378,91"
2026-08-09,niedziela,9,800,23,"36,63","1,00","378,91"
2026-08-09,niedziela,10,917,21,"33,44","1,00","378,91"
2026-08-09,niedziela,11,881,10,"15,92","0,00","0,00"
2026-08-09,niedziela,12,969,18,"28,66","0,00","0,00"
2026-08-09,niedziela,13,907,22,"35,03","1,00","378,91"
2026-08-09,niedziela,14,806,12,"19,11","0,00","0,00"
2026-08-09,niedziela,15,845,23,"36,63","1,00","378,91"
2026-08-09,niedziela,16,882,25,"39,81","1,00","378,91"
2026-08-09,niedziela,17,984,23,"36,63","1,00","378,91"
2026-08-09,niedziela,18,1 130,26,"41,40","1,00","378,91"
2026-08-09,niedziela,19,1 196,25,"39,81","1,00","378,91"
2026-08-09,niedziela,20,1 258,27,"43,00","0,00","0,00"
2026-08-09,niedziela,21,1 080,19,"30,26","1,00","378,91"
2026-08-09,niedziela,22,771,15,"23,89","0,00","0,00"
2026-08-09,niedziela,23,465,8,"12,74","0,00","0,00"
2026-08-10,poniedziałek,0,286,7,"11,20","0,00","0,00"
2026-08-10,poniedziałek,1,169,4,"6,40","0,00","0,00"
2026-08-10,poniedziałek,2,112,2,"3,20","0,00","0,00"
2026-08-10,poniedziałek,3,84,2,"3,20","0,00","0,00"
2026-08-10,poniedziałek,4,64,4,"6,40","0,00","0,00"
2026-08-10,poniedziałek,5,150,4,"6,40","0,00","0,00"
2026-08-10,poniedziałek,6,366,6,"9,60","0,00","0,00"
2026-08-10,poniedziałek,7,648,15,"23,99","0,00","0,00"
2026-08-10,poniedziałek,8,884,16,"25,59","0,00","0,00"
2026-08-10,poniedziałek,9,966,29,"46,39","0,00","0,00"
2026-08-10,poniedziałek,10,1 042,20,"31,99","0,00","0,00"
2026-08-10,poniedziałek,11,1 020,11,"17,60","0,00","0,00"
2026-08-10,poniedziałek,12,1 143,30,"47,99","2,00","558,07"
2026-08-10,poniedziałek,13,1 068,18,"28,79","0,00","0,00"
2026-08-10,poniedziałek,14,999,24,"38,39","0,00","0,00"
2026-08-10,poniedziałek,15,980,21,"33,59","2,00","558,07"
2026-08-10,poniedziałek,16,1 057,23,"36,79","1,00","279,03"
2026-08-10,poniedziałek,17,1 129,24,"38,39","2,00","558,07"
2026-08-10,poniedziałek,18,1 224,30,"47,99","1,00","279,03"
2026-08-10,poniedziałek,19,1 408,30,"47,99","1,00","279,03"
2026-08-10,poniedziałek,20,1 496,25,"39,99","2,00","558,07"
2026-08-10,poniedziałek,21,1 340,19,"30,39","2,00","558,07"
2026-08-10,poniedziałek,22,886,16,"25,59","0,00","0,00"
2026-08-10,poniedziałek,23,556,10,"16,00","0,00","0,00"
2026-08-11,wtorek,0,338,8,"13,11","0,00","0,00"
2026-08-11,wtorek,1,152,3,"4,92","0,00","0,00"
2026-08-11,wtorek,2,111,2,"3,28","0,00","0,00"
2026-08-11,wtorek,3,55,1,"1,64","0,00","0,00"
2026-08-11,wtorek,4,80,3,"4,92","0,00","0,00"
2026-08-11,wtorek,5,131,3,"4,92","0,00","0,00"
2026-08-11,wtorek,6,404,12,"19,67","0,00","0,00"
2026-08-11,wtorek,7,656,4,"6,56","0,00","0,00"
2026-08-11,wtorek,8,884,24,"39,34","2,00","730,74"
2026-08-11,wtorek,9,1 033,16,"26,23","4,00","1 461,49"
2026-08-11,wtorek,10,1 176,27,"44,26","2,00","730,74"
2026-08-11,wtorek,11,1 083,13,"21,31","1,00","365,37"
2026-08-11,wtorek,12,1 098,27,"44,26","3,00","1 096,11"
2026-08-11,wtorek,13,1 050,22,"36,07","0,00","0,00"
2026-08-11,wtorek,14,983,21,"34,43","1,00","365,37"
2026-08-11,wtorek,15,1 001,18,"29,51","1,00","365,37"
2026-08-11,wtorek,16,1 078,19,"31,15","1,00","365,37"
2026-08-11,wtorek,17,1 159,18,"29,51","0,00","0,00"
2026-08-11,wtorek,18,1 300,21,"34,43","0,00","0,00"
2026-08-11,wtorek,19,1 439,31,"50,82","0,00","0,00"
2026-08-11,wtorek,20,1 395,27,"44,26","2,00","730,74"
2026-08-11,wtorek,21,1 261,20,"32,79","1,00","365,37"
2026-08-11,wtorek,22,884,26,"42,62","0,00","0,00"
2026-08-11,wtorek,23,579,12,"19,67","2,00","730,74"
2026-08-12,środa,0,266,6,"9,57","0,00","0,00"
2026-08-12,środa,1,190,2,"3,19","0,00","0,00"
2026-08-12,środa,2,109,2,"3,19","0,00","0,00"
2026-08-12,środa,3,78,0,"0,00","0,00","0,00"
2026-08-12,środa,4,64,1,"1,60","0,00","0,00"
2026-08-12,środa,5,145,3,"4,79","0,00","0,00"
2026-08-12,środa,6,328,9,"14,36","0,00","0,00"
2026-08-12,środa,7,691,15,"23,93","1,00","354,91"
2026-08-12,środa,8,870,28,"44,67","1,00","354,91"
2026-08-12,środa,9,1 018,30,"47,86","1,00","354,91"
2026-08-12,środa,10,1 089,26,"41,48","1,00","354,91"
2026-08-12,środa,11,1 009,21,"33,50","3,00","1 064,73"
2026-08-12,środa,12,1 078,26,"41,48","1,00","354,91"
2026-08-12,środa,13,1 142,18,"28,72","1,00","354,91"
2026-08-12,środa,14,967,25,"39,89","0,00","0,00"
2026-08-12,środa,15,1 034,16,"25,53","0,00","0,00"
2026-08-12,środa,16,1 111,32,"51,05","1,00","354,91"
2026-08-12,środa,17,1 121,12,"19,15","0,00","0,00"
2026-08-12,środa,18,1 298,29,"46,27","0,00","0,00"
2026-08-12,środa,19,1 374,27,"43,08","2,00","709,82"
2026-08-12,środa,20,1 477,31,"49,46","2,00","709,82"
2026-08-12,środa,21,1 284,23,"36,70","1,00","354,91"
2026-08-12,środa,22,954,14,"22,34","0,00","0,00"
2026-08-12,środa,23,541,12,"19,15","0,00","0,00"
2026-08-13,czwartek,0,264,7,"11,01","0,00","0,00"
2026-08-13,czwartek,1,188,6,"9,43","0,00","0,00"
2026-08-13,czwartek,2,96,4,"6,29","0,00","0,00"
2026-08-13,czwartek,3,76,0,"0,00","0,00","0,00"
2026-08-13,czwartek,4,79,1,"1,57","0,00","0,00"
2026-08-13,czwartek,5,144,7,"11,01","0,00","0,00"
2026-08-13,czwartek,6,366,4,"6,29","0,00","0,00"
2026-08-13,czwartek,7,624,15,"23,58","0,00","0,00"
2026-08-13,czwartek,8,844,15,"23,58","2,00","787,20"
2026-08-13,czwartek,9,1 009,27,"42,45","1,00","393,60"
2026-08-13,czwartek,10,1 062,23,"36,16","0,00","0,00"
2026-08-13,czwartek,11,1 036,27,"42,45","0,00","0,00"
2026-08-13,czwartek,12,1 096,15,"23,58","2,00","787,20"
2026-08-13,czwartek,13,1 122,23,"36,16","0,00","0,00"
2026-08-13,czwartek,14,1 062,19,"29,87","0,00","0,00"
2026-08-13,czwartek,15,1 005,15,"23,58","2,00","787,20"
2026-08-13,czwartek,16,1 020,21,"33,02","1,00","393,60"
2026-08-13,czwartek,17,1 162,27,"42,45","0,00","0,00"
2026-08-13,czwartek,18,1 274,27,"42,45","0,00","0,00"
2026-08-13,czwartek,19,1 415,30,"47,17","2,00","787,20"
2026-08-13,czwartek,20,1 460,27,"42,45","1,00","393,60"
2026-08-13,czwartek,21,1 315,27,"42,45","1,00","393,60"
2026-08-13,czwartek,22,949,20,"31,45","2,00","787,20"
2026-08-13,czwartek,23,623,12,"18,87","1,00","393,60"
2026-08-14,piątek,0,309,6,"9,35","0,00","0,00"
2026-08-14,piątek,1,183,1,"1,56","0,00","0,00"
2026-08-14,piątek,2,119,3,"4,67","0,00","0,00"
2026-08-14,piątek,3,76,1,"1,56","0,00","0,00"
2026-08-14,piątek,4,79,0,"0,00","0,00","0,00"
2026-08-14,piątek,5,145,4,"6,23","0,00","0,00"
2026-08-14,piątek,6,361,5,"7,79","0,00","0,00"
2026-08-14,piątek,7,691,24,"37,40","0,00","0,00"
2026-08-14,piątek,8,929,21,"32,72","2,00","594,01"
2026-08-14,piątek,9,976,23,"35,84","0,00","0,00"
2026-08-14,piątek,10,1 103,24,"37,40","2,00","594,01"
2026-08-14,piątek,11,1 150,13,"20,26","2,00","594,01"
2026-08-14,piątek,12,1 158,12,"18,70","1,00","297,00"
2026-08-14,piątek,13,1 131,19,"29,60","2,00","594,01"
2026-08-14,piątek,14,1 016,18,"28,05","0,00","0,00"
2026-08-14,piątek,15,976,17,"26,49","0,00","0,00"
2026-08-14,piątek,16,1 063,21,"32,72","0,00","0,00"
2026-08-14,piątek,17,1 117,25,"38,95","0,00","0,00"
2026-08-14,piątek,18,1 257,27,"42,07","3,00","891,01"
2026-08-14,piątek,19,1 506,31,"48,30","1,00","297,00"
2026-08-14,piątek,20,1 446,24,"37,40","1,00","297,00"
2026-08-14,piątek,21,1 287,24,"37,40","2,00","594,01"
2026-08-14,piątek,22,940,15,"23,37","0,00","0,00"
2026-08-14,piątek,23,568,4,"6,23","0,00","0,00"
2026-08-15,sobota,0,257,3,"4,85","0,00","0,00"
2026-08-15,sobota,1,148,4,"6,47","0,00","0,00"
2026-08-15,sobota,2,99,1,"1,62","0,00","0,00"
2026-08-15,sobota,3,59,3,"4,85","0,00","0,00"
2026-08-15,sobota,4,61,1,"1,62","0,00","0,00"
2026-08-15,sobota,5,138,1,"1,62","0,00","0,00"
2026-08-15,sobota,6,334,5,"8,09","1,00","346,17"
2026-08-15,sobota,7,605,14,"22,64","2,00","692,35"
2026-08-15,sobota,8,708,12,"19,41","0,00","0,00"
2026-08-15,sobota,9,886,19,"30,73","0,00","0,00"
2026-08-15,sobota,10,847,18,"29,11","0,00","0,00"
2026-08-15,sobota,11,955,13,"21,02","0,00","0,00"
2026-08-15,sobota,12,910,14,"22,64","1,00","346,17"
2026-08-15,sobota,13,935,12,"19,41","0,00","0,00"
2026-08-15,sobota,14,863,15,"24,26","1,00","346,17"
2026-08-15,sobota,15,811,18,"29,11","2,00","692,35"
2026-08-15,sobota,16,912,15,"24,26","0,00","0,00"
2026-08-15,sobota,17,1 028,25,"40,43","1,00","346,17"
2026-08-15,sobota,18,1 077,11,"17,79","1,00","346,17"
2026-08-15,sobota,19,1 252,27,"43,66","1,00","346,17"
2026-08-15,sobota,20,1 206,19,"30,73","0,00","0,00"
2026-08-15,sobota,21,1 107,31,"50,13","1,00","346,17"
2026-08-15,sobota,22,809,12,"19,41","0,00","0,00"
2026-08-15,sobota,23,506,4,"6,47","0,00","0,00"
2026-08-16,niedziela,0,264,4,"6,42","0,00","0,00"
2026-08-16,niedziela,1,157,2,"3,21","0,00","0,00"
2026-08-16,niedziela,2,96,0,"0,00","0,00","0,00"
2026-08-16,niedziela,3,63,1,"1,61","0,00","0,00"
2026-08-16,niedziela,4,63,0,"0,00","0,00","0,00"
2026-08-16,niedziela,5,139,0,"0,00","0,00","0,00"
2026-08-16,niedziela,6,304,9,"14,45","1,00","369,87"
2026-08-16,niedziela,7,550,9,"14,45","0,00","0,00"
2026-08-16,niedziela,8,758,7,"11,24","0,00","0,00"
2026-08-16,niedziela,9,836,18,"28,89","3,00","1 109,60"
2026-08-16,niedziela,10,936,18,"28,89","1,00","369,87"
2026-08-16,niedziela,11,916,20,"32,10","2,00","739,73"
2026-08-16,niedziela,12,939,18,"28,89","1,00","369,87"
2026-08-16,niedziela,13,908,14,"22,47","0,00","0,00"
2026-08-16,niedziela,14,896,19,"30,50","1,00","369,87"
2026-08-16,niedziela,15,897,16,"25,68","1,00","369,87"
2026-08-16,niedziela,16,947,23,"36,92","0,00","0,00"
2026-08-16,niedziela,17,1 004,17,"27,29","0,00","0,00"
2026-08-16,niedziela,18,1 135,18,"28,89","3,00","1 109,60"
2026-08-16,niedziela,19,1 227,21,"33,71","1,00","369,87"
2026-08-16,niedziela,20,1 271,24,"38,53","1,00","369,87"
2026-08-16,niedziela,21,1 129,22,"35,31","1,00","369,87"
2026-08-16,niedziela,22,858,20,"32,10","0,00","0,00"
2026-08-16,niedziela,23,522,12,"19,26","0,00","0,00"
2026-08-17,poniedziałek,0,337,5,"7,73","0,00","0,00"
2026-08-17,poniedziałek,1,179,2,"3,09","0,00","0,00"
2026-08-17,poniedziałek,2,120,0,"0,00","0,00","0,00"
2026-08-17,poniedziałek,3,71,1,"1,55","0,00","0,00"
2026-08-17,poniedziałek,4,87,1,"1,55","0,00","0,00"
2026-08-17,poniedziałek,5,159,4,"6,18","0,00","0,00"
2026-08-17,poniedziałek,6,379,5,"7,73","0,00","0,00"
2026-08-17,poniedziałek,7,614,21,"32,47","0,00","0,00"
2026-08-17,poniedziałek,8,860,9,"13,91","0,00","0,00"
2026-08-17,poniedziałek,9,1 066,16,"24,74","1,00","345,07"
2026-08-17,poniedziałek,10,1 151,23,"35,56","0,00","0,00"
2026-08-17,poniedziałek,11,1 104,17,"26,28","0,00","0,00"
2026-08-17,poniedziałek,12,1 201,21,"32,47","0,00","0,00"
2026-08-17,poniedziałek,13,1 123,22,"34,01","1,00","345,07"
2026-08-17,poniedziałek,14,1 066,24,"37,11","0,00","0,00"
2026-08-17,poniedziałek,15,1 058,25,"38,65","0,00","0,00"
2026-08-17,poniedziałek,16,1 029,19,"29,38","1,00","345,07"
2026-08-17,poniedziałek,17,1 149,25,"38,65","3,00","1 035,22"
2026-08-17,poniedziałek,18,1 255,17,"26,28","1,00","345,07"
2026-08-17,poniedziałek,19,1 480,44,"68,03","5,00","1 725,37"
2026-08-17,poniedziałek,20,1 424,27,"41,74","0,00","0,00"
2026-08-17,poniedziałek,21,1 271,26,"40,20","2,00","690,15"
2026-08-17,poniedziałek,22,967,21,"32,47","0,00","0,00"
2026-08-17,poniedziałek,23,577,5,"7,73","0,00","0,00"
2026-08-18,wtorek,0,300,3,"4,71","0,00","0,00"
2026-08-18,wtorek,1,174,4,"6,29","0,00","0,00"
2026-08-18,wtorek,2,112,1,"1,57","0,00","0,00"
2026-08-18,wtorek,3,72,0,"0,00","0,00","0,00"
2026-08-18,wtorek,4,72,2,"3,14","0,00","0,00"
2026-08-18,wtorek,5,141,2,"3,14","0,00","0,00"
2026-08-18,wtorek,6,388,12,"18,86","0,00","0,00"
2026-08-18,wtorek,7,679,18,"28,29","1,00","331,52"
2026-08-18,wtorek,8,882,22,"34,57","0,00","0,00"
2026-08-18,wtorek,9,979,19,"29,86","1,00","331,52"
2026-08-18,wtorek,10,1 109,28,"44,00","0,00","0,00"
2026-08-18,wtorek,11,1 127,15,"23,57","0,00","0,00"
2026-08-18,wtorek,12,1 182,27,"42,43","1,00","331,52"
2026-08-18,wtorek,13,1 145,20,"31,43","1,00","331,52"
2026-08-18,wtorek,14,1 028,25,"39,29","0,00","0,00"
2026-08-18,wtorek,15,1 013,12,"18,86","1,00","331,52"
2026-08-18,wtorek,16,1 098,23,"36,14","0,00","0,00"
2026-08-18,wtorek,17,1 220,17,"26,71","1,00","331,52"
2026-08-18,wtorek,18,1 312,25,"39,29","1,00","331,52"
2026-08-18,wtorek,19,1 413,30,"47,14","4,00","1 326,09"
2026-08-18,wtorek,20,1 413,31,"48,71","4,00","1 326,09"
2026-08-18,wtorek,21,1 361,28,"44,00","0,00","0,00"
2026-08-18,wtorek,22,953,25,"39,29","0,00","0,00"
2026-08-18,wtorek,23,562,8,"12,57","1,00","331,52"
2026-08-19,środa,0,279,6,"9,64","0,00","0,00"
2026-08-19,środa,1,179,1,"1,61","0,00","0,00"
2026-08-19,środa,2,109,2,"3,21","0,00","0,00"
2026-08-19,środa,3,85,0,"0,00","0,00","0,00"
2026-08-19,środa,4,77,0,"0,00","0,00","0,00"
2026-08-19,środa,5,141,3,"4,82","0,00","0,00"
2026-08-19,środa,6,419,7,"11,25","0,00","0,00"
2026-08-19,środa,7,603,8,"12,85","1,00","354,35"
2026-08-19,środa,8,905,16,"25,71","0,00","0,00"
2026-08-19,środa,9,1 042,18,"28,92","1,00","354,35"
2026-08-19,środa,10,1 106,19,"30,52","1,00","354,35"
2026-08-19,środa,11,1 083,21,"33,74","1,00","354,35"
2026-08-19,środa,12,1 202,16,"25,71","0,00","0,00"
2026-08-19,środa,13,1 035,15,"24,10","0,00","0,00"
2026-08-19,środa,14,1 008,19,"30,52","1,00","354,35"
2026-08-19,środa,15,1 036,25,"40,16","1,00","354,35"
2026-08-19,środa,16,1 026,31,"49,80","1,00","354,35"
2026-08-19,środa,17,1 196,28,"44,98","1,00","354,35"
2026-08-19,środa,18,1 298,20,"32,13","2,00","708,69"
2026-08-19,środa,19,1 535,23,"36,95","0,00","0,00"
2026-08-19,środa,20,1 427,26,"41,77","3,00","1 063,04"
2026-08-19,środa,21,1 334,36,"57,84","2,00","708,69"
2026-08-19,środa,22,980,25,"40,16","0,00","0,00"
2026-08-19,środa,23,585,15,"24,10","0,00","0,00"
2026-08-20,czwartek,0,268,6,"9,66","0,00","0,00"
2026-08-20,czwartek,1,196,4,"6,44","0,00","0,00"
2026-08-20,czwartek,2,110,4,"6,44","0,00","0,00"
2026-08-20,czwartek,3,91,2,"3,22","0,00","0,00"
2026-08-20,czwartek,4,55,0,"0,00","0,00","0,00"
2026-08-20,czwartek,5,153,3,"4,83","0,00","0,00"
2026-08-20,czwartek,6,368,6,"9,66","2,00","668,96"
2026-08-20,czwartek,7,694,14,"22,55","0,00","0,00"
2026-08-20,czwartek,8,904,30,"48,32","2,00","668,96"
2026-08-20,czwartek,9,1 085,21,"33,82","1,00","334,48"
2026-08-20,czwartek,10,1 100,25,"40,27","0,00","0,00"
2026-08-20,czwartek,11,1 095,19,"30,60","0,00","0,00"
2026-08-20,czwartek,12,1 150,13,"20,94","1,00","334,48"
2026-08-20,czwartek,13,1 120,15,"24,16","2,00","668,96"
2026-08-20,czwartek,14,992,12,"19,33","1,00","334,48"
2026-08-20,czwartek,15,1 019,18,"28,99","2,00","668,96"
2026-08-20,czwartek,16,1 125,21,"33,82","0,00","0,00"
2026-08-20,czwartek,17,1 136,24,"38,65","0,00","0,00"
2026-08-20,czwartek,18,1 278,31,"49,93","1,00","334,48"
2026-08-20,czwartek,19,1 489,36,"57,98","3,00","1 003,44"
2026-08-20,czwartek,20,1 472,26,"41,88","0,00","0,00"
2026-08-20,czwartek,21,1 310,25,"40,27","2,00","668,96"
2026-08-20,czwartek,22,1 002,29,"46,71","0,00","0,00"
2026-08-20,czwartek,23,609,12,"19,33","0,00","0,00"
2026-08-21,piątek,0,289,9,"14,82","0,00","0,00"
2026-08-21,piątek,1,183,5,"8,23","0,00","0,00"
2026-08-21,piątek,2,127,5,"8,23","0,00","0,00"
2026-08-21,piątek,3,61,4,"6,59","0,00","0,00"
2026-08-21,piątek,4,70,1,"1,65","0,00","0,00"
2026-08-21,piątek,5,109,2,"3,29","0,00","0,00"
2026-08-21,piątek,6,380,11,"18,11","0,00","0,00"
2026-08-21,piątek,7,664,11,"18,11","1,00","348,73"
2026-08-21,piątek,8,860,15,"24,70","1,00","348,73"
2026-08-21,piątek,9,991,21,"34,58","1,00","348,73"
2026-08-21,piątek,10,1 076,17,"27,99","0,00","0,00"
2026-08-21,piątek,11,1 043,21,"34,58","1,00","348,73"
2026-08-21,piątek,12,1 193,18,"29,64","0,00","0,00"
2026-08-21,piątek,13,1 150,22,"36,22","1,00","348,73"
2026-08-21,piątek,14,1 057,27,"44,46","0,00","0,00"
2026-08-21,piątek,15,972,26,"42,81","3,00","1 046,20"
2026-08-21,piątek,16,1 102,29,"47,75","3,00","1 046,20"
2026-08-21,piątek,17,1 151,24,"39,52","0,00","0,00"
2026-08-21,piątek,18,1 345,26,"42,81","0,00","0,00"
2026-08-21,piątek,19,1 426,24,"39,52","1,00","348,73"
2026-08-21,piątek,20,1 463,31,"51,04","2,00","697,47"
2026-08-21,piątek,21,1 327,17,"27,99","1,00","348,73"
2026-08-21,piątek,22,932,20,"32,93","1,00","348,73"
2026-08-21,piątek,23,637,8,"13,17","0,00","0,00"
2026-08-22,sobota,0,269,2,"3,25","0,00","0,00"
2026-08-22,sobota,1,171,1,"1,63","0,00","0,00"
2026-08-22,sobota,2,83,3,"4,88","0,00","0,00"
2026-08-22,sobota,3,47,1,"1,63","0,00","0,00"
2026-08-22,sobota,4,64,1,"1,63","0,00","0,00"
2026-08-22,sobota,5,144,3,"4,88","0,00","0,00"
2026-08-22,sobota,6,302,8,"13,01","0,00","0,00"
2026-08-22,sobota,7,584,13,"21,14","0,00","0,00"
2026-08-22,sobota,8,738,7,"11,38","0,00","0,00"
2026-08-22,sobota,9,882,18,"29,27","1,00","344,26"
2026-08-22,sobota,10,958,23,"37,40","1,00","344,26"
2026-08-22,sobota,11,946,23,"37,40","1,00","344,26"
2026-08-22,sobota,12,1 034,27,"43,90","2,00","688,52"
2026-08-22,sobota,13,918,18,"29,27","1,00","344,26"
2026-08-22,sobota,14,851,17,"27,64","0,00","0,00"
2026-08-22,sobota,15,893,9,"14,63","1,00","344,26"
2026-08-22,sobota,16,993,19,"30,90","1,00","344,26"
2026-08-22,sobota,17,1 034,20,"32,52","0,00","0,00"
2026-08-22,sobota,18,1 133,28,"45,53","0,00","0,00"
2026-08-22,sobota,19,1 261,28,"45,53","2,00","688,52"
2026-08-22,sobota,20,1 203,16,"26,02","1,00","344,26"
2026-08-22,sobota,21,1 083,18,"29,27","0,00","0,00"
2026-08-22,sobota,22,844,19,"30,90","1,00","344,26"
2026-08-22,sobota,23,533,11,"17,89","0,00","0,00"
2026-08-23,niedziela,0,264,5,"8,66","0,00","0,00"
2026-08-23,niedziela,1,181,2,"3,47","1,00","342,54"
2026-08-23,niedziela,2,90,3,"5,20","0,00","0,00"
2026-08-23,niedziela,3,71,0,"0,00","0,00","0,00"
2026-08-23,niedziela,4,54,0,"0,00","0,00","0,00"
2026-08-23,niedziela,5,134,0,"0,00","0,00","0,00"
2026-08-23,niedziela,6,327,6,"10,40","0,00","0,00"
2026-08-23,niedziela,7,552,9,"15,59","1,00","342,54"
2026-08-23,niedziela,8,808,14,"24,26","0,00","0,00"
2026-08-23,niedziela,9,883,14,"24,26","0,00","0,00"
2026-08-23,niedziela,10,964,17,"29,45","0,00","0,00"
2026-08-23,niedziela,11,983,22,"38,12","0,00","0,00"
2026-08-23,niedziela,12,996,24,"41,58","0,00","0,00"
2026-08-23,niedziela,13,960,10,"17,33","0,00","0,00"
2026-08-23,niedziela,14,852,22,"38,12","2,00","685,07"
2026-08-23,niedziela,15,900,15,"25,99","0,00","0,00"
2026-08-23,niedziela,16,955,19,"32,92","0,00","0,00"
2026-08-23,niedziela,17,987,23,"39,85","1,00","342,54"
2026-08-23,niedziela,18,1 176,15,"25,99","0,00","0,00"
2026-08-23,niedziela,19,1 293,20,"34,65","1,00","342,54"
2026-08-23,niedziela,20,1 277,26,"45,05","3,00","1 027,61"
2026-08-23,niedziela,21,1 116,18,"31,19","0,00","0,00"
2026-08-23,niedziela,22,828,10,"17,33","0,00","0,00"
2026-08-23,niedziela,23,458,10,"17,33","0,00","0,00"
2026-08-24,poniedziałek,0,285,11,"18,06","0,00","0,00"
2026-08-24,poniedziałek,1,175,4,"6,57","0,00","0,00"
2026-08-24,poniedziałek,2,103,3,"4,93","0,00","0,00"
2026-08-24,poniedziałek,3,72,1,"1,64","0,00","0,00"
2026-08-24,poniedziałek,4,77,1,"1,64","0,00","0,00"
2026-08-24,poniedziałek,5,147,5,"8,21","0,00","0,00"
2026-08-24,poniedziałek,6,361,6,"9,85","1,00","367,47"
2026-08-24,poniedziałek,7,672,8,"13,14","0,00","0,00"
2026-08-24,poniedziałek,8,905,20,"32,84","1,00","367,47"
2026-08-24,poniedziałek,9,1 017,16,"26,27","0,00","0,00"
2026-08-24,poniedziałek,10,1 123,20,"32,84","1,00","367,47"
2026-08-24,poniedziałek,11,1 112,22,"36,12","1,00","367,47"
2026-08-24,poniedziałek,12,1 218,27,"44,33","0,00","0,00"
2026-08-24,poniedziałek,13,1 085,11,"18,06","1,00","367,47"
2026-08-24,poniedziałek,14,1 037,21,"34,48","0,00","0,00"
2026-08-24,poniedziałek,15,1 027,15,"24,63","0,00","0,00"
2026-08-24,poniedziałek,16,1 100,23,"37,77","2,00","734,94"
2026-08-24,poniedziałek,17,1 217,24,"39,41","1,00","367,47"
2026-08-24,poniedziałek,18,1 364,26,"42,69","2,00","734,94"
2026-08-24,poniedziałek,19,1 472,28,"45,97","1,00","367,47"
2026-08-24,poniedziałek,20,1 492,29,"47,62","0,00","0,00"
2026-08-24,poniedziałek,21,1 377,32,"52,54","1,00","367,47"
2026-08-24,poniedziałek,22,974,16,"26,27","0,00","0,00"
2026-08-24,poniedziałek,23,595,8,"13,14","0,00","0,00"
2026-08-25,wtorek,0,315,10,"16,01","0,00","0,00"
2026-08-25,wtorek,1,180,4,"6,40","0,00","0,00"
2026-08-25,wtorek,2,126,2,"3,20","0,00","0,00"
2026-08-25,wtorek,3,74,1,"1,60","0,00","0,00"
2026-08-25,wtorek,4,84,2,"3,20","0,00","0,00"
2026-08-25,wtorek,5,164,2,"3,20","0,00","0,00"
2026-08-25,wtorek,6,385,7,"11,21","1,00","386,50"
2026-08-25,wtorek,7,662,9,"14,41","0,00","0,00"
2026-08-25,wtorek,8,924,18,"28,82","0,00","0,00"
2026-08-25,wtorek,9,1 090,18,"28,82","2,00","773,01"
2026-08-25,wtorek,10,1 188,31,"49,63","1,00","386,50"
2026-08-25,wtorek,11,1 181,23,"36,82","3,00","1 159,51"
2026-08-25,wtorek,12,1 232,22,"35,22","1,00","386,50"
2026-08-25,wtorek,13,1 141,21,"33,62","2,00","773,01"
2026-08-25,wtorek,14,1 064,18,"28,82","0,00","0,00"
2026-08-25,wtorek,15,1 059,17,"27,22","2,00","773,01"
2026-08-25,wtorek,16,1 169,18,"28,82","0,00","0,00"
2026-08-25,wtorek,17,1 229,31,"49,63","1,00","386,50"
2026-08-25,wtorek,18,1 320,27,"43,23","2,00","773,01"
2026-08-25,wtorek,19,1 503,33,"52,83","2,00","773,01"
2026-08-25,wtorek,20,1 491,38,"60,84","4,00","1 546,01"
2026-08-25,wtorek,21,1 351,29,"46,43","3,00","1 159,51"
2026-08-25,wtorek,22,1 059,27,"43,23","1,00","386,50"
2026-08-25,wtorek,23,606,15,"24,01","1,00","386,50"
2026-08-26,środa,0,340,6,"9,40","0,00","0,00"
2026-08-26,środa,1,181,5,"7,84","0,00","0,00"
2026-08-26,środa,2,120,4,"6,27","0,00","0,00"
2026-08-26,środa,3,66,0,"0,00","0,00","0,00"
2026-08-26,środa,4,73,4,"6,27","0,00","0,00"
2026-08-26,środa,5,163,2,"3,13","0,00","0,00"
2026-08-26,środa,6,388,9,"14,11","1,00","341,90"
2026-08-26,środa,7,703,12,"18,81","1,00","341,90"
2026-08-26,środa,8,857,20,"31,35","0,00","0,00"
2026-08-26,środa,9,1 026,23,"36,05","0,00","0,00"
2026-08-26,środa,10,1 116,13,"20,38","1,00","341,90"
2026-08-26,środa,11,1 108,28,"43,89","2,00","683,81"
2026-08-26,środa,12,1 202,16,"25,08","0,00","0,00"
2026-08-26,środa,13,1 136,23,"36,05","2,00","683,81"
2026-08-26,środa,14,1 076,18,"28,21","0,00","0,00"
2026-08-26,środa,15,1 080,23,"36,05","1,00","341,90"
2026-08-26,środa,16,1 104,19,"29,78","1,00","341,90"
2026-08-26,środa,17,1 265,27,"42,32","1,00","341,90"
2026-08-26,środa,18,1 398,32,"50,16","1,00","341,90"
2026-08-26,środa,19,1 518,25,"39,18","1,00","341,90"
2026-08-26,środa,20,1 556,26,"40,75","1,00","341,90"
2026-08-26,środa,21,1 379,29,"45,45","2,00","683,81"
2026-08-26,środa,22,1 000,29,"45,45","1,00","341,90"
2026-08-26,środa,23,608,11,"17,24","0,00","0,00"
2026-08-27,czwartek,0,288,7,"10,82","1,00","344,70"
2026-08-27,czwartek,1,195,5,"7,73","0,00","0,00"
2026-08-27,czwartek,2,120,1,"1,55","0,00","0,00"
2026-08-27,czwartek,3,90,2,"3,09","0,00","0,00"
2026-08-27,czwartek,4,73,1,"1,55","0,00","0,00"
2026-08-27,czwartek,5,157,4,"6,18","0,00","0,00"
2026-08-27,czwartek,6,409,4,"6,18","0,00","0,00"
2026-08-27,czwartek,7,684,10,"15,45","0,00","0,00"
2026-08-27,czwartek,8,913,25,"38,63","0,00","0,00"
2026-08-27,czwartek,9,1 025,24,"37,08","1,00","344,70"
2026-08-27,czwartek,10,1 143,19,"29,36","0,00","0,00"
2026-08-27,czwartek,11,1 117,20,"30,90","0,00","0,00"
2026-08-27,czwartek,12,1 192,23,"35,54","2,00","689,40"
2026-08-27,czwartek,13,1 198,20,"30,90","1,00","344,70"
2026-08-27,czwartek,14,1 074,17,"26,27","1,00","344,70"
2026-08-27,czwartek,15,1 056,31,"47,90","1,00","344,70"
2026-08-27,czwartek,16,1 118,19,"29,36","0,00","0,00"
2026-08-27,czwartek,17,1 193,28,"43,26","0,00","0,00"
2026-08-27,czwartek,18,1 304,30,"46,35","0,00","0,00"
2026-08-27,czwartek,19,1 524,32,"49,44","0,00","0,00"
2026-08-27,czwartek,20,1 569,26,"40,17","2,00","689,40"
2026-08-27,czwartek,21,1 417,24,"37,08","2,00","689,40"
2026-08-27,czwartek,22,1 053,20,"30,90","1,00","344,70"
2026-08-27,czwartek,23,606,14,"21,63","0,00","0,00"
2026-08-28,piątek,0,290,0,"0,00","0,00","0,00"
2026-08-28,piątek,1,195,4,"6,92","0,00","0,00"
2026-08-28,piątek,2,107,4,"6,92","0,00","0,00"
2026-08-28,piątek,3,76,3,"5,19","0,00","0,00"
2026-08-28,piątek,4,72,3,"5,19","0,00","0,00"
2026-08-28,piątek,5,168,5,"8,65","0,00","0,00"
2026-08-28,piątek,6,396,5,"8,65","0,00","0,00"
2026-08-28,piątek,7,681,13,"22,50","0,00","0,00"
2026-08-28,piątek,8,901,19,"32,89","0,00","0,00"
2026-08-28,piątek,9,1 035,21,"36,35","1,00","347,84"
2026-08-28,piątek,10,1 146,19,"32,89","1,00","347,84"
2026-08-28,piątek,11,1 142,13,"22,50","1,00","347,84"
2026-08-28,piątek,12,1 295,29,"50,20","0,00","0,00"
2026-08-28,piątek,13,1 144,24,"41,54","2,00","695,69"
2026-08-28,piątek,14,1 094,24,"41,54","0,00","0,00"
2026-08-28,piątek,15,1 073,17,"29,43","3,00","1 043,53"
2026-08-28,piątek,16,1 158,17,"29,43","0,00","0,00"
2026-08-28,piątek,17,1 235,26,"45,00","0,00","0,00"
2026-08-28,piątek,18,1 384,26,"45,00","1,00","347,84"
2026-08-28,piątek,19,1 514,28,"48,47","3,00","1 043,53"
2026-08-28,piątek,20,1 530,18,"31,16","2,00","695,69"
2026-08-28,piątek,21,1 332,22,"38,08","2,00","695,69"
2026-08-28,piątek,22,939,20,"34,62","2,00","695,69"
2026-08-28,piątek,23,596,16,"27,69","0,00","0,00"
2026-08-29,sobota,0,263,9,"13,89","1,00","351,70"
2026-08-29,sobota,1,187,1,"1,54","0,00","0,00"
2026-08-29,sobota,2,83,1,"1,54","0,00","0,00"
2026-08-29,sobota,3,60,0,"0,00","0,00","0,00"
2026-08-29,sobota,4,57,0,"0,00","0,00","0,00"
2026-08-29,sobota,5,135,2,"3,09","0,00","0,00"
2026-08-29,sobota,6,312,7,"10,80","0,00","0,00"
2026-08-29,sobota,7,583,12,"18,52","0,00","0,00"
2026-08-29,sobota,8,739,10,"15,44","0,00","0,00"
2026-08-29,sobota,9,880,18,"27,78","1,00","351,70"
2026-08-29,sobota,10,1 030,20,"30,87","0,00","0,00"
2026-08-29,sobota,11,981,28,"43,22","0,00","0,00"
2026-08-29,sobota,12,1 070,19,"29,33","2,00","703,39"
2026-08-29,sobota,13,925,22,"33,96","1,00","351,70"
2026-08-29,sobota,14,910,19,"29,33","0,00","0,00"
2026-08-29,sobota,15,887,22,"33,96","0,00","0,00"
2026-08-29,sobota,16,999,21,"32,41","0,00","0,00"
2026-08-29,sobota,17,1 074,32,"49,39","1,00","351,70"
2026-08-29,sobota,18,1 186,23,"35,50","1,00","351,70"
2026-08-29,sobota,19,1 302,22,"33,96","0,00","0,00"
2026-08-29,sobota,20,1 395,24,"37,04","1,00","351,70"
2026-08-29,sobota,21,1 220,26,"40,13","4,00","1 406,78"
2026-08-29,sobota,22,831,14,"21,61","0,00","0,00"
2026-08-29,sobota,23,496,8,"12,35","1,00","351,70"
2026-08-30,niedziela,0,267,8,"13,80","0,00","0,00"
2026-08-30,niedziela,1,161,4,"6,90","0,00","0,00"
2026-08-30,niedziela,2,94,1,"1,73","0,00","0,00"
2026-08-30,niedziela,3,67,0,"0,00","0,00","0,00"
2026-08-30,niedziela,4,64,0,"0,00","0,00","0,00"
2026-08-30,niedziela,5,130,3,"5,18","0,00","0,00"
2026-08-30,niedziela,6,297,5,"8,63","0,00","0,00"
2026-08-30,niedziela,7,566,15,"25,88","0,00","0,00"
2026-08-30,niedziela,8,786,14,"24,15","1,00","340,87"
2026-08-30,niedziela,9,950,16,"27,60","2,00","681,74"
2026-08-30,niedziela,10,1 005,23,"39,68","2,00","681,74"
2026-08-30,niedziela,11,1 010,18,"31,05","0,00","0,00"
2026-08-30,niedziela,12,1 040,31,"53,48","0,00","0,00"
2026-08-30,niedziela,13,976,19,"32,78","1,00","340,87"
2026-08-30,niedziela,14,909,24,"41,40","2,00","681,74"
2026-08-30,niedziela,15,887,13,"22,43","1,00","340,87"
2026-08-30,niedziela,16,963,12,"20,70","2,00","681,74"
2026-08-30,niedziela,17,1 003,12,"20,70","0,00","0,00"
2026-08-30,niedziela,18,1 174,31,"53,48","0,00","0,00"
2026-08-30,niedziela,19,1 374,26,"44,85","2,00","681,74"
2026-08-30,niedziela,20,1 314,29,"50,03","2,00","681,74"
2026-08-30,niedziela,21,1 146,23,"39,68","4,00","1 363,48"
2026-08-30,niedziela,22,790,12,"20,70","0,00","0,00"
2026-08-30,niedziela,23,523,15,"25,88","0,00","0,00"
2026-08-31,poniedziałek,0,276,4,"6,30","0,00","0,00"
2026-08-31,poniedziałek,1,192,5,"7,88","0,00","0,00"
2026-08-31,poniedziałek,2,125,0,"0,00","0,00","0,00"
2026-08-31,poniedziałek,3,71,1,"1,58","0,00","0,00"
2026-08-31,poniedziałek,4,77,2,"3,15","0,00","0,00"
2026-08-31,poniedziałek,5,131,4,"6,30","0,00","0,00"
2026-08-31,poniedziałek,6,400,8,"12,60","0,00","0,00"
2026-08-31,poniedziałek,7,660,13,"20,48","1,00","371,04"
2026-08-31,poniedziałek,8,907,13,"20,48","0,00","0,00"
2026-08-31,poniedziałek,9,1 114,19,"29,93","0,00","0,00"
2026-08-31,poniedziałek,10,1 130,24,"37,81","1,00","371,04"
2026-08-31,poniedziałek,11,1 116,25,"39,39","1,00","371,04"
2026-08-31,poniedziałek,12,1 232,24,"37,81","2,00","742,07"
2026-08-31,poniedziałek,13,1 143,27,"42,54","1,00","371,04"
2026-08-31,poniedziałek,14,1 091,20,"31,51","0,00","0,00"
2026-08-31,poniedziałek,15,1 000,23,"36,24","1,00","371,04"
2026-08-31,poniedziałek,16,1 134,26,"40,96","2,00","742,07"
2026-08-31,poniedziałek,17,1 226,17,"26,78","0,00","0,00"
2026-08-31,poniedziałek,18,1 475,19,"29,93","1,00","371,04"
2026-08-31,poniedziałek,19,1 634,38,"59,87","3,00","1 113,11"
2026-08-31,poniedziałek,20,1 543,22,"34,66","1,00","371,04"
2026-08-31,poniedziałek,21,1 368,23,"36,24","2,00","742,07"
2026-08-31,poniedziałek,22,960,17,"26,78","0,00","0,00"
2026-08-31,poniedziałek,23,616,10,"15,76","0,00","0,00"
2026-09-01,wtorek,0,298,5,"7,95","0,00","0,00"
2026-09-01,wtorek,1,175,6,"9,54","0,00","0,00"
2026-09-01,wtorek,2,112,4,"6,36","0,00","0,00"
2026-09-01,wtorek,3,72,3,"4,77","0,00","0,00"
2026-09-01,wtorek,4,91,2,"3,18","0,00","0,00"
2026-09-01,wtorek,5,194,4,"6,36","0,00","0,00"
2026-09-01,wtorek,6,355,4,"6,36","0,00","0,00"
2026-09-01,wtorek,7,733,13,"20,67","0,00","0,00"
2026-09-01,wtorek,8,952,20,"31,79","0,00","0,00"
2026-09-01,wtorek,9,1 147,19,"30,20","0,00","0,00"
2026-09-01,wtorek,10,1 179,26,"41,33","2,00","635,30"
2026-09-01,wtorek,11,1 140,24,"38,15","1,00","317,65"
2026-09-01,wtorek,12,1 204,27,"42,92","2,00","635,30"
2026-09-01,wtorek,13,1 154,29,"46,10","2,00","635,30"
2026-09-01,wtorek,14,1 076,20,"31,79","0,00","0,00"
2026-09-01,wtorek,15,1 068,23,"36,56","1,00","317,65"
2026-09-01,wtorek,16,1 130,16,"25,43","1,00","317,65"
2026-09-01,wtorek,17,1 268,30,"47,69","3,00","952,95"
2026-09-01,wtorek,18,1 381,33,"52,46","0,00","0,00"
2026-09-01,wtorek,19,1 543,37,"58,82","0,00","0,00"
2026-09-01,wtorek,20,1 532,29,"46,10","2,00","635,30"
2026-09-01,wtorek,21,1 378,20,"31,79","2,00","635,30"
2026-09-01,wtorek,22,1 054,19,"30,20","1,00","317,65"
2026-09-01,wtorek,23,589,15,"23,84","0,00","0,00"
2026-09-02,środa,0,288,3,"5,09","0,00","0,00"
2026-09-02,środa,1,209,4,"6,79","0,00","0,00"
2026-09-02,środa,2,104,1,"1,70","0,00","0,00"
2026-09-02,środa,3,82,3,"5,09","0,00","0,00"
2026-09-02,środa,4,78,1,"1,70","0,00","0,00"
2026-09-02,środa,5,167,0,"0,00","0,00","0,00"
2026-09-02,środa,6,402,9,"15,28","0,00","0,00"
2026-09-02,środa,7,700,24,"40,74","1,00","343,84"
2026-09-02,środa,8,939,21,"35,65","0,00","0,00"
2026-09-02,środa,9,1 094,29,"49,23","1,00","343,84"
2026-09-02,środa,10,1 150,16,"27,16","0,00","0,00"
2026-09-02,środa,11,1 153,20,"33,95","0,00","0,00"
2026-09-02,środa,12,1 273,28,"47,53","0,00","0,00"
2026-09-02,środa,13,1 217,22,"37,34","1,00","343,84"
2026-09-02,środa,14,1 103,17,"28,86","0,00","0,00"
2026-09-02,środa,15,1 140,19,"32,25","0,00","0,00"
2026-09-02,środa,16,1 128,20,"33,95","0,00","0,00"
2026-09-02,środa,17,1 254,27,"45,83","2,00","687,68"
2026-09-02,środa,18,1 371,31,"52,62","3,00","1 031,51"
2026-09-02,środa,19,1 559,33,"56,02","1,00","343,84"
2026-09-02,środa,20,1 586,30,"50,92","3,00","1 031,51"
2026-09-02,środa,21,1 426,27,"45,83","0,00","0,00"
2026-09-02,środa,22,1 067,13,"22,07","0,00","0,00"
2026-09-02,środa,23,584,14,"23,76","0,00","0,00"
2026-09-03,czwartek,0,313,6,"9,29","0,00","0,00"
2026-09-03,czwartek,1,177,1,"1,55","0,00","0,00"
2026-09-03,czwartek,2,127,1,"1,55","0,00","0,00"
2026-09-03,czwartek,3,95,3,"4,65","0,00","0,00"
2026-09-03,czwartek,4,86,1,"1,55","0,00","0,00"
2026-09-03,czwartek,5,161,4,"6,19","0,00","0,00"
2026-09-03,czwartek,6,384,6,"9,29","0,00","0,00"
2026-09-03,czwartek,7,701,15,"23,23","0,00","0,00"
2026-09-03,czwartek,8,938,18,"27,87","0,00","0,00"
2026-09-03,czwartek,9,1 107,23,"35,61","0,00","0,00"
2026-09-03,czwartek,10,1 187,23,"35,61","0,00","0,00"
2026-09-03,czwartek,11,1 155,26,"40,26","0,00","0,00"
2026-09-03,czwartek,12,1 279,29,"44,90","0,00","0,00"
2026-09-03,czwartek,13,1 135,27,"41,81","2,00","747,15"
2026-09-03,czwartek,14,1 094,22,"34,06","1,00","373,57"
2026-09-03,czwartek,15,1 154,15,"23,23","2,00","747,15"
2026-09-03,czwartek,16,1 153,29,"44,90","1,00","373,57"
2026-09-03,czwartek,17,1 225,20,"30,97","0,00","0,00"
2026-09-03,czwartek,18,1 382,25,"38,71","0,00","0,00"
2026-09-03,czwartek,19,1 569,36,"55,74","1,00","373,57"
2026-09-03,czwartek,20,1 535,36,"55,74","1,00","373,57"
2026-09-03,czwartek,21,1 442,27,"41,81","0,00","0,00"
2026-09-03,czwartek,22,1 011,22,"34,06","1,00","373,57"
2026-09-03,czwartek,23,622,19,"29,42","1,00","373,57"
2026-09-04,piątek,0,314,11,"17,72","0,00","0,00"
2026-09-04,piątek,1,195,3,"4,83","0,00","0,00"
2026-09-04,piątek,2,117,2,"3,22","0,00","0,00"
2026-09-04,piątek,3,83,2,"3,22","0,00","0,00"
2026-09-04,piątek,4,72,2,"3,22","0,00","0,00"
2026-09-04,piątek,5,176,4,"6,44","0,00","0,00"
2026-09-04,piątek,6,383,12,"19,33","1,00","346,74"
2026-09-04,piątek,7,682,25,"40,26","0,00","0,00"
2026-09-04,piątek,8,989,9,"14,49","1,00","346,74"
2026-09-04,piątek,9,1 103,21,"33,82","0,00","0,00"
2026-09-04,piątek,10,1 200,31,"49,93","2,00","693,48"
2026-09-04,piątek,11,1 169,14,"22,55","1,00","346,74"
2026-09-04,piątek,12,1 311,23,"37,04","3,00","1 040,22"
2026-09-04,piątek,13,1 182,28,"45,09","0,00","0,00"
2026-09-04,piątek,14,1 096,16,"25,77","1,00","346,74"
2026-09-04,piątek,15,1 106,24,"38,65","1,00","346,74"
2026-09-04,piątek,16,1 200,31,"49,93","1,00","346,74"
2026-09-04,piątek,17,1 275,25,"40,26","0,00","0,00"
2026-09-04,piątek,18,1 430,16,"25,77","2,00","693,48"
2026-09-04,piątek,19,1 566,33,"53,15","0,00","0,00"
2026-09-04,piątek,20,1 541,30,"48,32","4,00","1 386,96"
2026-09-04,piątek,21,1 492,36,"57,98","0,00","0,00"
2026-09-04,piątek,22,1 024,21,"33,82","0,00","0,00"
2026-09-04,piątek,23,645,16,"25,77","0,00","0,00"
2026-09-05,sobota,0,278,3,"5,14","0,00","0,00"
2026-09-05,sobota,1,159,6,"10,28","0,00","0,00"
2026-09-05,sobota,2,91,5,"8,56","0,00","0,00"
2026-09-05,sobota,3,72,1,"1,71","0,00","0,00"
2026-09-05,sobota,4,66,1,"1,71","0,00","0,00"
2026-09-05,sobota,5,128,3,"5,14","0,00","0,00"
2026-09-05,sobota,6,312,10,"17,13","1,00","360,75"
2026-09-05,sobota,7,550,8,"13,70","0,00","0,00"
2026-09-05,sobota,8,850,21,"35,97","1,00","360,75"
2026-09-05,sobota,9,922,17,"29,12","0,00","0,00"
2026-09-05,sobota,10,1 017,19,"32,54","2,00","721,51"
2026-09-05,sobota,11,992,26,"44,53","0,00","0,00"
2026-09-05,sobota,12,1 068,16,"27,41","2,00","721,51"
2026-09-05,sobota,13,1 034,16,"27,41","0,00","0,00"
2026-09-05,sobota,14,946,22,"37,68","1,00","360,75"
2026-09-05,sobota,15,971,22,"37,68","1,00","360,75"
2026-09-05,sobota,16,1 008,17,"29,12","1,00","360,75"
2026-09-05,sobota,17,1 123,25,"42,82","0,00","0,00"
2026-09-05,sobota,18,1 228,23,"39,40","3,00","1 082,26"
2026-09-05,sobota,19,1 295,20,"34,26","0,00","0,00"
2026-09-05,sobota,20,1 338,35,"59,95","0,00","0,00"
2026-09-05,sobota,21,1 202,25,"42,82","0,00","0,00"
2026-09-05,sobota,22,927,20,"34,26","0,00","0,00"
2026-09-05,sobota,23,545,11,"18,84","0,00","0,00"
2026-09-06,niedziela,0,290,2,"3,12","0,00","0,00"
2026-09-06,niedziela,1,156,1,"1,56","0,00","0,00"
2026-09-06,niedziela,2,105,1,"1,56","0,00","0,00"
2026-09-06,niedziela,3,62,2,"3,12","1,00","359,34"
2026-09-06,niedziela,4,75,2,"3,12","0,00","0,00"
2026-09-06,niedziela,5,129,3,"4,68","0,00","0,00"
2026-09-06,niedziela,6,351,6,"9,37","0,00","0,00"
2026-09-06,niedziela,7,630,16,"24,98","1,00","359,34"
2026-09-06,niedziela,8,777,19,"29,66","0,00","0,00"
2026-09-06,niedziela,9,910,14,"21,85","0,00","0,00"
2026-09-06,niedziela,10,988,18,"28,10","0,00","0,00"
2026-09-06,niedziela,11,997,24,"37,47","2,00","718,69"
2026-09-06,niedziela,12,1 107,24,"37,47","0,00","0,00"
2026-09-06,niedziela,13,1 012,21,"32,78","0,00","0,00"
2026-09-06,niedziela,14,903,21,"32,78","0,00","0,00"
2026-09-06,niedziela,15,896,18,"28,10","3,00","1 078,03"
2026-09-06,niedziela,16,1 064,23,"35,90","0,00","0,00"
2026-09-06,niedziela,17,1 087,19,"29,66","0,00","0,00"
2026-09-06,niedziela,18,1 236,39,"60,88","0,00","0,00"
2026-09-06,niedziela,19,1 273,32,"49,95","0,00","0,00"
2026-09-06,niedziela,20,1 427,26,"40,59","0,00","0,00"
2026-09-06,niedziela,21,1 214,31,"48,39","2,00","718,69"
2026-09-06,niedziela,22,912,12,"18,73","0,00","0,00"
2026-09-06,niedziela,23,522,9,"14,05","0,00","0,00"
2026-09-07,poniedziałek,0,309,8,"12,16","0,00","0,00"
2026-09-07,poniedziałek,1,188,1,"1,52","0,00","0,00"
2026-09-07,poniedziałek,2,96,8,"12,16","1,00","352,22"
2026-09-07,poniedziałek,3,79,1,"1,52","0,00","0,00"
2026-09-07,poniedziałek,4,70,1,"1,52","0,00","0,00"
2026-09-07,poniedziałek,5,152,6,"9,12","0,00","0,00"
2026-09-07,poniedziałek,6,384,11,"16,72","0,00","0,00"
2026-09-07,poniedziałek,7,715,10,"15,20","1,00","352,22"
2026-09-07,poniedziałek,8,941,17,"25,83","1,00","352,22"
2026-09-07,poniedziałek,9,1 132,23,"34,95","1,00","352,22"
2026-09-07,poniedziałek,10,1 179,21,"31,91","0,00","0,00"
2026-09-07,poniedziałek,11,1 138,29,"44,07","0,00","0,00"
2026-09-07,poniedziałek,12,1 306,18,"27,35","0,00","0,00"
2026-09-07,poniedziałek,13,1 170,30,"45,59","0,00","0,00"
2026-09-07,poniedziałek,14,1 141,20,"30,39","0,00","0,00"
2026-09-07,poniedziałek,15,1 126,20,"30,39","2,00","704,45"
2026-09-07,poniedziałek,16,1 247,22,"33,43","0,00","0,00"
2026-09-07,poniedziałek,17,1 284,19,"28,87","0,00","0,00"
2026-09-07,poniedziałek,18,1 352,24,"36,47","0,00","0,00"
2026-09-07,poniedziałek,19,1 642,24,"36,47","1,00","352,22"
2026-09-07,poniedziałek,20,1 635,32,"48,63","1,00","352,22"
2026-09-07,poniedziałek,21,1 439,22,"33,43","2,00","704,45"
2026-09-07,poniedziałek,22,1 081,21,"31,91","1,00","352,22"
2026-09-07,poniedziałek,23,642,9,"13,68","0,00","0,00"
2026-09-08,wtorek,0,278,6,"9,59","0,00","0,00"
2026-09-08,wtorek,1,220,4,"6,39","0,00","0,00"
2026-09-08,wtorek,2,118,1,"1,60","0,00","0,00"
2026-09-08,wtorek,3,92,1,"1,60","0,00","0,00"
2026-09-08,wtorek,4,82,3,"4,79","0,00","0,00"
2026-09-08,wtorek,5,194,4,"6,39","0,00","0,00"
2026-09-08,wtorek,6,376,5,"7,99","0,00","0,00"
2026-09-08,wtorek,7,749,17,"27,16","1,00","357,81"
2026-09-08,wtorek,8,974,12,"19,17","0,00","0,00"
2026-09-08,wtorek,9,1 123,27,"43,14","0,00","0,00"
2026-09-08,wtorek,10,1 165,28,"44,74","0,00","0,00"
2026-09-08,wtorek,11,1 209,18,"28,76","0,00","0,00"
2026-09-08,wtorek,12,1 302,38,"60,72","1,00","357,81"
2026-09-08,wtorek,13,1 203,29,"46,34","1,00","357,81"
2026-09-08,wtorek,14,1 128,17,"27,16","1,00","357,81"
2026-09-08,wtorek,15,1 124,23,"36,75","0,00","0,00"
2026-09-08,wtorek,16,1 155,22,"35,15","0,00","0,00"
2026-09-08,wtorek,17,1 326,19,"30,36","1,00","357,81"
2026-09-08,wtorek,18,1 473,24,"38,35","2,00","715,61"
2026-09-08,wtorek,19,1 613,31,"49,53","3,00","1 073,42"
2026-09-08,wtorek,20,1 613,34,"54,33","0,00","0,00"
2026-09-08,wtorek,21,1 403,27,"43,14","1,00","357,81"
2026-09-08,wtorek,22,1 023,22,"35,15","0,00","0,00"
2026-09-08,wtorek,23,635,12,"19,17","0,00","0,00"
2026-09-09,środa,0,287,5,"8,03","0,00","0,00"
2026-09-09,środa,1,191,7,"11,25","0,00","0,00"
2026-09-09,środa,2,130,3,"4,82","0,00","0,00"
2026-09-09,środa,3,96,3,"4,82","0,00","0,00"
2026-09-09,środa,4,77,0,"0,00","0,00","0,00"
2026-09-09,środa,5,156,5,"8,03","0,00","0,00"
2026-09-09,środa,6,399,9,"14,46","0,00","0,00"
2026-09-09,środa,7,744,14,"22,50","0,00","0,00"
2026-09-09,środa,8,965,22,"35,35","2,00","731,10"
2026-09-09,środa,9,1 128,20,"32,14","1,00","365,55"
2026-09-09,środa,10,1 181,31,"49,81","1,00","365,55"
2026-09-09,środa,11,1 153,18,"28,92","1,00","365,55"
2026-09-09,środa,12,1 255,23,"36,96","0,00","0,00"
2026-09-09,środa,13,1 174,28,"44,99","0,00","0,00"
2026-09-09,środa,14,1 112,22,"35,35","0,00","0,00"
2026-09-09,środa,15,1 068,29,"46,60","1,00","365,55"
2026-09-09,środa,16,1 248,29,"46,60","2,00","731,10"
2026-09-09,środa,17,1 210,28,"44,99","0,00","0,00"
2026-09-09,środa,18,1 457,26,"41,78","4,00","1 462,20"
2026-09-09,środa,19,1 634,27,"43,39","0,00","0,00"
2026-09-09,środa,20,1 589,39,"62,67","3,00","1 096,65"
2026-09-09,środa,21,1 396,25,"40,17","1,00","365,55"
2026-09-09,środa,22,1 073,20,"32,14","2,00","731,10"
2026-09-09,środa,23,629,15,"24,10","0,00","0,00"
2026-09-10,czwartek,0,319,8,"13,21","0,00","0,00"
2026-09-10,czwartek,1,181,2,"3,30","0,00","0,00"
2026-09-10,czwartek,2,106,2,"3,30","0,00","0,00"
2026-09-10,czwartek,3,79,0,"0,00","0,00","0,00"
2026-09-10,czwartek,4,92,1,"1,65","0,00","0,00"
2026-09-10,czwartek,5,176,0,"0,00","0,00","0,00"
2026-09-10,czwartek,6,417,7,"11,56","0,00","0,00"
2026-09-10,czwartek,7,722,13,"21,46","0,00","0,00"
2026-09-10,czwartek,8,972,28,"46,22","0,00","0,00"
2026-09-10,czwartek,9,1 123,20,"33,02","1,00","344,76"
2026-09-10,czwartek,10,1 224,23,"37,97","0,00","0,00"
2026-09-10,czwartek,11,1 133,18,"29,71","0,00","0,00"
2026-09-10,czwartek,12,1 323,22,"36,32","1,00","344,76"
2026-09-10,czwartek,13,1 221,20,"33,02","1,00","344,76"
2026-09-10,czwartek,14,1 130,31,"51,18","0,00","0,00"
2026-09-10,czwartek,15,1 100,16,"26,41","0,00","0,00"
2026-09-10,czwartek,16,1 221,25,"41,27","1,00","344,76"
2026-09-10,czwartek,17,1 284,29,"47,87","0,00","0,00"
2026-09-10,czwartek,18,1 456,34,"56,13","0,00","0,00"
2026-09-10,czwartek,19,1 652,31,"51,18","1,00","344,76"
2026-09-10,czwartek,20,1 599,23,"37,97","1,00","344,76"
2026-09-10,czwartek,21,1 489,32,"52,83","0,00","0,00"
2026-09-10,czwartek,22,1 045,15,"24,76","1,00","344,76"
2026-09-10,czwartek,23,675,10,"16,51","0,00","0,00"
2026-09-11,piątek,0,303,7,"10,51","0,00","0,00"
2026-09-11,piątek,1,206,3,"4,50","0,00","0,00"
2026-09-11,piątek,2,125,1,"1,50","0,00","0,00"
2026-09-11,piątek,3,78,2,"3,00","0,00","0,00"
2026-09-11,piątek,4,76,1,"1,50","0,00","0,00"
2026-09-11,piątek,5,156,0,"0,00","0,00","0,00"
2026-09-11,piątek,6,354,7,"10,51","0,00","0,00"
2026-09-11,piątek,7,752,19,"28,52","0,00","0,00"
2026-09-11,piątek,8,934,12,"18,02","0,00","0,00"
2026-09-11,piątek,9,1 056,28,"42,04","1,00","356,07"
2026-09-11,piątek,10,1 261,25,"37,53","0,00","0,00"
2026-09-11,piątek,11,1 213,28,"42,04","2,00","712,14"
2026-09-11,piątek,12,1 254,25,"37,53","0,00","0,00"
2026-09-11,piątek,13,1 195,26,"39,03","0,00","0,00"
2026-09-11,piątek,14,1 150,27,"40,53","1,00","356,07"
2026-09-11,piątek,15,1 091,17,"25,52","1,00","356,07"
2026-09-11,piątek,16,1 184,17,"25,52","1,00","356,07"
2026-09-11,piątek,17,1 333,26,"39,03","1,00","356,07"
2026-09-11,piątek,18,1 428,28,"42,04","0,00","0,00"
2026-09-11,piątek,19,1 635,32,"48,04","1,00","356,07"
2026-09-11,piątek,20,1 620,34,"51,04","1,00","356,07"
2026-09-11,piątek,21,1 441,36,"54,05","3,00","1 068,22"
2026-09-11,piątek,22,1 048,16,"24,02","0,00","0,00"
2026-09-11,piątek,23,647,6,"9,01","0,00","0,00"
2026-09-12,sobota,0,296,8,"12,58","0,00","0,00"
2026-09-12,sobota,1,169,3,"4,72","0,00","0,00"
2026-09-12,sobota,2,116,1,"1,57","0,00","0,00"
2026-09-12,sobota,3,69,4,"6,29","0,00","0,00"
2026-09-12,sobota,4,74,1,"1,57","0,00","0,00"
2026-09-12,sobota,5,134,2,"3,15","0,00","0,00"
2026-09-12,sobota,6,355,4,"6,29","0,00","0,00"
2026-09-12,sobota,7,620,17,"26,74","0,00","0,00"
2026-09-12,sobota,8,844,17,"26,74","0,00","0,00"
2026-09-12,sobota,9,1 006,12,"18,87","2,00","741,43"
2026-09-12,sobota,10,1 005,16,"25,16","1,00","370,72"
2026-09-12,sobota,11,1 018,26,"40,89","0,00","0,00"
2026-09-12,sobota,12,1 092,15,"23,59","0,00","0,00"
2026-09-12,sobota,13,1 086,22,"34,60","2,00","741,43"
2026-09-12,sobota,14,942,19,"29,88","0,00","0,00"
2026-09-12,sobota,15,974,18,"28,31","1,00","370,72"
2026-09-12,sobota,16,1 066,22,"34,60","1,00","370,72"
2026-09-12,sobota,17,1 113,19,"29,88","2,00","741,43"
2026-09-12,sobota,18,1 245,25,"39,32","2,00","741,43"
2026-09-12,sobota,19,1 356,31,"48,75","0,00","0,00"
2026-09-12,sobota,20,1 373,25,"39,32","2,00","741,43"
2026-09-12,sobota,21,1 271,22,"34,60","0,00","0,00"
2026-09-12,sobota,22,901,15,"23,59","2,00","741,43"
2026-09-12,sobota,23,537,11,"17,30","0,00","0,00"
2026-09-13,niedziela,0,277,3,"4,79","0,00","0,00"
2026-09-13,niedziela,1,183,4,"6,39","0,00","0,00"
2026-09-13,niedziela,2,113,6,"9,58","0,00","0,00"
2026-09-13,niedziela,3,74,0,"0,00","0,00","0,00"
2026-09-13,niedziela,4,58,2,"3,19","0,00","0,00"
2026-09-13,niedziela,5,162,3,"4,79","0,00","0,00"
2026-09-13,niedziela,6,344,15,"23,96","0,00","0,00"
2026-09-13,niedziela,7,593,12,"19,17","0,00","0,00"
2026-09-13,niedziela,8,819,22,"35,14","0,00","0,00"
2026-09-13,niedziela,9,1 021,21,"33,54","3,00","1 068,40"
2026-09-13,niedziela,10,1 023,26,"41,53","0,00","0,00"
2026-09-13,niedziela,11,1 024,26,"41,53","1,00","356,13"
2026-09-13,niedziela,12,1 038,24,"38,33","2,00","712,27"
2026-09-13,niedziela,13,1 021,19,"30,35","0,00","0,00"
2026-09-13,niedziela,14,998,21,"33,54","1,00","356,13"
2026-09-13,niedziela,15,1 001,23,"36,74","0,00","0,00"
2026-09-13,niedziela,16,1 059,25,"39,93","3,00","1 068,40"
2026-09-13,niedziela,17,1 149,23,"36,74","0,00","0,00"
2026-09-13,niedziela,18,1 240,24,"38,33","0,00","0,00"
2026-09-13,niedziela,19,1 317,21,"33,54","1,00","356,13"
2026-09-13,niedziela,20,1 393,24,"38,33","2,00","712,27"
2026-09-13,niedziela,21,1 271,30,"47,92","1,00","356,13"
2026-09-13,niedziela,22,856,20,"31,95","1,00","356,13"
2026-09-13,niedziela,23,510,11,"17,57","0,00","0,00"
2026-09-14,poniedziałek,0,351,8,"12,95","1,00","374,39"
2026-09-14,poniedziałek,1,185,7,"11,33","0,00","0,00"
2026-09-14,poniedziałek,2,149,0,"0,00","0,00","0,00"
2026-09-14,poniedziałek,3,82,3,"4,86","0,00","0,00"
2026-09-14,poniedziałek,4,87,2,"3,24","0,00","0,00"
2026-09-14,poniedziałek,5,171,7,"11,33","0,00","0,00"
2026-09-14,poniedziałek,6,408,10,"16,19","1,00","374,39"
2026-09-14,poniedziałek,7,696,19,"30,76","2,00","748,77"
2026-09-14,poniedziałek,8,956,23,"37,23","0,00","0,00"
2026-09-14,poniedziałek,9,1 172,26,"42,09","1,00","374,39"
2026-09-14,poniedziałek,10,1 188,26,"42,09","0,00","0,00"
2026-09-14,poniedziałek,11,1 259,29,"46,94","1,00","374,39"
2026-09-14,poniedziałek,12,1 323,17,"27,52","1,00","374,39"
2026-09-14,poniedziałek,13,1 221,26,"42,09","0,00","0,00"
2026-09-14,poniedziałek,14,1 134,23,"37,23","0,00","0,00"
2026-09-14,poniedziałek,15,1 171,19,"30,76","1,00","374,39"
2026-09-14,poniedziałek,16,1 193,21,"33,99","0,00","0,00"
2026-09-14,poniedziałek,17,1 315,18,"29,14","0,00","0,00"
2026-09-14,poniedziałek,18,1 524,26,"42,09","1,00","374,39"
2026-09-14,poniedziałek,19,1 644,35,"56,65","0,00","0,00"
2026-09-14,poniedziałek,20,1 618,41,"66,37","2,00","748,77"
2026-09-14,poniedziałek,21,1 489,20,"32,37","0,00","0,00"
2026-09-14,poniedziałek,22,1 047,16,"25,90","0,00","0,00"
2026-09-14,poniedziałek,23,689,13,"21,04","0,00","0,00"
2026-09-15,wtorek,0,308,13,"20,16","0,00","0,00"
2026-09-15,wtorek,1,210,2,"3,10","0,00","0,00"
2026-09-15,wtorek,2,111,3,"4,65","0,00","0,00"
2026-09-15,wtorek,3,77,0,"0,00","0,00","0,00"
2026-09-15,wtorek,4,86,0,"0,00","0,00","0,00"
2026-09-15,wtorek,5,210,3,"4,65","0,00","0,00"
2026-09-15,wtorek,6,417,5,"7,75","0,00","0,00"
2026-09-15,wtorek,7,749,18,"27,92","0,00","0,00"
2026-09-15,wtorek,8,1 009,21,"32,57","0,00","0,00"
2026-09-15,wtorek,9,1 137,24,"37,22","1,00","374,27"
2026-09-15,wtorek,10,1 277,32,"49,63","0,00","0,00"
2026-09-15,wtorek,11,1 194,25,"38,77","2,00","748,55"
2026-09-15,wtorek,12,1 284,25,"38,77","0,00","0,00"
2026-09-15,wtorek,13,1 278,24,"37,22","0,00","0,00"
2026-09-15,wtorek,14,1 136,16,"24,81","0,00","0,00"
2026-09-15,wtorek,15,1 186,29,"44,98","1,00","374,27"
2026-09-15,wtorek,16,1 194,30,"46,53","2,00","748,55"
2026-09-15,wtorek,17,1 292,28,"43,43","2,00","748,55"
2026-09-15,wtorek,18,1 466,22,"34,12","0,00","0,00"
2026-09-15,wtorek,19,1 614,44,"68,24","1,00","374,27"
2026-09-15,wtorek,20,1 638,39,"60,49","2,00","748,55"
2026-09-15,wtorek,21,1 496,38,"58,93","4,00","1 497,09"
2026-09-15,wtorek,22,1 048,28,"43,43","0,00","0,00"
2026-09-15,wtorek,23,631,10,"15,51","0,00","0,00"
2026-09-16,środa,0,335,11,"16,66","0,00","0,00"
2026-09-16,środa,1,218,4,"6,06","1,00","380,29"
2026-09-16,środa,2,120,1,"1,51","0,00","0,00"
2026-09-16,środa,3,83,1,"1,51","0,00","0,00"
2026-09-16,środa,4,86,2,"3,03","0,00","0,00"
2026-09-16,środa,5,164,4,"6,06","0,00","0,00"
2026-09-16,środa,6,434,11,"16,66","0,00","0,00"
2026-09-16,środa,7,753,10,"15,15","1,00","380,29"
2026-09-16,środa,8,959,16,"24,24","2,00","760,59"
2026-09-16,środa,9,1 097,21,"31,81","0,00","0,00"
2026-09-16,środa,10,1 247,24,"36,36","0,00","0,00"
2026-09-16,środa,11,1 287,29,"43,93","3,00","1 140,88"
2026-09-16,środa,12,1 347,20,"30,30","1,00","380,29"
2026-09-16,środa,13,1 248,23,"34,84","1,00","380,29"
2026-09-16,środa,14,1 154,18,"27,27","1,00","380,29"
2026-09-16,środa,15,1 159,28,"42,41","3,00","1 140,88"
2026-09-16,środa,16,1 192,28,"42,41","1,00","380,29"
2026-09-16,środa,17,1 346,31,"46,96","2,00","760,59"
2026-09-16,środa,18,1 439,27,"40,90","2,00","760,59"
2026-09-16,środa,19,1 612,27,"40,90","0,00","0,00"
2026-09-16,środa,20,1 570,41,"62,11","2,00","760,59"
2026-09-16,środa,21,1 503,33,"49,99","2,00","760,59"
2026-09-16,środa,22,1 096,17,"25,75","1,00","380,29"
2026-09-16,środa,23,641,14,"21,21","0,00","0,00"
2026-09-17,czwartek,0,332,5,"8,04","0,00","0,00"
2026-09-17,czwartek,1,201,7,"11,26","1,00","336,43"
2026-09-17,czwartek,2,113,3,"4,82","0,00","0,00"
2026-09-17,czwartek,3,78,2,"3,22","0,00","0,00"
2026-09-17,czwartek,4,73,2,"3,22","0,00","0,00"
2026-09-17,czwartek,5,149,2,"3,22","0,00","0,00"
2026-09-17,czwartek,6,428,9,"14,47","0,00","0,00"
2026-09-17,czwartek,7,761,13,"20,91","0,00","0,00"
2026-09-17,czwartek,8,991,22,"35,38","0,00","0,00"
2026-09-17,czwartek,9,1 131,24,"38,60","0,00","0,00"
2026-09-17,czwartek,10,1 203,29,"46,64","1,00","336,43"
2026-09-17,czwartek,11,1 261,28,"45,03","0,00","0,00"
2026-09-17,czwartek,12,1 342,29,"46,64","1,00","336,43"
2026-09-17,czwartek,13,1 272,16,"25,73","0,00","0,00"
2026-09-17,czwartek,14,1 150,13,"20,91","0,00","0,00"
2026-09-17,czwartek,15,1 159,21,"33,77","0,00","0,00"
2026-09-17,czwartek,16,1 191,31,"49,86","2,00","672,85"
2026-09-17,czwartek,17,1 333,25,"40,21","0,00","0,00"
2026-09-17,czwartek,18,1 506,28,"45,03","0,00","0,00"
2026-09-17,czwartek,19,1 592,22,"35,38","0,00","0,00"
2026-09-17,czwartek,20,1 586,32,"51,47","1,00","336,43"
2026-09-17,czwartek,21,1 420,34,"54,68","0,00","0,00"
2026-09-17,czwartek,22,1 090,17,"27,34","1,00","336,43"
2026-09-17,czwartek,23,626,14,"22,52","0,00","0,00"
2026-09-18,piątek,0,307,7,"10,88","2,00","691,33"
2026-09-18,piątek,1,191,6,"9,32","0,00","0,00"
2026-09-18,piątek,2,123,2,"3,11","0,00","0,00"
2026-09-18,piątek,3,99,4,"6,21","0,00","0,00"
2026-09-18,piątek,4,82,2,"3,11","0,00","0,00"
2026-09-18,piątek,5,200,4,"6,21","0,00","0,00"
2026-09-18,piątek,6,394,5,"7,77","0,00","0,00"
2026-09-18,piątek,7,773,13,"20,20","0,00","0,00"
2026-09-18,piątek,8,1 018,14,"21,75","0,00","0,00"
2026-09-18,piątek,9,1 141,21,"32,63","0,00","0,00"
2026-09-18,piątek,10,1 281,25,"38,84","0,00","0,00"
2026-09-18,piątek,11,1 307,22,"34,18","1,00","345,67"
2026-09-18,piątek,12,1 316,15,"23,30","0,00","0,00"
2026-09-18,piątek,13,1 259,24,"37,29","0,00","0,00"
2026-09-18,piątek,14,1 158,27,"41,95","0,00","0,00"
2026-09-18,piątek,15,1 142,22,"34,18","2,00","691,33"
2026-09-18,piątek,16,1 245,29,"45,05","2,00","691,33"
2026-09-18,piątek,17,1 299,25,"38,84","0,00","0,00"
2026-09-18,piątek,18,1 433,26,"40,39","3,00","1 037,00"
2026-09-18,piątek,19,1 619,39,"60,59","1,00","345,67"
2026-09-18,piątek,20,1 645,34,"52,82","1,00","345,67"
2026-09-18,piątek,21,1 477,31,"48,16","2,00","691,33"
2026-09-18,piątek,22,1 119,17,"26,41","1,00","345,67"
2026-09-18,piątek,23,652,16,"24,86","0,00","0,00"
2026-09-19,sobota,0,271,5,"7,61","0,00","0,00"
2026-09-19,sobota,1,167,3,"4,57","1,00","383,15"
2026-09-19,sobota,2,125,1,"1,52","0,00","0,00"
2026-09-19,sobota,3,76,1,"1,52","0,00","0,00"
2026-09-19,sobota,4,82,3,"4,57","0,00","0,00"
2026-09-19,sobota,5,151,4,"6,09","0,00","0,00"
2026-09-19,sobota,6,341,6,"9,14","1,00","383,15"
2026-09-19,sobota,7,631,15,"22,84","0,00","0,00"
2026-09-19,sobota,8,818,15,"22,84","0,00","0,00"
2026-09-19,sobota,9,991,13,"19,80","3,00","1 149,45"
2026-09-19,sobota,10,1 066,17,"25,89","0,00","0,00"
2026-09-19,sobota,11,1 077,20,"30,46","0,00","0,00"
2026-09-19,sobota,12,1 130,22,"33,50","0,00","0,00"
2026-09-19,sobota,13,1 020,17,"25,89","0,00","0,00"
2026-09-19,sobota,14,1 015,22,"33,50","0,00","0,00"
2026-09-19,sobota,15,999,17,"25,89","0,00","0,00"
2026-09-19,sobota,16,1 075,23,"35,03","1,00","383,15"
2026-09-19,sobota,17,1 144,23,"35,03","0,00","0,00"
2026-09-19,sobota,18,1 208,27,"41,12","0,00","0,00"
2026-09-19,sobota,19,1 369,34,"51,78","1,00","383,15"
2026-09-19,sobota,20,1 360,29,"44,16","0,00","0,00"
2026-09-19,sobota,21,1 217,24,"36,55","1,00","383,15"
2026-09-19,sobota,22,949,14,"21,32","0,00","0,00"
2026-09-19,sobota,23,535,11,"16,75","0,00","0,00"
2026-09-20,niedziela,0,309,8,"13,21","0,00","0,00"
2026-09-20,niedziela,1,157,6,"9,91","0,00","0,00"
2026-09-20,niedziela,2,103,3,"4,95","0,00","0,00"
2026-09-20,niedziela,3,86,3,"4,95","0,00","0,00"
2026-09-20,niedziela,4,77,1,"1,65","0,00","0,00"
2026-09-20,niedziela,5,128,3,"4,95","0,00","0,00"
2026-09-20,niedziela,6,368,7,"11,56","1,00","374,75"
2026-09-20,niedziela,7,669,13,"21,46","0,00","0,00"
2026-09-20,niedziela,8,874,17,"28,07","2,00","749,49"
2026-09-20,niedziela,9,1 020,23,"37,97","0,00","0,00"
2026-09-20,niedziela,10,1 000,17,"28,07","0,00","0,00"
2026-09-20,niedziela,11,1 010,27,"44,57","2,00","749,49"
2026-09-20,niedziela,12,1 136,26,"42,92","2,00","749,49"
2026-09-20,niedziela,13,1 098,18,"29,72","1,00","374,75"
2026-09-20,niedziela,14,977,19,"31,37","0,00","0,00"
2026-09-20,niedziela,15,993,25,"41,27","0,00","0,00"
2026-09-20,niedziela,16,1 088,21,"34,67","0,00","0,00"
2026-09-20,niedziela,17,1 114,28,"46,23","1,00","374,75"
2026-09-20,niedziela,18,1 213,24,"39,62","1,00","374,75"
2026-09-20,niedziela,19,1 360,40,"66,04","1,00","374,75"
2026-09-20,niedziela,20,1 421,23,"37,97","0,00","0,00"
2026-09-20,niedziela,21,1 248,30,"49,53","0,00","0,00"
2026-09-20,niedziela,22,911,12,"19,81","1,00","374,75"
2026-09-20,niedziela,23,564,6,"9,91","0,00","0,00"
2026-09-21,poniedziałek,0,335,9,"14,42","0,00","0,00"
2026-09-21,poniedziałek,1,191,7,"11,22","0,00","0,00"
2026-09-21,poniedziałek,2,144,0,"0,00","0,00","0,00"
2026-09-21,poniedziałek,3,94,3,"4,81","0,00","0,00"
2026-09-21,poniedziałek,4,65,4,"6,41","0,00","0,00"
2026-09-21,poniedziałek,5,162,0,"0,00","0,00","0,00"
2026-09-21,poniedziałek,6,427,11,"17,63","0,00","0,00"
2026-09-21,poniedziałek,7,813,9,"14,42","0,00","0,00"
2026-09-21,poniedziałek,8,1 034,22,"35,26","0,00","0,00"
2026-09-21,poniedziałek,9,1 145,35,"56,09","1,00","326,38"
2026-09-21,poniedziałek,10,1 329,18,"28,85","0,00","0,00"
2026-09-21,poniedziałek,11,1 237,28,"44,87","1,00","326,38"
2026-09-21,poniedziałek,12,1 271,20,"32,05","0,00","0,00"
2026-09-21,poniedziałek,13,1 306,26,"41,67","0,00","0,00"
2026-09-21,poniedziałek,14,1 103,22,"35,26","1,00","326,38"
2026-09-21,poniedziałek,15,1 162,24,"38,46","0,00","0,00"
2026-09-21,poniedziałek,16,1 227,29,"46,47","2,00","652,75"
2026-09-21,poniedziałek,17,1 366,22,"35,26","0,00","0,00"
2026-09-21,poniedziałek,18,1 580,35,"56,09","4,00","1 305,50"
2026-09-21,poniedziałek,19,1 682,26,"41,67","2,00","652,75"
2026-09-21,poniedziałek,20,1 674,30,"48,08","0,00","0,00"
2026-09-21,poniedziałek,21,1 542,38,"60,90","1,00","326,38"
2026-09-21,poniedziałek,22,1 149,22,"35,26","1,00","326,38"
2026-09-21,poniedziałek,23,688,15,"24,04","0,00","0,00"
2026-09-22,wtorek,0,349,3,"4,50","0,00","0,00"
2026-09-22,wtorek,1,212,1,"1,50","0,00","0,00"
2026-09-22,wtorek,2,119,4,"6,01","0,00","0,00"
2026-09-22,wtorek,3,66,1,"1,50","0,00","0,00"
2026-09-22,wtorek,4,98,4,"6,01","0,00","0,00"
2026-09-22,wtorek,5,166,3,"4,50","0,00","0,00"
2026-09-22,wtorek,6,416,9,"13,51","0,00","0,00"
2026-09-22,wtorek,7,781,19,"28,53","1,00","344,54"
2026-09-22,wtorek,8,951,30,"45,04","0,00","0,00"
2026-09-22,wtorek,9,1 191,33,"49,54","1,00","344,54"
2026-09-22,wtorek,10,1 207,26,"39,04","0,00","0,00"
2026-09-22,wtorek,11,1 270,30,"45,04","1,00","344,54"
2026-09-22,wtorek,12,1 368,21,"31,53","0,00","0,00"
2026-09-22,wtorek,13,1 289,29,"43,54","2,00","689,09"
2026-09-22,wtorek,14,1 268,28,"42,04","0,00","0,00"
2026-09-22,wtorek,15,1 202,23,"34,53","1,00","344,54"
2026-09-22,wtorek,16,1 269,30,"45,04","1,00","344,54"
2026-09-22,wtorek,17,1 405,27,"40,54","0,00","0,00"
2026-09-22,wtorek,18,1 532,40,"60,05","2,00","689,09"
2026-09-22,wtorek,19,1 648,45,"67,56","1,00","344,54"
2026-09-22,wtorek,20,1 684,33,"49,54","1,00","344,54"
2026-09-22,wtorek,21,1 550,29,"43,54","2,00","689,09"
2026-09-22,wtorek,22,1 070,20,"30,03","1,00","344,54"
2026-09-22,wtorek,23,677,15,"22,52","2,00","689,09"
2026-09-23,środa,0,332,5,"7,54","0,00","0,00"
2026-09-23,środa,1,239,3,"4,53","0,00","0,00"
2026-09-23,środa,2,100,3,"4,53","0,00","0,00"
2026-09-23,środa,3,87,0,"0,00","0,00","0,00"
2026-09-23,środa,4,86,1,"1,51","0,00","0,00"
2026-09-23,środa,5,171,5,"7,54","0,00","0,00"
2026-09-23,środa,6,405,10,"15,09","0,00","0,00"
2026-09-23,środa,7,746,8,"12,07","0,00","0,00"
2026-09-23,środa,8,995,20,"30,18","0,00","0,00"
2026-09-23,środa,9,1 180,23,"34,71","0,00","0,00"
2026-09-23,środa,10,1 258,29,"43,76","5,00","1 686,34"
2026-09-23,środa,11,1 214,25,"37,72","1,00","337,27"
2026-09-23,środa,12,1 317,24,"36,21","1,00","337,27"
2026-09-23,środa,13,1 277,32,"48,29","0,00","0,00"
2026-09-23,środa,14,1 186,20,"30,18","0,00","0,00"
2026-09-23,środa,15,1 200,27,"40,74","1,00","337,27"
2026-09-23,środa,16,1 273,24,"36,21","0,00","0,00"
2026-09-23,środa,17,1 322,30,"45,27","1,00","337,27"
2026-09-23,środa,18,1 431,28,"42,25","0,00","0,00"
2026-09-23,środa,19,1 640,38,"57,34","3,00","1 011,80"
2026-09-23,środa,20,1 722,40,"60,36","1,00","337,27"
2026-09-23,środa,21,1 517,30,"45,27","0,00","0,00"
2026-09-23,środa,22,1 085,25,"37,72","1,00","337,27"
2026-09-23,środa,23,688,10,"15,09","0,00","0,00"
2026-09-24,czwartek,0,359,7,"10,95","0,00","0,00"
2026-09-24,czwartek,1,206,5,"7,82","0,00","0,00"
2026-09-24,czwartek,2,116,4,"6,26","0,00","0,00"
2026-09-24,czwartek,3,78,0,"0,00","0,00","0,00"
2026-09-24,czwartek,4,73,1,"1,56","0,00","0,00"
2026-09-24,czwartek,5,155,1,"1,56","0,00","0,00"
2026-09-24,czwartek,6,417,8,"12,51","0,00","0,00"
2026-09-24,czwartek,7,762,12,"18,77","1,00","310,15"
2026-09-24,czwartek,8,974,28,"43,80","1,00","310,15"
2026-09-24,czwartek,9,1 148,29,"45,36","1,00","310,15"
2026-09-24,czwartek,10,1 305,27,"42,23","1,00","310,15"
2026-09-24,czwartek,11,1 301,22,"34,41","1,00","310,15"
2026-09-24,czwartek,12,1 321,24,"37,54","1,00","310,15"
2026-09-24,czwartek,13,1 271,28,"43,80","1,00","310,15"
2026-09-24,czwartek,14,1 200,31,"48,49","0,00","0,00"
2026-09-24,czwartek,15,1 134,32,"50,05","2,00","620,31"
2026-09-24,czwartek,16,1 261,32,"50,05","2,00","620,31"
2026-09-24,czwartek,17,1 316,24,"37,54","0,00","0,00"
2026-09-24,czwartek,18,1 555,32,"50,05","0,00","0,00"
2026-09-24,czwartek,19,1 649,35,"54,75","0,00","0,00"
2026-09-24,czwartek,20,1 664,33,"51,62","3,00","930,46"
2026-09-24,czwartek,21,1 558,25,"39,10","0,00","0,00"
2026-09-24,czwartek,22,1 190,19,"29,72","1,00","310,15"
2026-09-24,czwartek,23,696,16,"25,03","0,00","0,00"
2026-09-25,piątek,0,373,5,"8,17","0,00","0,00"
2026-09-25,piątek,1,218,5,"8,17","1,00","370,94"
2026-09-25,piątek,2,133,3,"4,90","0,00","0,00"
2026-09-25,piątek,3,79,2,"3,27","0,00","0,00"
2026-09-25,piątek,4,83,3,"4,90","0,00","0,00"
2026-09-25,piątek,5,182,2,"3,27","0,00","0,00"
2026-09-25,piątek,6,439,13,"21,25","0,00","0,00"
2026-09-25,piątek,7,744,15,"24,51","1,00","370,94"
2026-09-25,piątek,8,998,18,"29,42","0,00","0,00"
2026-09-25,piątek,9,1 157,24,"39,22","2,00","741,88"
2026-09-25,piątek,10,1 274,36,"58,83","3,00","1 112,81"
2026-09-25,piątek,11,1 324,28,"45,76","1,00","370,94"
2026-09-25,piątek,12,1 277,20,"32,69","0,00","0,00"
2026-09-25,piątek,13,1 277,22,"35,95","0,00","0,00"
2026-09-25,piątek,14,1 197,26,"42,49","1,00","370,94"
2026-09-25,piątek,15,1 133,32,"52,30","0,00","0,00"
2026-09-25,piątek,16,1 291,25,"40,86","0,00","0,00"
2026-09-25,piątek,17,1 305,27,"44,13","1,00","370,94"
2026-09-25,piątek,18,1 458,15,"24,51","0,00","0,00"
2026-09-25,piątek,19,1 669,33,"53,93","0,00","0,00"
2026-09-25,piątek,20,1 690,38,"62,10","1,00","370,94"
2026-09-25,piątek,21,1 593,34,"55,57","0,00","0,00"
2026-09-25,piątek,22,1 112,22,"35,95","0,00","0,00"
2026-09-25,piątek,23,662,16,"26,15","1,00","370,94"
2026-09-26,sobota,0,278,6,"9,93","0,00","0,00"
2026-09-26,sobota,1,193,4,"6,62","0,00","0,00"
2026-09-26,sobota,2,98,3,"4,97","0,00","0,00"
2026-09-26,sobota,3,71,1,"1,66","0,00","0,00"
2026-09-26,sobota,4,69,2,"3,31","0,00","0,00"
2026-09-26,sobota,5,139,4,"6,62","0,00","0,00"
2026-09-26,sobota,6,361,5,"8,28","0,00","0,00"
2026-09-26,sobota,7,603,12,"19,86","0,00","0,00"
2026-09-26,sobota,8,865,14,"23,17","0,00","0,00"
2026-09-26,sobota,9,1 069,14,"23,17","1,00","339,14"
2026-09-26,sobota,10,1 045,20,"33,10","1,00","339,14"
2026-09-26,sobota,11,1 077,22,"36,41","0,00","0,00"
2026-09-26,sobota,12,1 157,22,"36,41","1,00","339,14"
2026-09-26,sobota,13,1 114,19,"31,45","0,00","0,00"
2026-09-26,sobota,14,1 061,20,"33,10","2,00","678,28"
2026-09-26,sobota,15,953,19,"31,45","0,00","0,00"
2026-09-26,sobota,16,1 073,13,"21,52","2,00","678,28"
2026-09-26,sobota,17,1 168,25,"41,38","0,00","0,00"
2026-09-26,sobota,18,1 278,29,"48,00","3,00","1 017,42"
2026-09-26,sobota,19,1 399,27,"44,69","0,00","0,00"
2026-09-26,sobota,20,1 491,29,"48,00","1,00","339,14"
2026-09-26,sobota,21,1 261,22,"36,41","1,00","339,14"
2026-09-26,sobota,22,943,18,"29,79","0,00","0,00"
2026-09-26,sobota,23,518,13,"21,52","0,00","0,00"
2026-09-27,niedziela,0,308,3,"4,43","0,00","0,00"
2026-09-27,niedziela,1,190,2,"2,95","0,00","0,00"
2026-09-27,niedziela,2,113,2,"2,95","0,00","0,00"
2026-09-27,niedziela,3,71,2,"2,95","0,00","0,00"
2026-09-27,niedziela,4,70,1,"1,48","0,00","0,00"
2026-09-27,niedziela,5,143,6,"8,86","0,00","0,00"
2026-09-27,niedziela,6,351,6,"8,86","0,00","0,00"
2026-09-27,niedziela,7,672,22,"32,47","1,00","334,46"
2026-09-27,niedziela,8,846,20,"29,52","0,00","0,00"
2026-09-27,niedziela,9,1 015,24,"35,43","0,00","0,00"
2026-09-27,niedziela,10,1 062,21,"31,00","2,00","668,92"
2026-09-27,niedziela,11,1 098,23,"33,95","2,00","668,92"
2026-09-27,niedziela,12,1 136,22,"32,47","0,00","0,00"
2026-09-27,niedziela,13,1 090,23,"33,95","1,00","334,46"
2026-09-27,niedziela,14,1 046,25,"36,90","1,00","334,46"
2026-09-27,niedziela,15,1 002,24,"35,43","0,00","0,00"
2026-09-27,niedziela,16,1 090,26,"38,38","0,00","0,00"
2026-09-27,niedziela,17,1 141,22,"32,47","0,00","0,00"
2026-09-27,niedziela,18,1 285,23,"33,95","1,00","334,46"
2026-09-27,niedziela,19,1 363,30,"44,28","1,00","334,46"
2026-09-27,niedziela,20,1 418,36,"53,14","3,00","1 003,38"
2026-09-27,niedziela,21,1 283,24,"35,43","0,00","0,00"
2026-09-27,niedziela,22,1 009,17,"25,09","3,00","1 003,38"
2026-09-27,niedziela,23,545,8,"11,81","0,00","0,00"
2026-09-28,poniedziałek,0,338,6,"10,35","0,00","0,00"
2026-09-28,poniedziałek,1,216,4,"6,90","0,00","0,00"
2026-09-28,poniedziałek,2,118,4,"6,90","0,00","0,00"
2026-09-28,poniedziałek,3,89,1,"1,72","0,00","0,00"
2026-09-28,poniedziałek,4,98,1,"1,72","0,00","0,00"
2026-09-28,poniedziałek,5,178,8,"13,80","0,00","0,00"
2026-09-28,poniedziałek,6,442,8,"13,80","0,00","0,00"
2026-09-28,poniedziałek,7,759,20,"34,49","0,00","0,00"
2026-09-28,poniedziałek,8,1 059,20,"34,49","0,00","0,00"
2026-09-28,poniedziałek,9,1 166,31,"53,46","1,00","391,95"
2026-09-28,poniedziałek,10,1 325,30,"51,74","0,00","0,00"
2026-09-28,poniedziałek,11,1 281,23,"39,67","0,00","0,00"
2026-09-28,poniedziałek,12,1 364,19,"32,77","3,00","1 175,86"
2026-09-28,poniedziałek,13,1 276,28,"48,29","0,00","0,00"
2026-09-28,poniedziałek,14,1 197,22,"37,94","1,00","391,95"
2026-09-28,poniedziałek,15,1 245,23,"39,67","0,00","0,00"
2026-09-28,poniedziałek,16,1 249,29,"50,01","3,00","1 175,86"
2026-09-28,poniedziałek,17,1 374,27,"46,56","2,00","783,91"
2026-09-28,poniedziałek,18,1 531,31,"53,46","4,00","1 567,82"
2026-09-28,poniedziałek,19,1 752,42,"72,43","2,00","783,91"
2026-09-28,poniedziałek,20,1 755,32,"55,19","3,00","1 175,86"
2026-09-28,poniedziałek,21,1 513,28,"48,29","0,00","0,00"
2026-09-28,poniedziałek,22,1 122,27,"46,56","1,00","391,95"
2026-09-28,poniedziałek,23,685,12,"20,70","1,00","391,95"
2026-09-29,wtorek,0,335,5,"7,89","0,00","0,00"
2026-09-29,wtorek,1,191,2,"3,16","0,00","0,00"
2026-09-29,wtorek,2,142,2,"3,16","0,00","0,00"
2026-09-29,wtorek,3,85,1,"1,58","0,00","0,00"
2026-09-29,wtorek,4,111,2,"3,16","0,00","0,00"
2026-09-29,wtorek,5,180,2,"3,16","0,00","0,00"
2026-09-29,wtorek,6,428,7,"11,04","0,00","0,00"
2026-09-29,wtorek,7,797,16,"25,24","0,00","0,00"
2026-09-29,wtorek,8,1 010,21,"33,13","0,00","0,00"
2026-09-29,wtorek,9,1 224,15,"23,66","1,00","375,11"
2026-09-29,wtorek,10,1 256,25,"39,44","1,00","375,11"
2026-09-29,wtorek,11,1 275,24,"37,86","0,00","0,00"
2026-09-29,wtorek,12,1 343,24,"37,86","0,00","0,00"
2026-09-29,wtorek,13,1 297,22,"34,71","0,00","0,00"
2026-09-29,wtorek,14,1 259,24,"37,86","1,00","375,11"
2026-09-29,wtorek,15,1 265,26,"41,02","0,00","0,00"
2026-09-29,wtorek,16,1 262,27,"42,60","1,00","375,11"
2026-09-29,wtorek,17,1 342,29,"45,75","1,00","375,11"
2026-09-29,wtorek,18,1 537,27,"42,60","2,00","750,22"
2026-09-29,wtorek,19,1 703,27,"42,60","2,00","750,22"
2026-09-29,wtorek,20,1 755,36,"56,79","0,00","0,00"
2026-09-29,wtorek,21,1 556,18,"28,40","0,00","0,00"
2026-09-29,wtorek,22,1 136,26,"41,02","0,00","0,00"
2026-09-29,wtorek,23,669,11,"17,35","1,00","375,11"
2026-09-30,środa,0,318,7,"10,85","0,00","0,00"
2026-09-30,środa,1,209,7,"10,85","0,00","0,00"
2026-09-30,środa,2,102,0,"0,00","0,00","0,00"
2026-09-30,środa,3,86,2,"3,10","0,00","0,00"
2026-09-30,środa,4,107,0,"0,00","0,00","0,00"
2026-09-30,środa,5,165,9,"13,95","0,00","0,00"
2026-09-30,środa,6,444,8,"12,40","0,00","0,00"
2026-09-30,środa,7,737,17,"26,35","0,00","0,00"
2026-09-30,środa,8,1 042,18,"27,90","2,00","786,29"
2026-09-30,środa,9,1 197,24,"37,20","0,00","0,00"
2026-09-30,środa,10,1 270,31,"48,05","1,00","393,15"
2026-09-30,środa,11,1 279,20,"31,00","0,00","0,00"
2026-09-30,środa,12,1 350,24,"37,20","0,00","0,00"
2026-09-30,środa,13,1 350,24,"37,20","0,00","0,00"
2026-09-30,środa,14,1 197,30,"46,50","0,00","0,00"
2026-09-30,środa,15,1 234,31,"48,05","0,00","0,00"
2026-09-30,środa,16,1 279,29,"44,95","0,00","0,00"
2026-09-30,środa,17,1 390,24,"37,20","0,00","0,00"
2026-09-30,środa,18,1 546,31,"48,05","3,00","1 179,44"
2026-09-30,środa,19,1 746,29,"44,95","3,00","1 179,44"
2026-09-30,środa,20,1 711,42,"65,10","1,00","393,15"
2026-09-30,środa,21,1 576,35,"54,25","3,00","1 179,44"
2026-09-30,środa,22,1 156,19,"29,45","0,00","0,00"
2026-09-30,środa,23,707,10,"15,50","0,00","0,00"
