Landing page,Day,Impr.,Clicks,Cost,Conversions,Mobile-friendly click rate,Mobile speed score
https://www.biegosfera.pl/,2026-08-02,546,46,85.92,2.00,98.65%,7
https://www.biegosfera.pl/buty-do-biegania,2026-08-02,"1,245",79,147.55,0.00,100.00%,6
https://www.biegosfera.pl/buty-trailowe,2026-08-02,665,38,70.98,3.00,98.90%,5
https://www.biegosfera.pl/buty-do-biegania/damskie,2026-08-02,431,32,59.77,2.00,100.00%,6
https://www.biegosfera.pl/blog/jak-wybrac-buty-do-biegania,2026-08-02,497,35,65.37,0.00,73.03%,3
https://www.biegosfera.pl/promocje,2026-08-02,297,18,33.62,1.00,100.00%,6
https://www.biegosfera.pl/,2026-08-03,694,26,52.17,1.00,100.00%,7
https://www.biegosfera.pl/buty-do-biegania,2026-08-03,"1,383",91,182.59,3.00,100.00%,6
https://www.biegosfera.pl/buty-trailowe,2026-08-03,775,47,94.31,1.00,98.42%,5
https://www.biegosfera.pl/buty-do-biegania/damskie,2026-08-03,523,30,60.20,4.00,100.00%,6
https://www.biegosfera.pl/blog/jak-wybrac-buty-do-biegania,2026-08-03,614,40,80.26,1.00,73.94%,3
https://www.biegosfera.pl/promocje,2026-08-03,370,30,60.20,2.00,99.35%,6
https://www.biegosfera.pl/,2026-08-04,621,47,82.79,1.00,100.00%,7
https://www.biegosfera.pl/buty-do-biegania,2026-08-04,"1,422",94,165.58,6.00,100.00%,6
https://www.biegosfera.pl/buty-trailowe,2026-08-04,786,36,63.41,3.00,97.49%,5
https://www.biegosfera.pl/buty-do-biegania/damskie,2026-08-04,518,38,66.93,0.00,99.40%,6
https://www.biegosfera.pl/blog/jak-wybrac-buty-do-biegania,2026-08-04,579,47,82.79,0.00,73.27%,3
https://www.biegosfera.pl/promocje,2026-08-04,358,23,40.51,0.00,99.11%,6
https://www.biegosfera.pl/,2026-08-05,654,32,61.06,0.00,100.00%,7
https://www.biegosfera.pl/buty-do-biegania,2026-08-05,"1,480",94,179.36,4.00,99.27%,6
https://www.biegosfera.pl/buty-trailowe,2026-08-05,765,63,120.21,4.00,96.95%,5
https://www.biegosfera.pl/buty-do-biegania/damskie,2026-08-05,514,28,53.43,0.00,100.00%,6
https://www.biegosfera.pl/blog/jak-wybrac-buty-do-biegania,2026-08-05,610,33,62.97,0.00,70.85%,3
https://www.biegosfera.pl/promocje,2026-08-05,346,24,45.79,0.00,99.86%,6
https://www.biegosfera.pl/,2026-08-06,662,44,82.88,5.00,100.00%,7
https://www.biegosfera.pl/buty-do-biegania,2026-08-06,"1,381",100,188.37,3.00,100.00%,6
https://www.biegosfera.pl/buty-trailowe,2026-08-06,759,44,82.88,3.00,98.45%,5
https://www.biegosfera.pl/buty-do-biegania/damskie,2026-08-06,525,34,64.05,1.00,100.00%,6
https://www.biegosfera.pl/blog/jak-wybrac-buty-do-biegania,2026-08-06,628,35,65.93,0.00,70.64%,3
https://www.biegosfera.pl/promocje,2026-08-06,353,13,24.49,3.00,98.23%,6
https://www.biegosfera.pl/,2026-08-07,713,37,70.19,2.00,99.03%,7
https://www.biegosfera.pl/buty-do-biegania,2026-08-07,"1,517",90,170.74,5.00,100.00%,6
https://www.biegosfera.pl/buty-trailowe,2026-08-07,778,50,94.86,5.00,97.91%,5
https://www.biegosfera.pl/buty-do-biegania/damskie,2026-08-07,528,28,53.12,1.00,99.41%,6
https://www.biegosfera.pl/blog/jak-wybrac-buty-do-biegania,2026-08-07,624,37,70.19,0.00,70.20%,3
https://www.biegosfera.pl/promocje,2026-08-07,344,21,39.84,2.00,98.54%,6
https://www.biegosfera.pl/,2026-08-08,503,35,63.86,2.00,99.75%,7
https://www.biegosfera.pl/buty-do-biegania,2026-08-08,"1,260",90,164.21,6.00,100.00%,6
https://www.biegosfera.pl/buty-trailowe,2026-08-08,661,45,82.11,3.00,98.77%,5
https://www.biegosfera.pl/buty-do-biegania/damskie,2026-08-08,459,30,54.74,0.00,99.60%,6
https://www.biegosfera.pl/blog/jak-wybrac-buty-do-biegania,2026-08-08,554,17,31.02,0.00,73.55%,3
https://www.biegosfera.pl/promocje,2026-08-08,330,14,25.54,1.00,98.44%,6
https://www.biegosfera.pl/,2026-08-09,567,39,71.03,1.00,100.00%,7
https://www.biegosfera.pl/buty-do-biegania,2026-08-09,"1,265",73,132.96,1.00,98.65%,6
https://www.biegosfera.pl/buty-trailowe,2026-08-09,668,56,102.00,4.00,99.99%,5
https://www.biegosfera.pl/buty-do-biegania/damskie,2026-08-09,444,37,67.39,2.00,100.00%,6
https://www.biegosfera.pl/blog/jak-wybrac-buty-do-biegania,2026-08-09,509,30,54.64,1.00,70.32%,3
https://www.biegosfera.pl/promocje,2026-08-09,322,18,32.78,0.00,99.04%,6
https://www.biegosfera.pl/,2026-08-10,634,38,68.75,1.00,98.20%,7
https://www.biegosfera.pl/buty-do-biegania,2026-08-10,"1,404",85,153.78,7.00,99.27%,6
https://www.biegosfera.pl/buty-trailowe,2026-08-10,761,59,106.74,1.00,98.35%,5
https://www.biegosfera.pl/buty-do-biegania/damskie,2026-08-10,521,33,59.70,1.00,100.00%,6
https://www.biegosfera.pl/blog/jak-wybrac-buty-do-biegania,2026-08-10,623,40,72.37,0.00,70.26%,3
https://www.biegosfera.pl/promocje,2026-08-10,351,29,52.47,1.00,99.04%,6
https://www.biegosfera.pl/,2026-08-11,661,36,68.07,1.00,98.45%,7
https://www.biegosfera.pl/buty-do-biegania,2026-08-11,"1,526",96,181.51,5.00,100.00%,6
https://www.biegosfera.pl/buty-trailowe,2026-08-11,784,31,58.61,3.00,99.01%,5
https://www.biegosfera.pl/buty-do-biegania/damskie,2026-08-11,553,32,60.50,3.00,98.06%,6
https://www.biegosfera.pl/blog/jak-wybrac-buty-do-biegania,2026-08-11,646,54,102.10,2.00,73.83%,3
https://www.biegosfera.pl/promocje,2026-08-11,391,17,32.14,3.00,97.41%,6
https://www.biegosfera.pl/,2026-08-12,694,45,82.07,4.00,98.83%,7
https://www.biegosfera.pl/buty-do-biegania,2026-08-12,"1,482",108,196.97,3.00,99.46%,6
https://www.biegosfera.pl/buty-trailowe,2026-08-12,801,56,102.13,4.00,99.12%,5
https://www.biegosfera.pl/buty-do-biegania/damskie,2026-08-12,580,31,56.54,2.00,100.00%,6
https://www.biegosfera.pl/blog/jak-wybrac-buty-do-biegania,2026-08-12,652,33,60.19,0.00,72.16%,3
https://www.biegosfera.pl/promocje,2026-08-12,360,27,49.24,1.00,98.62%,6
https://www.biegosfera.pl/,2026-08-13,670,42,76.04,1.00,98.64%,7
https://www.biegosfera.pl/buty-do-biegania,2026-08-13,"1,443",94,170.19,6.00,98.47%,6
https://www.biegosfera.pl/buty-trailowe,2026-08-13,830,57,103.20,2.00,99.44%,5
https://www.biegosfera.pl/buty-do-biegania/damskie,2026-08-13,526,26,47.07,0.00,100.00%,6
https://www.biegosfera.pl/blog/jak-wybrac-buty-do-biegania,2026-08-13,618,38,68.80,1.00,71.39%,3
https://www.biegosfera.pl/promocje,2026-08-13,360,28,50.69,2.00,98.46%,6
https://www.biegosfera.pl/,2026-08-14,690,32,59.89,3.00,100.00%,7
https://www.biegosfera.pl/buty-do-biegania,2026-08-14,"1,525",88,164.69,5.00,100.00%,6
https://www.biegosfera.pl/buty-trailowe,2026-08-14,783,50,93.58,0.00,98.52%,5
https://www.biegosfera.pl/buty-do-biegania/damskie,2026-08-14,533,27,50.53,5.00,100.00%,6
https://www.biegosfera.pl/blog/jak-wybrac-buty-do-biegania,2026-08-14,661,17,31.82,0.00,72.19%,3
https://www.biegosfera.pl/promocje,2026-08-14,338,25,46.79,1.00,98.41%,6
https://www.biegosfera.pl/,2026-08-15,571,28,52.91,0.00,100.00%,7
https://www.biegosfera.pl/buty-do-biegania,2026-08-15,"1,276",72,136.05,7.00,100.00%,6
https://www.biegosfera.pl/buty-trailowe,2026-08-15,710,35,66.14,1.00,98.40%,5
https://www.biegosfera.pl/buty-do-biegania/damskie,2026-08-15,475,27,51.02,0.00,98.58%,6
https://www.biegosfera.pl/blog/jak-wybrac-buty-do-biegania,2026-08-15,561,23,43.46,0.00,70.72%,3
https://www.biegosfera.pl/promocje,2026-08-15,304,14,26.45,0.00,99.66%,6
https://www.biegosfera.pl/,2026-08-16,607,30,57.94,1.00,99.80%,7
https://www.biegosfera.pl/buty-do-biegania,2026-08-16,"1,258",61,117.81,3.00,98.23%,6
https://www.biegosfera.pl/buty-trailowe,2026-08-16,704,45,86.91,3.00,98.39%,5
https://www.biegosfera.pl/buty-do-biegania/damskie,2026-08-16,469,31,59.87,2.00,98.24%,6
https://www.biegosfera.pl/blog/jak-wybrac-buty-do-biegania,2026-08-16,555,32,61.80,0.00,71.37%,3
https://www.biegosfera.pl/promocje,2026-08-16,287,17,32.83,0.00,100.00%,6
https://www.biegosfera.pl/,2026-08-17,720,48,81.05,3.00,99.50%,7
https://www.biegosfera.pl/buty-do-biegania,2026-08-17,"1,566",95,160.40,4.00,100.00%,6
https://www.biegosfera.pl/buty-trailowe,2026-08-17,796,47,79.36,2.00,99.48%,5
https://www.biegosfera.pl/buty-do-biegania/damskie,2026-08-17,536,36,60.78,2.00,100.00%,6
https://www.biegosfera.pl/blog/jak-wybrac-buty-do-biegania,2026-08-17,673,38,64.16,1.00,71.46%,3
https://www.biegosfera.pl/promocje,2026-08-17,372,25,42.21,0.00,100.00%,6
https://www.biegosfera.pl/,2026-08-18,649,43,76.62,7.00,99.14%,7
https://www.biegosfera.pl/buty-do-biegania,2026-08-18,"1,488",94,167.49,3.00,99.57%,6
https://www.biegosfera.pl/buty-trailowe,2026-08-18,801,53,94.43,3.00,99.53%,5
https://www.biegosfera.pl/buty-do-biegania/damskie,2026-08-18,584,37,65.93,1.00,100.00%,6
https://www.biegosfera.pl/blog/jak-wybrac-buty-do-biegania,2026-08-18,664,44,78.40,0.00,72.62%,3
https://www.biegosfera.pl/promocje,2026-08-18,346,17,30.29,1.00,98.38%,6
https://www.biegosfera.pl/,2026-08-19,692,34,60.85,2.00,99.26%,7
https://www.biegosfera.pl/buty-do-biegania,2026-08-19,"1,518",92,164.66,3.00,100.00%,6
https://www.biegosfera.pl/buty-trailowe,2026-08-19,835,56,100.23,3.00,97.06%,5
https://www.biegosfera.pl/buty-do-biegania/damskie,2026-08-19,563,38,68.01,2.00,100.00%,6
https://www.biegosfera.pl/blog/jak-wybrac-buty-do-biegania,2026-08-19,605,33,59.06,0.00,70.72%,3
https://www.biegosfera.pl/promocje,2026-08-19,379,25,44.75,1.00,97.28%,6
https://www.biegosfera.pl/,2026-08-20,716,45,80.76,0.00,100.00%,7
https://www.biegosfera.pl/buty-do-biegania,2026-08-20,"1,499",98,175.87,4.00,99.05%,6
https://www.biegosfera.pl/buty-trailowe,2026-08-20,799,59,105.88,2.00,96.67%,5
https://www.biegosfera.pl/buty-do-biegania/damskie,2026-08-20,549,31,55.63,2.00,98.22%,6
https://www.biegosfera.pl/blog/jak-wybrac-buty-do-biegania,2026-08-20,654,34,61.02,0.00,71.92%,3
https://www.biegosfera.pl/promocje,2026-08-20,392,18,32.30,2.00,97.50%,6
https://www.biegosfera.pl/,2026-08-21,669,41,76.02,3.00,98.55%,7
https://www.biegosfera.pl/buty-do-biegania,2026-08-21,"1,484",87,161.30,7.00,99.19%,6
https://www.biegosfera.pl/buty-trailowe,2026-08-21,772,40,74.16,0.00,99.39%,5
https://www.biegosfera.pl/buty-do-biegania/damskie,2026-08-21,538,29,53.77,2.00,100.00%,6
https://www.biegosfera.pl/blog/jak-wybrac-buty-do-biegania,2026-08-21,634,53,98.27,0.00,72.75%,3
https://www.biegosfera.pl/promocje,2026-08-21,362,30,55.62,1.00,100.00%,6
https://www.biegosfera.pl/,2026-08-22,608,33,59.91,3.00,98.56%,7
https://www.biegosfera.pl/buty-do-biegania,2026-08-22,"1,340",84,152.49,6.00,100.00%,6
https://www.biegosfera.pl/buty-trailowe,2026-08-22,731,37,67.17,1.00,98.27%,5
https://www.biegosfera.pl/buty-do-biegania/damskie,2026-08-22,434,29,52.65,0.00,100.00%,6
https://www.biegosfera.pl/blog/jak-wybrac-buty-do-biegania,2026-08-22,565,42,76.25,0.00,72.21%,3
https://www.biegosfera.pl/promocje,2026-08-22,345,17,30.86,1.00,100.00%,6
https://www.biegosfera.pl/,2026-08-23,596,33,63.46,3.00,99.91%,7
https://www.biegosfera.pl/buty-do-biegania,2026-08-23,"1,300",82,157.69,1.00,100.00%,6
https://www.biegosfera.pl/buty-trailowe,2026-08-23,694,41,78.84,0.00,96.17%,5
https://www.biegosfera.pl/buty-do-biegania/damskie,2026-08-23,456,23,44.23,2.00,100.00%,6
https://www.biegosfera.pl/blog/jak-wybrac-buty-do-biegania,2026-08-23,544,30,57.69,2.00,72.85%,3
https://www.biegosfera.pl/promocje,2026-08-23,325,15,28.85,0.00,100.00%,6
https://www.biegosfera.pl/,2026-08-24,703,34,63.79,2.00,99.48%,7
https://www.biegosfera.pl/buty-do-biegania,2026-08-24,"1,516",119,223.26,6.00,100.00%,6
https://www.biegosfera.pl/buty-trailowe,2026-08-24,869,47,88.18,2.00,98.43%,5
https://www.biegosfera.pl/buty-do-biegania/damskie,2026-08-24,556,29,54.41,2.00,99.75%,6
https://www.biegosfera.pl/blog/jak-wybrac-buty-do-biegania,2026-08-24,632,32,60.04,0.00,70.21%,3
https://www.biegosfera.pl/promocje,2026-08-24,366,17,31.89,0.00,99.80%,6
https://www.biegosfera.pl/,2026-08-25,687,40,73.09,4.00,100.00%,7
https://www.biegosfera.pl/buty-do-biegania,2026-08-25,"1,533",103,188.22,8.00,98.41%,6
https://www.biegosfera.pl/buty-trailowe,2026-08-25,818,59,107.81,5.00,96.09%,5
https://www.biegosfera.pl/buty-do-biegania/damskie,2026-08-25,556,40,73.09,4.00,98.46%,6
https://www.biegosfera.pl/blog/jak-wybrac-buty-do-biegania,2026-08-25,679,39,71.27,0.00,71.01%,3
https://www.biegosfera.pl/promocje,2026-08-25,398,27,49.34,0.00,99.16%,6
https://www.biegosfera.pl/,2026-08-26,659,49,85.65,2.00,100.00%,7
https://www.biegosfera.pl/buty-do-biegania,2026-08-26,"1,531",105,183.53,10.00,99.60%,6
https://www.biegosfera.pl/buty-trailowe,2026-08-26,892,59,103.13,0.00,97.62%,5
https://www.biegosfera.pl/buty-do-biegania/damskie,2026-08-26,539,21,36.71,3.00,100.00%,6
https://www.biegosfera.pl/blog/jak-wybrac-buty-do-biegania,2026-08-26,642,42,73.41,0.00,71.25%,3
https://www.biegosfera.pl/promocje,2026-08-26,404,20,34.96,0.00,98.20%,6
https://www.biegosfera.pl/,2026-08-27,694,42,74.68,1.00,98.41%,7
https://www.biegosfera.pl/buty-do-biegania,2026-08-27,"1,546",95,168.93,7.00,98.37%,6
https://www.biegosfera.pl/buty-trailowe,2026-08-27,908,51,90.69,1.00,99.91%,5
https://www.biegosfera.pl/buty-do-biegania/damskie,2026-08-27,571,28,49.79,1.00,98.49%,6
https://www.biegosfera.pl/blog/jak-wybrac-buty-do-biegania,2026-08-27,649,37,65.79,1.00,71.79%,3
https://www.biegosfera.pl/promocje,2026-08-27,361,24,42.68,0.00,100.00%,6
https://www.biegosfera.pl/,2026-08-28,696,44,87.20,3.00,99.06%,7
https://www.biegosfera.pl/buty-do-biegania,2026-08-28,"1,553",92,182.33,4.00,100.00%,6
https://www.biegosfera.pl/buty-trailowe,2026-08-28,860,51,101.07,3.00,96.74%,5
https://www.biegosfera.pl/buty-do-biegania/damskie,2026-08-28,619,38,75.31,3.00,99.10%,6
https://www.biegosfera.pl/blog/jak-wybrac-buty-do-biegania,2026-08-28,702,33,65.40,0.00,72.06%,3
https://www.biegosfera.pl/promocje,2026-08-28,377,24,47.56,1.00,98.66%,6
https://www.biegosfera.pl/,2026-08-29,620,38,64.51,1.00,100.00%,7
https://www.biegosfera.pl/buty-do-biegania,2026-08-29,"1,375",102,173.16,4.00,98.92%,6
https://www.biegosfera.pl/buty-trailowe,2026-08-29,756,45,76.40,2.00,96.87%,5
https://www.biegosfera.pl/buty-do-biegania/damskie,2026-08-29,477,34,57.72,2.00,100.00%,6
https://www.biegosfera.pl/blog/jak-wybrac-buty-do-biegania,2026-08-29,603,32,54.33,1.00,73.39%,3
https://www.biegosfera.pl/promocje,2026-08-29,378,21,35.65,0.00,100.00%,6
https://www.biegosfera.pl/,2026-08-30,628,41,78.70,4.00,98.89%,7
https://www.biegosfera.pl/buty-do-biegania,2026-08-30,"1,321",91,174.67,8.00,100.00%,6
https://www.biegosfera.pl/buty-trailowe,2026-08-30,738,41,78.70,2.00,98.33%,5
https://www.biegosfera.pl/buty-do-biegania/damskie,2026-08-30,473,31,59.50,1.00,99.61%,6
https://www.biegosfera.pl/blog/jak-wybrac-buty-do-biegania,2026-08-30,570,34,65.26,0.00,70.24%,3
https://www.biegosfera.pl/promocje,2026-08-30,333,27,51.83,1.00,97.72%,6
https://www.biegosfera.pl/,2026-08-31,745,37,66.76,0.00,100.00%,7
https://www.biegosfera.pl/buty-do-biegania,2026-08-31,"1,538",100,180.44,6.00,98.80%,6
https://www.biegosfera.pl/buty-trailowe,2026-08-31,879,52,93.83,4.00,99.70%,5
https://www.biegosfera.pl/buty-do-biegania/damskie,2026-08-31,546,25,45.11,2.00,98.99%,6
https://www.biegosfera.pl/blog/jak-wybrac-buty-do-biegania,2026-08-31,724,35,63.15,1.00,72.20%,3
https://www.biegosfera.pl/promocje,2026-08-31,381,25,45.11,0.00,99.30%,6
https://www.biegosfera.pl/,2026-09-01,771,59,107.17,3.00,98.96%,7
https://www.biegosfera.pl/buty-do-biegania,2026-09-01,"1,617",90,163.49,4.00,99.53%,6
https://www.biegosfera.pl/buty-trailowe,2026-09-01,888,55,99.91,3.00,99.72%,5
https://www.biegosfera.pl/buty-do-biegania/damskie,2026-09-01,584,34,61.76,1.00,99.94%,6
https://www.biegosfera.pl/blog/jak-wybrac-buty-do-biegania,2026-09-01,730,34,61.76,1.00,72.95%,3
https://www.biegosfera.pl/promocje,2026-09-01,443,26,47.23,4.00,98.30%,6
https://www.biegosfera.pl/,2026-09-02,779,44,83.46,3.00,100.00%,7
https://www.biegosfera.pl/buty-do-biegania,2026-09-02,"1,709",102,193.47,3.00,99.14%,6
https://www.biegosfera.pl/buty-trailowe,2026-09-02,979,41,77.77,0.00,98.58%,5
https://www.biegosfera.pl/buty-do-biegania/damskie,2026-09-02,638,36,68.28,2.00,98.77%,6
https://www.biegosfera.pl/blog/jak-wybrac-buty-do-biegania,2026-09-02,744,64,121.39,0.00,72.59%,3
https://www.biegosfera.pl/promocje,2026-09-02,370,24,45.52,1.00,99.41%,6
https://www.biegosfera.pl/,2026-09-03,830,39,67.95,2.00,100.00%,7
https://www.biegosfera.pl/buty-do-biegania,2026-09-03,"1,690",106,184.67,2.00,98.96%,6
https://www.biegosfera.pl/buty-trailowe,2026-09-03,947,48,83.62,0.00,99.43%,5
https://www.biegosfera.pl/buty-do-biegania/damskie,2026-09-03,605,43,74.91,2.00,100.00%,6
https://www.biegosfera.pl/blog/jak-wybrac-buty-do-biegania,2026-09-03,722,63,109.76,0.00,70.92%,3
https://www.biegosfera.pl/promocje,2026-09-03,413,17,29.62,3.00,99.34%,6
https://www.biegosfera.pl/,2026-09-04,730,48,88.62,1.00,98.52%,7
https://www.biegosfera.pl/buty-do-biegania,2026-09-04,"1,716",99,182.78,5.00,100.00%,6
https://www.biegosfera.pl/buty-trailowe,2026-09-04,962,56,103.39,4.00,97.65%,5
https://www.biegosfera.pl/buty-do-biegania/damskie,2026-09-04,650,39,72.00,1.00,99.50%,6
https://www.biegosfera.pl/blog/jak-wybrac-buty-do-biegania,2026-09-04,718,38,70.16,0.00,72.87%,3
https://www.biegosfera.pl/promocje,2026-09-04,404,23,42.46,2.00,100.00%,6
https://www.biegosfera.pl/,2026-09-05,680,25,47.32,0.00,100.00%,7
https://www.biegosfera.pl/buty-do-biegania,2026-09-05,"1,461",95,179.82,7.00,100.00%,6
https://www.biegosfera.pl/buty-trailowe,2026-09-05,755,49,92.75,1.00,99.25%,5
https://www.biegosfera.pl/buty-do-biegania/damskie,2026-09-05,520,27,51.11,0.00,100.00%,6
https://www.biegosfera.pl/blog/jak-wybrac-buty-do-biegania,2026-09-05,610,60,113.57,1.00,73.61%,3
https://www.biegosfera.pl/promocje,2026-09-05,339,20,37.86,2.00,97.05%,6
https://www.biegosfera.pl/,2026-09-06,596,43,76.81,2.00,100.00%,7
https://www.biegosfera.pl/buty-do-biegania,2026-09-06,"1,428",88,157.19,2.00,100.00%,6
https://www.biegosfera.pl/buty-trailowe,2026-09-06,835,56,100.03,0.00,96.26%,5
https://www.biegosfera.pl/buty-do-biegania/damskie,2026-09-06,543,26,46.44,0.00,99.39%,6
https://www.biegosfera.pl/blog/jak-wybrac-buty-do-biegania,2026-09-06,647,35,62.52,1.00,70.27%,3
https://www.biegosfera.pl/promocje,2026-09-06,351,27,48.23,1.00,99.25%,6
https://www.biegosfera.pl/,2026-09-07,767,36,64.18,1.00,100.00%,7
https://www.biegosfera.pl/buty-do-biegania,2026-09-07,"1,695",99,176.49,4.00,100.00%,6
https://www.biegosfera.pl/buty-trailowe,2026-09-07,884,40,71.31,3.00,99.48%,5
https://www.biegosfera.pl/buty-do-biegania/damskie,2026-09-07,609,37,65.96,1.00,99.80%,6
https://www.biegosfera.pl/blog/jak-wybrac-buty-do-biegania,2026-09-07,743,41,73.09,0.00,73.26%,3
https://www.biegosfera.pl/promocje,2026-09-07,384,23,41.00,1.00,97.63%,6
https://www.biegosfera.pl/,2026-09-08,747,55,99.56,2.00,98.31%,7
https://www.biegosfera.pl/buty-do-biegania,2026-09-08,"1,674",100,181.02,2.00,100.00%,6
https://www.biegosfera.pl/buty-trailowe,2026-09-08,994,57,103.18,2.00,98.85%,5
https://www.biegosfera.pl/buty-do-biegania/damskie,2026-09-08,597,33,59.74,2.00,100.00%,6
https://www.biegosfera.pl/blog/jak-wybrac-buty-do-biegania,2026-09-08,772,47,85.08,1.00,72.94%,3
https://www.biegosfera.pl/promocje,2026-09-08,417,29,52.50,0.00,99.99%,6
https://www.biegosfera.pl/,2026-09-09,755,46,84.05,2.00,99.32%,7
https://www.biegosfera.pl/buty-do-biegania,2026-09-09,"1,668",115,210.13,6.00,98.09%,6
https://www.biegosfera.pl/buty-trailowe,2026-09-09,886,55,100.50,2.00,98.72%,5
https://www.biegosfera.pl/buty-do-biegania/damskie,2026-09-09,590,39,71.26,3.00,99.80%,6
https://www.biegosfera.pl/blog/jak-wybrac-buty-do-biegania,2026-09-09,743,43,78.57,1.00,73.45%,3
https://www.biegosfera.pl/promocje,2026-09-09,425,26,47.51,1.00,97.09%,6
https://www.biegosfera.pl/,2026-09-10,753,44,81.45,1.00,100.00%,7
https://www.biegosfera.pl/buty-do-biegania,2026-09-10,"1,715",98,181.41,1.00,99.35%,6
https://www.biegosfera.pl/buty-trailowe,2026-09-10,926,52,96.26,2.00,96.86%,5
https://www.biegosfera.pl/buty-do-biegania/damskie,2026-09-10,622,33,61.09,1.00,98.28%,6
https://www.biegosfera.pl/blog/jak-wybrac-buty-do-biegania,2026-09-10,766,42,77.75,0.00,73.67%,3
https://www.biegosfera.pl/promocje,2026-09-10,435,31,57.39,1.00,97.14%,6
https://www.biegosfera.pl/,2026-09-11,778,48,84.23,2.00,99.73%,7
https://www.biegosfera.pl/buty-do-biegania,2026-09-11,"1,704",98,171.97,4.00,100.00%,6
https://www.biegosfera.pl/buty-trailowe,2026-09-11,899,48,84.23,3.00,98.07%,5
https://www.biegosfera.pl/buty-do-biegania/damskie,2026-09-11,600,33,57.91,1.00,100.00%,6
https://www.biegosfera.pl/blog/jak-wybrac-buty-do-biegania,2026-09-11,690,46,80.72,1.00,72.46%,3
https://www.biegosfera.pl/promocje,2026-09-11,367,32,56.15,1.00,99.57%,6
https://www.biegosfera.pl/,2026-09-12,636,46,79.78,3.00,98.45%,7
https://www.biegosfera.pl/buty-do-biegania,2026-09-12,"1,487",87,150.89,6.00,98.55%,6
https://www.biegosfera.pl/buty-trailowe,2026-09-12,785,45,78.04,2.00,98.94%,5
https://www.biegosfera.pl/buty-do-biegania/damskie,2026-09-12,559,26,45.09,1.00,98.76%,6
https://www.biegosfera.pl/blog/jak-wybrac-buty-do-biegania,2026-09-12,639,35,60.70,0.00,71.89%,3
https://www.biegosfera.pl/promocje,2026-09-12,351,18,31.22,2.00,97.98%,6
https://www.biegosfera.pl/,2026-09-13,672,37,67.33,2.00,100.00%,7
https://www.biegosfera.pl/buty-do-biegania,2026-09-13,"1,540",105,191.07,4.00,99.15%,6
https://www.biegosfera.pl/buty-trailowe,2026-09-13,813,65,118.28,1.00,97.26%,5
https://www.biegosfera.pl/buty-do-biegania/damskie,2026-09-13,541,37,67.33,2.00,100.00%,6
https://www.biegosfera.pl/blog/jak-wybrac-buty-do-biegania,2026-09-13,658,35,63.69,0.00,73.21%,3
https://www.biegosfera.pl/promocje,2026-09-13,380,24,43.67,1.00,97.69%,6
https://www.biegosfera.pl/,2026-09-14,773,45,83.21,1.00,100.00%,7
https://www.biegosfera.pl/buty-do-biegania,2026-09-14,"1,796",106,196.02,4.00,98.62%,6
https://www.biegosfera.pl/buty-trailowe,2026-09-14,928,54,99.86,1.00,98.32%,5
https://www.biegosfera.pl/buty-do-biegania/damskie,2026-09-14,640,35,64.72,3.00,98.21%,6
https://www.biegosfera.pl/blog/jak-wybrac-buty-do-biegania,2026-09-14,741,47,86.91,0.00,71.05%,3
https://www.biegosfera.pl/promocje,2026-09-14,418,26,48.08,0.00,100.00%,6
https://www.biegosfera.pl/,2026-09-15,772,61,110.01,3.00,99.69%,7
https://www.biegosfera.pl/buty-do-biegania,2026-09-15,"1,681",107,192.98,5.00,100.00%,6
https://www.biegosfera.pl/buty-trailowe,2026-09-15,941,65,117.23,1.00,96.62%,5
https://www.biegosfera.pl/buty-do-biegania/damskie,2026-09-15,643,30,54.11,2.00,100.00%,6
https://www.biegosfera.pl/blog/jak-wybrac-buty-do-biegania,2026-09-15,767,39,70.34,0.00,71.49%,3
https://www.biegosfera.pl/promocje,2026-09-15,441,39,70.34,2.00,100.00%,6
https://www.biegosfera.pl/,2026-09-16,767,49,87.83,4.00,98.60%,7
https://www.biegosfera.pl/buty-do-biegania,2026-09-16,"1,728",83,148.77,3.00,100.00%,6
https://www.biegosfera.pl/buty-trailowe,2026-09-16,940,61,109.34,1.00,97.66%,5
https://www.biegosfera.pl/buty-do-biegania/damskie,2026-09-16,634,40,71.70,5.00,99.55%,6
https://www.biegosfera.pl/blog/jak-wybrac-buty-do-biegania,2026-09-16,792,52,93.20,1.00,72.64%,3
https://www.biegosfera.pl/promocje,2026-09-16,413,19,34.06,3.00,97.66%,6
https://www.biegosfera.pl/,2026-09-17,788,36,64.29,0.00,100.00%,7
https://www.biegosfera.pl/buty-do-biegania,2026-09-17,"1,751",108,192.86,4.00,98.20%,6
https://www.biegosfera.pl/buty-trailowe,2026-09-17,985,51,91.07,0.00,99.92%,5
https://www.biegosfera.pl/buty-do-biegania/damskie,2026-09-17,662,34,60.72,0.00,100.00%,6
https://www.biegosfera.pl/blog/jak-wybrac-buty-do-biegania,2026-09-17,733,50,89.29,0.00,73.34%,3
https://www.biegosfera.pl/promocje,2026-09-17,423,29,51.79,1.00,98.52%,6
https://www.biegosfera.pl/,2026-09-18,813,53,93.03,3.00,99.06%,7
https://www.biegosfera.pl/buty-do-biegania,2026-09-18,"1,734",107,187.82,6.00,98.79%,6
https://www.biegosfera.pl/buty-trailowe,2026-09-18,993,56,98.30,2.00,99.34%,5
https://www.biegosfera.pl/buty-do-biegania/damskie,2026-09-18,671,38,66.70,1.00,100.00%,6
https://www.biegosfera.pl/blog/jak-wybrac-buty-do-biegania,2026-09-18,751,39,68.46,0.00,72.30%,3
https://www.biegosfera.pl/promocje,2026-09-18,435,26,45.64,1.00,100.00%,6
https://www.biegosfera.pl/,2026-09-19,662,48,81.52,1.00,99.81%,7
https://www.biegosfera.pl/buty-do-biegania,2026-09-19,"1,537",78,132.47,3.00,100.00%,6
https://www.biegosfera.pl/buty-trailowe,2026-09-19,760,56,95.11,0.00,97.02%,5
https://www.biegosfera.pl/buty-do-biegania/damskie,2026-09-19,570,27,45.86,2.00,99.12%,6
https://www.biegosfera.pl/blog/jak-wybrac-buty-do-biegania,2026-09-19,646,27,45.86,0.00,71.12%,3
https://www.biegosfera.pl/promocje,2026-09-19,396,23,39.06,0.00,98.17%,6
https://www.biegosfera.pl/,2026-09-20,646,47,88.96,2.00,100.00%,7
https://www.biegosfera.pl/buty-do-biegania,2026-09-20,"1,517",102,193.06,4.00,100.00%,6
https://www.biegosfera.pl/buty-trailowe,2026-09-20,812,58,109.78,3.00,98.26%,5
https://www.biegosfera.pl/buty-do-biegania/damskie,2026-09-20,572,29,54.89,2.00,100.00%,6
https://www.biegosfera.pl/blog/jak-wybrac-buty-do-biegania,2026-09-20,615,41,77.60,0.00,72.59%,3
https://www.biegosfera.pl/promocje,2026-09-20,363,19,35.96,1.00,98.42%,6
https://www.biegosfera.pl/,2026-09-21,853,40,74.64,0.00,100.00%,7
https://www.biegosfera.pl/buty-do-biegania,2026-09-21,"1,857",116,216.46,3.00,98.52%,6
https://www.biegosfera.pl/buty-trailowe,2026-09-21,953,58,108.23,4.00,99.80%,5
https://www.biegosfera.pl/buty-do-biegania/damskie,2026-09-21,642,44,82.10,0.00,100.00%,6
https://www.biegosfera.pl/blog/jak-wybrac-buty-do-biegania,2026-09-21,705,44,82.10,0.00,72.62%,3
https://www.biegosfera.pl/promocje,2026-09-21,432,27,50.38,0.00,97.07%,6
https://www.biegosfera.pl/,2026-09-22,826,67,113.78,2.00,99.48%,7
https://www.biegosfera.pl/buty-do-biegania,2026-09-22,"1,766",105,178.31,3.00,100.00%,6
https://www.biegosfera.pl/buty-trailowe,2026-09-22,972,69,117.18,4.00,97.55%,5
https://www.biegosfera.pl/buty-do-biegania/damskie,2026-09-22,638,42,71.32,3.00,99.07%,6
https://www.biegosfera.pl/blog/jak-wybrac-buty-do-biegania,2026-09-22,775,69,117.18,2.00,70.24%,3
https://www.biegosfera.pl/promocje,2026-09-22,463,22,37.36,0.00,99.38%,6
https://www.biegosfera.pl/,2026-09-23,781,43,75.04,1.00,99.05%,7
https://www.biegosfera.pl/buty-do-biegania,2026-09-23,"1,806",115,200.70,6.00,100.00%,6
https://www.biegosfera.pl/buty-trailowe,2026-09-23,983,61,106.46,1.00,99.04%,5
https://www.biegosfera.pl/buty-do-biegania/damskie,2026-09-23,644,35,61.08,1.00,98.45%,6
https://www.biegosfera.pl/blog/jak-wybrac-buty-do-biegania,2026-09-23,760,47,82.03,0.00,73.59%,3
https://www.biegosfera.pl/promocje,2026-09-23,414,28,48.87,3.00,100.00%,6
https://www.biegosfera.pl/,2026-09-24,786,53,94.24,1.00,99.59%,7
https://www.biegosfera.pl/buty-do-biegania,2026-09-24,"1,794",111,197.37,4.00,98.89%,6
https://www.biegosfera.pl/buty-trailowe,2026-09-24,919,73,129.80,5.00,99.52%,5
https://www.biegosfera.pl/buty-do-biegania/damskie,2026-09-24,655,43,76.46,0.00,99.82%,6
https://www.biegosfera.pl/blog/jak-wybrac-buty-do-biegania,2026-09-24,778,44,78.24,1.00,70.06%,3
https://www.biegosfera.pl/promocje,2026-09-24,438,30,53.34,0.00,99.81%,6
https://www.biegosfera.pl/,2026-09-25,820,54,100.52,1.00,98.82%,7
https://www.biegosfera.pl/buty-do-biegania,2026-09-25,"1,740",115,214.08,6.00,99.76%,6
https://www.biegosfera.pl/buty-trailowe,2026-09-25,"1,021",40,74.46,1.00,98.42%,5
https://www.biegosfera.pl/buty-do-biegania/damskie,2026-09-25,686,41,76.32,1.00,98.11%,6
https://www.biegosfera.pl/blog/jak-wybrac-buty-do-biegania,2026-09-25,757,51,94.94,1.00,71.74%,3
https://www.biegosfera.pl/promocje,2026-09-25,474,32,59.57,1.00,99.35%,6
https://www.biegosfera.pl/,2026-09-26,706,47,85.78,1.00,100.00%,7
https://www.biegosfera.pl/buty-do-biegania,2026-09-26,"1,450",91,166.08,4.00,98.86%,6
https://www.biegosfera.pl/buty-trailowe,2026-09-26,824,45,82.13,2.00,100.00%,5
https://www.biegosfera.pl/buty-do-biegania/damskie,2026-09-26,533,33,60.23,1.00,99.32%,6
https://www.biegosfera.pl/blog/jak-wybrac-buty-do-biegania,2026-09-26,662,34,62.05,2.00,73.05%,3
https://www.biegosfera.pl/promocje,2026-09-26,407,24,43.80,2.00,99.93%,6
https://www.biegosfera.pl/,2026-09-27,686,40,67.26,2.00,98.55%,7
https://www.biegosfera.pl/buty-do-biegania,2026-09-27,"1,496",102,171.52,6.00,100.00%,6
https://www.biegosfera.pl/buty-trailowe,2026-09-27,843,52,87.44,4.00,98.77%,5
https://www.biegosfera.pl/buty-do-biegania/damskie,2026-09-27,549,38,63.90,1.00,100.00%,6
https://www.biegosfera.pl/blog/jak-wybrac-buty-do-biegania,2026-09-27,674,46,77.35,0.00,70.07%,3
https://www.biegosfera.pl/promocje,2026-09-27,349,21,35.31,0.00,100.00%,6
https://www.biegosfera.pl/,2026-09-28,852,60,117.83,1.00,100.00%,7
https://www.biegosfera.pl/buty-do-biegania,2026-09-28,"1,821",109,214.05,7.00,98.31%,6
https://www.biegosfera.pl/buty-trailowe,2026-09-28,"1,019",55,108.01,3.00,99.07%,5
https://www.biegosfera.pl/buty-do-biegania/damskie,2026-09-28,665,40,78.55,1.00,99.90%,6
https://www.biegosfera.pl/blog/jak-wybrac-buty-do-biegania,2026-09-28,770,42,82.48,2.00,70.70%,3
https://www.biegosfera.pl/promocje,2026-09-28,417,35,68.73,2.00,98.42%,6
https://www.biegosfera.pl/,2026-09-29,858,44,80.21,0.00,98.58%,7
https://www.biegosfera.pl/buty-do-biegania,2026-09-29,"1,893",97,176.83,3.00,100.00%,6
https://www.biegosfera.pl/buty-trailowe,2026-09-29,980,49,89.33,2.00,99.24%,5
https://www.biegosfera.pl/buty-do-biegania/damskie,2026-09-29,729,46,83.86,2.00,98.85%,6
https://www.biegosfera.pl/blog/jak-wybrac-buty-do-biegania,2026-09-29,746,39,71.10,0.00,70.29%,3
https://www.biegosfera.pl/promocje,2026-09-29,419,24,43.75,2.00,98.57%,6
https://www.biegosfera.pl/,2026-09-30,799,47,82.54,1.00,100.00%,7
https://www.biegosfera.pl/buty-do-biegania,2026-09-30,"1,785",103,180.89,6.00,100.00%,6
https://www.biegosfera.pl/buty-trailowe,2026-09-30,992,70,122.94,2.00,98.63%,5
https://www.biegosfera.pl/buty-do-biegania/damskie,2026-09-30,662,46,80.79,1.00,98.95%,6
https://www.biegosfera.pl/blog/jak-wybrac-buty-do-biegania,2026-09-30,780,46,80.79,0.00,72.51%,3
https://www.biegosfera.pl/promocje,2026-09-30,453,18,31.61,0.00,100.00%,6
