Dzień,Kraj/region,Region (lokalizacja użytkownika),Wyświetlenia,Kliknięcia,Koszt,Konwersje,Wartość konw.
2026-08-02,Polska,Mazowieckie,3 251,62,"102,72","2,00","655,54"
2026-08-02,Polska,Śląskie,1 945,43,"71,24","4,00","1 311,09"
2026-08-02,Polska,Wielkopolskie,1 437,35,"57,98","1,00","327,77"
2026-08-02,Polska,Małopolskie,1 457,49,"81,18","1,00","327,77"
2026-08-02,Polska,Dolnośląskie,1 298,15,"24,85","0,00","0,00"
2026-08-02,Polska,Łódzkie,936,17,"28,16","0,00","0,00"
2026-08-02,Polska,Pomorskie,959,23,"38,10","2,00","655,54"
2026-08-02,Polska,Kujawsko-pomorskie,777,15,"24,85","0,00","0,00"
2026-08-02,Polska,Lubelskie,771,16,"26,51","1,00","327,77"
2026-08-02,Polska,Podkarpackie,656,11,"18,22","0,00","0,00"
2026-08-02,Polska,Zachodniopomorskie,651,11,"18,22","0,00","0,00"
2026-08-02,Polska,Warmińsko-mazurskie,503,9,"14,91","1,00","327,77"
2026-08-02,Polska,Świętokrzyskie,489,9,"14,91","0,00","0,00"
2026-08-02,Polska,Podlaskie,470,7,"11,60","0,00","0,00"
2026-08-02,Polska,Opolskie,267,9,"14,91","1,00","327,77"
2026-08-02,Polska,Lubuskie,170,6,"9,94","0,00","0,00"
2026-08-03,Polska,Mazowieckie,3 762,71,"123,17","3,00","1 071,72"
2026-08-03,Polska,Śląskie,2 252,41,"71,12","4,00","1 428,96"
2026-08-03,Polska,Wielkopolskie,1 685,43,"74,59","3,00","1 071,72"
2026-08-03,Polska,Małopolskie,1 645,44,"76,33","0,00","0,00"
2026-08-03,Polska,Dolnośląskie,1 461,27,"46,84","1,00","357,24"
2026-08-03,Polska,Łódzkie,1 094,18,"31,23","1,00","357,24"
2026-08-03,Polska,Pomorskie,1 168,22,"38,16","0,00","0,00"
2026-08-03,Polska,Kujawsko-pomorskie,942,15,"26,02","1,00","357,24"
2026-08-03,Polska,Lubelskie,961,19,"32,96","0,00","0,00"
2026-08-03,Polska,Podkarpackie,708,9,"15,61","0,00","0,00"
2026-08-03,Polska,Zachodniopomorskie,747,10,"17,35","0,00","0,00"
2026-08-03,Polska,Warmińsko-mazurskie,550,10,"17,35","1,00","357,24"
2026-08-03,Polska,Świętokrzyskie,563,10,"17,35","0,00","0,00"
2026-08-03,Polska,Podlaskie,579,9,"15,61","0,00","0,00"
2026-08-03,Polska,Opolskie,358,5,"8,67","0,00","0,00"
2026-08-03,Polska,Lubuskie,210,5,"8,67","0,00","0,00"
2026-08-04,Polska,Mazowieckie,3 724,67,"105,79","3,00","1 093,78"
2026-08-04,Polska,Śląskie,2 177,42,"66,32","1,00","364,59"
2026-08-04,Polska,Wielkopolskie,1 706,33,"52,11","2,00","729,19"
2026-08-04,Polska,Małopolskie,1 653,43,"67,90","1,00","364,59"
2026-08-04,Polska,Dolnośląskie,1 497,34,"53,69","0,00","0,00"
2026-08-04,Polska,Łódzkie,1 107,31,"48,95","2,00","729,19"
2026-08-04,Polska,Pomorskie,1 091,19,"30,00","0,00","0,00"
2026-08-04,Polska,Kujawsko-pomorskie,934,24,"37,90","0,00","0,00"
2026-08-04,Polska,Lubelskie,972,17,"26,84","0,00","0,00"
2026-08-04,Polska,Podkarpackie,756,13,"20,53","0,00","0,00"
2026-08-04,Polska,Zachodniopomorskie,747,18,"28,42","0,00","0,00"
2026-08-04,Polska,Warmińsko-mazurskie,535,11,"17,37","0,00","0,00"
2026-08-04,Polska,Świętokrzyskie,569,8,"12,63","1,00","364,59"
2026-08-04,Polska,Podlaskie,549,15,"23,69","0,00","0,00"
2026-08-04,Polska,Opolskie,347,7,"11,05","1,00","364,59"
2026-08-04,Polska,Lubuskie,190,3,"4,74","0,00","0,00"
2026-08-05,Polska,Mazowieckie,3 778,75,"123,97","4,00","1 408,70"
2026-08-05,Polska,Śląskie,2 273,42,"69,42","3,00","1 056,53"
2026-08-05,Polska,Wielkopolskie,1 718,46,"76,04","0,00","0,00"
2026-08-05,Polska,Małopolskie,1 666,29,"47,94","1,00","352,18"
2026-08-05,Polska,Dolnośląskie,1 527,32,"52,89","1,00","352,18"
2026-08-05,Polska,Łódzkie,1 149,17,"28,10","0,00","0,00"
2026-08-05,Polska,Pomorskie,1 147,25,"41,32","0,00","0,00"
2026-08-05,Polska,Kujawsko-pomorskie,936,23,"38,02","0,00","0,00"
2026-08-05,Polska,Lubelskie,936,19,"31,41","2,00","704,35"
2026-08-05,Polska,Podkarpackie,733,14,"23,14","0,00","0,00"
2026-08-05,Polska,Zachodniopomorskie,724,10,"16,53","1,00","352,18"
2026-08-05,Polska,Warmińsko-mazurskie,531,7,"11,57","0,00","0,00"
2026-08-05,Polska,Świętokrzyskie,492,15,"24,79","0,00","0,00"
2026-08-05,Polska,Podlaskie,562,8,"13,22","0,00","0,00"
2026-08-05,Polska,Opolskie,388,4,"6,61","0,00","0,00"
2026-08-05,Polska,Lubuskie,169,5,"8,26","0,00","0,00"
2026-08-06,Polska,Mazowieckie,3 779,85,"137,30","6,00","2 209,07"
2026-08-06,Polska,Śląskie,2 240,33,"53,30","0,00","0,00"
2026-08-06,Polska,Wielkopolskie,1 667,28,"45,23","1,00","368,18"
2026-08-06,Polska,Małopolskie,1 686,34,"54,92","3,00","1 104,53"
2026-08-06,Polska,Dolnośląskie,1 521,35,"56,53","1,00","368,18"
2026-08-06,Polska,Łódzkie,1 148,29,"46,84","0,00","0,00"
2026-08-06,Polska,Pomorskie,1 159,28,"45,23","1,00","368,18"
2026-08-06,Polska,Kujawsko-pomorskie,956,18,"29,07","1,00","368,18"
2026-08-06,Polska,Lubelskie,919,23,"37,15","1,00","368,18"
2026-08-06,Polska,Podkarpackie,754,9,"14,54","1,00","368,18"
2026-08-06,Polska,Zachodniopomorskie,758,11,"17,77","1,00","368,18"
2026-08-06,Polska,Warmińsko-mazurskie,582,18,"29,07","0,00","0,00"
2026-08-06,Polska,Świętokrzyskie,594,14,"22,61","1,00","368,18"
2026-08-06,Polska,Podlaskie,549,9,"14,54","0,00","0,00"
2026-08-06,Polska,Opolskie,367,5,"8,08","0,00","0,00"
2026-08-06,Polska,Lubuskie,185,2,"3,23","0,00","0,00"
2026-08-07,Polska,Mazowieckie,3 748,77,"125,31","2,00","652,46"
2026-08-07,Polska,Śląskie,2 174,45,"73,23","3,00","978,69"
2026-08-07,Polska,Wielkopolskie,1 688,33,"53,71","3,00","978,69"
2026-08-07,Polska,Małopolskie,1 711,32,"52,08","4,00","1 304,92"
2026-08-07,Polska,Dolnośląskie,1 496,27,"43,94","1,00","326,23"
2026-08-07,Polska,Łódzkie,1 188,25,"40,69","2,00","652,46"
2026-08-07,Polska,Pomorskie,1 126,23,"37,43","0,00","0,00"
2026-08-07,Polska,Kujawsko-pomorskie,1 019,17,"27,67","0,00","0,00"
2026-08-07,Polska,Lubelskie,896,14,"22,78","1,00","326,23"
2026-08-07,Polska,Podkarpackie,738,10,"16,27","0,00","0,00"
2026-08-07,Polska,Zachodniopomorskie,768,9,"14,65","0,00","0,00"
2026-08-07,Polska,Warmińsko-mazurskie,579,15,"24,41","0,00","0,00"
2026-08-07,Polska,Świętokrzyskie,576,15,"24,41","2,00","652,46"
2026-08-07,Polska,Podlaskie,558,11,"17,90","1,00","326,23"
2026-08-07,Polska,Opolskie,369,15,"24,41","0,00","0,00"
2026-08-07,Polska,Lubuskie,187,3,"4,88","0,00","0,00"
2026-08-08,Polska,Mazowieckie,3 334,67,"105,07","2,00","724,35"
2026-08-08,Polska,Śląskie,1 945,39,"61,16","0,00","0,00"
2026-08-08,Polska,Wielkopolskie,1 536,23,"36,07","2,00","724,35"
2026-08-08,Polska,Małopolskie,1 388,25,"39,20","2,00","724,35"
2026-08-08,Polska,Dolnośląskie,1 295,32,"50,18","3,00","1 086,53"
2026-08-08,Polska,Łódzkie,986,17,"26,66","1,00","362,18"
2026-08-08,Polska,Pomorskie,965,22,"34,50","1,00","362,18"
2026-08-08,Polska,Kujawsko-pomorskie,786,20,"31,36","0,00","0,00"
2026-08-08,Polska,Lubelskie,775,18,"28,23","1,00","362,18"
2026-08-08,Polska,Podkarpackie,627,13,"20,39","0,00","0,00"
2026-08-08,Polska,Zachodniopomorskie,657,11,"17,25","1,00","362,18"
2026-08-08,Polska,Warmińsko-mazurskie,425,10,"15,68","0,00","0,00"
2026-08-08,Polska,Świętokrzyskie,505,8,"12,55","3,00","1 086,53"
2026-08-08,Polska,Podlaskie,488,11,"17,25","0,00","0,00"
2026-08-08,Polska,Opolskie,319,4,"6,27","0,00","0,00"
2026-08-08,Polska,Lubuskie,175,3,"4,70","0,00","0,00"
2026-08-09,Polska,Mazowieckie,3 163,65,"103,51","2,00","757,81"
2026-08-09,Polska,Śląskie,1 917,51,"81,21","2,00","757,81"
2026-08-09,Polska,Wielkopolskie,1 515,37,"58,92","2,00","757,81"
2026-08-09,Polska,Małopolskie,1 433,16,"25,48","1,00","378,91"
2026-08-09,Polska,Dolnośląskie,1 305,39,"62,10","0,00","0,00"
2026-08-09,Polska,Łódzkie,956,22,"35,03","2,00","757,81"
2026-08-09,Polska,Pomorskie,987,18,"28,66","0,00","0,00"
2026-08-09,Polska,Kujawsko-pomorskie,797,16,"25,48","0,00","0,00"
2026-08-09,Polska,Lubelskie,872,14,"22,29","0,00","0,00"
2026-08-09,Polska,Podkarpackie,633,14,"22,29","1,00","378,91"
2026-08-09,Polska,Zachodniopomorskie,662,19,"30,26","0,00","0,00"
2026-08-09,Polska,Warmińsko-mazurskie,520,10,"15,92","1,00","378,91"
2026-08-09,Polska,Świętokrzyskie,469,9,"14,33","0,00","0,00"
2026-08-09,Polska,Podlaskie,475,10,"15,92","0,00","0,00"
2026-08-09,Polska,Opolskie,322,7,"11,15","0,00","0,00"
2026-08-09,Polska,Lubuskie,197,3,"4,78","0,00","0,00"
2026-08-10,Polska,Mazowieckie,3 859,81,"129,57","5,00","1 395,17"
2026-08-10,Polska,Śląskie,2 283,51,"81,58","0,00","0,00"
2026-08-10,Polska,Wielkopolskie,1 752,36,"57,59","1,00","279,03"
2026-08-10,Polska,Małopolskie,1 683,23,"36,79","0,00","0,00"
2026-08-10,Polska,Dolnośląskie,1 456,42,"67,18","3,00","837,10"
2026-08-10,Polska,Łódzkie,1 183,23,"36,79","0,00","0,00"
2026-08-10,Polska,Pomorskie,1 188,23,"36,79","0,00","0,00"
2026-08-10,Polska,Kujawsko-pomorskie,952,13,"20,80","0,00","0,00"
2026-08-10,Polska,Lubelskie,943,22,"35,19","2,00","558,07"
2026-08-10,Polska,Podkarpackie,794,18,"28,79","1,00","279,03"
2026-08-10,Polska,Zachodniopomorskie,763,12,"19,20","0,00","0,00"
2026-08-10,Polska,Warmińsko-mazurskie,548,10,"16,00","1,00","279,03"
2026-08-10,Polska,Świętokrzyskie,552,13,"20,80","0,00","0,00"
2026-08-10,Polska,Podlaskie,550,16,"25,59","0,00","0,00"
2026-08-10,Polska,Opolskie,369,5,"8,00","0,00","0,00"
2026-08-10,Polska,Lubuskie,202,2,"3,20","0,00","0,00"
2026-08-11,Polska,Mazowieckie,3 836,75,"122,95","6,00","2 192,23"
2026-08-11,Polska,Śląskie,2 351,55,"90,17","0,00","0,00"
2026-08-11,Polska,Wielkopolskie,1 736,32,"52,46","2,00","730,74"
2026-08-11,Polska,Małopolskie,1 721,29,"47,54","1,00","365,37"
2026-08-11,Polska,Dolnośląskie,1 547,35,"57,38","2,00","730,74"
2026-08-11,Polska,Łódzkie,1 110,21,"34,43","2,00","730,74"
2026-08-11,Polska,Pomorskie,1 202,15,"24,59","2,00","730,74"
2026-08-11,Polska,Kujawsko-pomorskie,1 011,14,"22,95","2,00","730,74"
2026-08-11,Polska,Lubelskie,937,20,"32,79","1,00","365,37"
2026-08-11,Polska,Podkarpackie,731,12,"19,67","0,00","0,00"
2026-08-11,Polska,Zachodniopomorskie,774,18,"29,51","1,00","365,37"
2026-08-11,Polska,Warmińsko-mazurskie,558,14,"22,95","0,00","0,00"
2026-08-11,Polska,Świętokrzyskie,559,13,"21,31","0,00","0,00"
2026-08-11,Polska,Podlaskie,629,13,"21,31","1,00","365,37"
2026-08-11,Polska,Opolskie,405,11,"18,03","0,00","0,00"
2026-08-11,Polska,Lubuskie,223,1,"1,64","0,00","0,00"
2026-08-12,Polska,Mazowieckie,3 911,80,"127,64","4,00","1 419,64"
2026-08-12,Polska,Śląskie,2 240,56,"89,35","0,00","0,00"
2026-08-12,Polska,Wielkopolskie,1 735,33,"52,65","0,00","0,00"
2026-08-12,Polska,Małopolskie,1 634,47,"74,99","0,00","0,00"
2026-08-12,Polska,Dolnośląskie,1 538,29,"46,27","3,00","1 064,73"
2026-08-12,Polska,Łódzkie,1 180,24,"38,29","1,00","354,91"
2026-08-12,Polska,Pomorskie,1 160,25,"39,89","2,00","709,82"
2026-08-12,Polska,Kujawsko-pomorskie,997,29,"46,27","1,00","354,91"
2026-08-12,Polska,Lubelskie,935,16,"25,53","1,00","354,91"
2026-08-12,Polska,Podkarpackie,816,3,"4,79","1,00","354,91"
2026-08-12,Polska,Zachodniopomorskie,765,14,"22,34","1,00","354,91"
2026-08-12,Polska,Warmińsko-mazurskie,574,12,"19,15","0,00","0,00"
2026-08-12,Polska,Świętokrzyskie,570,11,"17,55","1,00","354,91"
2026-08-12,Polska,Podlaskie,594,14,"22,34","0,00","0,00"
2026-08-12,Polska,Opolskie,390,9,"14,36","0,00","0,00"
2026-08-12,Polska,Lubuskie,199,6,"9,57","0,00","0,00"
2026-08-13,Polska,Mazowieckie,3 810,84,"132,07","2,00","787,20"
2026-08-13,Polska,Śląskie,2 393,45,"70,75","1,00","393,60"
2026-08-13,Polska,Wielkopolskie,1 734,36,"56,60","2,00","787,20"
2026-08-13,Polska,Małopolskie,1 702,37,"58,17","3,00","1 180,80"
2026-08-13,Polska,Dolnośląskie,1 581,25,"39,31","1,00","393,60"
2026-08-13,Polska,Łódzkie,1 188,31,"48,74","0,00","0,00"
2026-08-13,Polska,Pomorskie,1 110,18,"28,30","0,00","0,00"
2026-08-13,Polska,Kujawsko-pomorskie,977,23,"36,16","1,00","393,60"
2026-08-13,Polska,Lubelskie,1 013,15,"23,58","0,00","0,00"
2026-08-13,Polska,Podkarpackie,743,22,"34,59","0,00","0,00"
2026-08-13,Polska,Zachodniopomorskie,769,15,"23,58","1,00","393,60"
2026-08-13,Polska,Warmińsko-mazurskie,572,12,"18,87","2,00","787,20"
2026-08-13,Polska,Świętokrzyskie,563,16,"25,16","1,00","393,60"
2026-08-13,Polska,Podlaskie,589,9,"14,15","0,00","0,00"
2026-08-13,Polska,Opolskie,369,7,"11,01","1,00","393,60"
2026-08-13,Polska,Lubuskie,178,4,"6,29","0,00","0,00"
2026-08-14,Polska,Mazowieckie,3 935,66,"102,84","2,00","594,01"
2026-08-14,Polska,Śląskie,2 388,44,"68,56","4,00","1 188,01"
2026-08-14,Polska,Wielkopolskie,1 712,30,"46,74","2,00","594,01"
2026-08-14,Polska,Małopolskie,1 788,34,"52,98","1,00","297,00"
2026-08-14,Polska,Dolnośląskie,1 561,29,"45,19","3,00","891,01"
2026-08-14,Polska,Łódzkie,1 177,28,"43,63","1,00","297,00"
2026-08-14,Polska,Pomorskie,1 127,19,"29,60","0,00","0,00"
2026-08-14,Polska,Kujawsko-pomorskie,983,19,"29,60","0,00","0,00"
2026-08-14,Polska,Lubelskie,958,13,"20,26","0,00","0,00"
2026-08-14,Polska,Podkarpackie,811,17,"26,49","1,00","297,00"
2026-08-14,Polska,Zachodniopomorskie,797,17,"26,49","0,00","0,00"
2026-08-14,Polska,Warmińsko-mazurskie,589,11,"17,14","1,00","297,00"
2026-08-14,Polska,Świętokrzyskie,545,11,"17,14","0,00","0,00"
2026-08-14,Polska,Podlaskie,576,12,"18,70","0,00","0,00"
2026-08-14,Polska,Opolskie,435,7,"10,91","1,00","297,00"
2026-08-14,Polska,Lubuskie,204,5,"7,79","0,00","0,00"
2026-08-15,Polska,Mazowieckie,3 419,62,"100,26","3,00","1 038,52"
2026-08-15,Polska,Śląskie,1 955,44,"71,15","2,00","692,35"
2026-08-15,Polska,Wielkopolskie,1 484,21,"33,96","1,00","346,17"
2026-08-15,Polska,Małopolskie,1 466,22,"35,58","0,00","0,00"
2026-08-15,Polska,Dolnośląskie,1 369,32,"51,75","0,00","0,00"
2026-08-15,Polska,Łódzkie,1 008,14,"22,64","1,00","346,17"
2026-08-15,Polska,Pomorskie,944,17,"27,49","2,00","692,35"
2026-08-15,Polska,Kujawsko-pomorskie,805,17,"27,49","1,00","346,17"
2026-08-15,Polska,Lubelskie,810,15,"24,26","1,00","346,17"
2026-08-15,Polska,Podkarpackie,603,6,"9,70","0,00","0,00"
2026-08-15,Polska,Zachodniopomorskie,678,11,"17,79","0,00","0,00"
2026-08-15,Polska,Warmińsko-mazurskie,507,9,"14,55","0,00","0,00"
2026-08-15,Polska,Świętokrzyskie,501,9,"14,55","0,00","0,00"
2026-08-15,Polska,Podlaskie,472,6,"9,70","0,00","0,00"
2026-08-15,Polska,Opolskie,320,5,"8,09","0,00","0,00"
2026-08-15,Polska,Lubuskie,172,7,"11,32","0,00","0,00"
2026-08-16,Polska,Mazowieckie,3 296,68,"109,16","3,00","1 109,60"
2026-08-16,Polska,Śląskie,2 012,49,"78,66","2,00","739,73"
2026-08-16,Polska,Wielkopolskie,1 512,33,"52,97","1,00","369,87"
2026-08-16,Polska,Małopolskie,1 585,27,"43,34","0,00","0,00"
2026-08-16,Polska,Dolnośląskie,1 351,26,"41,74","3,00","1 109,60"
2026-08-16,Polska,Łódzkie,1 015,14,"22,47","3,00","1 109,60"
2026-08-16,Polska,Pomorskie,1 069,18,"28,89","1,00","369,87"
2026-08-16,Polska,Kujawsko-pomorskie,811,16,"25,68","2,00","739,73"
2026-08-16,Polska,Lubelskie,818,14,"22,47","1,00","369,87"
2026-08-16,Polska,Podkarpackie,662,13,"20,87","0,00","0,00"
2026-08-16,Polska,Zachodniopomorskie,706,12,"19,26","0,00","0,00"
2026-08-16,Polska,Warmińsko-mazurskie,484,6,"9,63","0,00","0,00"
2026-08-16,Polska,Świętokrzyskie,519,8,"12,84","0,00","0,00"
2026-08-16,Polska,Podlaskie,464,5,"8,03","0,00","0,00"
2026-08-16,Polska,Opolskie,345,1,"1,61","0,00","0,00"
2026-08-16,Polska,Lubuskie,166,2,"3,21","0,00","0,00"
2026-08-17,Polska,Mazowieckie,3 996,82,"126,78","5,00","1 725,37"
2026-08-17,Polska,Śląskie,2 294,44,"68,03","1,00","345,07"
2026-08-17,Polska,Wielkopolskie,1 754,36,"55,66","1,00","345,07"
2026-08-17,Polska,Małopolskie,1 774,32,"49,47","0,00","0,00"
2026-08-17,Polska,Dolnośląskie,1 643,30,"46,38","0,00","0,00"
2026-08-17,Polska,Łódzkie,1 187,18,"27,83","0,00","0,00"
2026-08-17,Polska,Pomorskie,1 186,18,"27,83","1,00","345,07"
2026-08-17,Polska,Kujawsko-pomorskie,954,23,"35,56","1,00","345,07"
2026-08-17,Polska,Lubelskie,1 041,26,"40,20","0,00","0,00"
2026-08-17,Polska,Podkarpackie,744,12,"18,55","1,00","345,07"
2026-08-17,Polska,Zachodniopomorskie,761,15,"23,19","0,00","0,00"
2026-08-17,Polska,Warmińsko-mazurskie,584,11,"17,01","0,00","0,00"
2026-08-17,Polska,Świętokrzyskie,615,11,"17,01","3,00","1 035,22"
2026-08-17,Polska,Podlaskie,612,12,"18,55","0,00","0,00"
2026-08-17,Polska,Opolskie,383,5,"7,73","1,00","345,07"
2026-08-17,Polska,Lubuskie,199,5,"7,73","0,00","0,00"
2026-08-18,Polska,Mazowieckie,3 951,79,"124,14","4,00","1 326,09"
2026-08-18,Polska,Śląskie,2 412,46,"72,29","3,00","994,57"
2026-08-18,Polska,Wielkopolskie,1 803,34,"53,43","0,00","0,00"
2026-08-18,Polska,Małopolskie,1 699,28,"44,00","0,00","0,00"
2026-08-18,Polska,Dolnośląskie,1 614,31,"48,71","3,00","994,57"
2026-08-18,Polska,Łódzkie,1 191,26,"40,86","2,00","663,05"
2026-08-18,Polska,Pomorskie,1 143,28,"44,00","0,00","0,00"
2026-08-18,Polska,Kujawsko-pomorskie,996,25,"39,29","1,00","331,52"
2026-08-18,Polska,Lubelskie,1 043,24,"37,71","1,00","331,52"
2026-08-18,Polska,Podkarpackie,770,13,"20,43","0,00","0,00"
2026-08-18,Polska,Zachodniopomorskie,788,13,"20,43","0,00","0,00"
2026-08-18,Polska,Warmińsko-mazurskie,570,13,"20,43","1,00","331,52"
2026-08-18,Polska,Świętokrzyskie,573,8,"12,57","0,00","0,00"
2026-08-18,Polska,Podlaskie,600,15,"23,57","0,00","0,00"
2026-08-18,Polska,Opolskie,367,9,"14,14","1,00","331,52"
2026-08-18,Polska,Lubuskie,215,5,"7,86","0,00","0,00"
2026-08-19,Polska,Mazowieckie,3 919,81,"130,13","4,00","1 417,38"
2026-08-19,Polska,Śląskie,2 385,44,"70,69","1,00","354,35"
2026-08-19,Polska,Wielkopolskie,1 801,35,"56,23","1,00","354,35"
2026-08-19,Polska,Małopolskie,1 783,38,"61,05","1,00","354,35"
2026-08-19,Polska,Dolnośląskie,1 570,23,"36,95","2,00","708,69"
2026-08-19,Polska,Łódzkie,1 181,33,"53,02","0,00","0,00"
2026-08-19,Polska,Pomorskie,1 219,18,"28,92","1,00","354,35"
2026-08-19,Polska,Kujawsko-pomorskie,960,20,"32,13","1,00","354,35"
2026-08-19,Polska,Lubelskie,1 045,12,"19,28","0,00","0,00"
2026-08-19,Polska,Podkarpackie,800,14,"22,49","1,00","354,35"
2026-08-19,Polska,Zachodniopomorskie,759,16,"25,71","0,00","0,00"
2026-08-19,Polska,Warmińsko-mazurskie,579,13,"20,89","2,00","708,69"
2026-08-19,Polska,Świętokrzyskie,543,12,"19,28","0,00","0,00"
2026-08-19,Polska,Podlaskie,605,10,"16,07","0,00","0,00"
2026-08-19,Polska,Opolskie,341,9,"14,46","1,00","354,35"
2026-08-19,Polska,Lubuskie,200,2,"3,21","0,00","0,00"
2026-08-20,Polska,Mazowieckie,3 995,90,"144,95","5,00","1 672,41"
2026-08-20,Polska,Śląskie,2 354,41,"66,03","2,00","668,96"
2026-08-20,Polska,Wielkopolskie,1 765,35,"56,37","2,00","668,96"
2026-08-20,Polska,Małopolskie,1 819,32,"51,54","2,00","668,96"
2026-08-20,Polska,Dolnośląskie,1 562,33,"53,15","1,00","334,48"
2026-08-20,Polska,Łódzkie,1 219,25,"40,27","0,00","0,00"
2026-08-20,Polska,Pomorskie,1 209,20,"32,21","1,00","334,48"
2026-08-20,Polska,Kujawsko-pomorskie,944,21,"33,82","0,00","0,00"
2026-08-20,Polska,Lubelskie,1 018,22,"35,43","2,00","668,96"
2026-08-20,Polska,Podkarpackie,761,23,"37,04","2,00","668,96"
2026-08-20,Polska,Zachodniopomorskie,744,13,"20,94","0,00","0,00"
2026-08-20,Polska,Warmińsko-mazurskie,617,9,"14,50","0,00","0,00"
2026-08-20,Polska,Świętokrzyskie,659,10,"16,11","0,00","0,00"
2026-08-20,Polska,Podlaskie,560,11,"17,72","0,00","0,00"
2026-08-20,Polska,Opolskie,406,8,"12,88","0,00","0,00"
2026-08-20,Polska,Lubuskie,189,3,"4,83","0,00","0,00"
2026-08-21,Polska,Mazowieckie,3 851,64,"105,38","4,00","1 394,94"
2026-08-21,Polska,Śląskie,2 374,43,"70,80","0,00","0,00"
2026-08-21,Polska,Wielkopolskie,1 797,44,"72,45","1,00","348,73"
2026-08-21,Polska,Małopolskie,1 734,40,"65,86","3,00","1 046,20"
2026-08-21,Polska,Dolnośląskie,1 656,34,"55,98","1,00","348,73"
2026-08-21,Polska,Łódzkie,1 146,24,"39,52","2,00","697,47"
2026-08-21,Polska,Pomorskie,1 182,20,"32,93","1,00","348,73"
2026-08-21,Polska,Kujawsko-pomorskie,961,21,"34,58","1,00","348,73"
2026-08-21,Polska,Lubelskie,968,18,"29,64","0,00","0,00"
2026-08-21,Polska,Podkarpackie,784,26,"42,81","2,00","697,47"
2026-08-21,Polska,Zachodniopomorskie,716,18,"29,64","0,00","0,00"
2026-08-21,Polska,Warmińsko-mazurskie,585,13,"21,41","0,00","0,00"
2026-08-21,Polska,Świętokrzyskie,620,13,"21,41","1,00","348,73"
2026-08-21,Polska,Podlaskie,630,7,"11,53","0,00","0,00"
2026-08-21,Polska,Opolskie,399,6,"9,88","0,00","0,00"
2026-08-21,Polska,Lubuskie,205,3,"4,94","0,00","0,00"
2026-08-22,Polska,Mazowieckie,3 332,68,"110,57","4,00","1 377,05"
2026-08-22,Polska,Śląskie,2 037,50,"81,30","1,00","344,26"
2026-08-22,Polska,Wielkopolskie,1 500,30,"48,78","0,00","0,00"
2026-08-22,Polska,Małopolskie,1 558,33,"53,66","4,00","1 377,05"
2026-08-22,Polska,Dolnośląskie,1 441,22,"35,77","1,00","344,26"
2026-08-22,Polska,Łódzkie,1 005,15,"24,39","0,00","0,00"
2026-08-22,Polska,Pomorskie,990,22,"35,77","0,00","0,00"
2026-08-22,Polska,Kujawsko-pomorskie,877,16,"26,02","1,00","344,26"
2026-08-22,Polska,Lubelskie,848,14,"22,77","0,00","0,00"
2026-08-22,Polska,Podkarpackie,659,16,"26,02","0,00","0,00"
2026-08-22,Polska,Zachodniopomorskie,667,14,"22,77","0,00","0,00"
2026-08-22,Polska,Warmińsko-mazurskie,523,4,"6,50","1,00","344,26"
2026-08-22,Polska,Świętokrzyskie,527,10,"16,26","0,00","0,00"
2026-08-22,Polska,Podlaskie,539,11,"17,89","0,00","0,00"
2026-08-22,Polska,Opolskie,295,4,"6,50","0,00","0,00"
2026-08-22,Polska,Lubuskie,170,4,"6,50","0,00","0,00"
2026-08-23,Polska,Mazowieckie,3 487,51,"88,36","1,00","342,54"
2026-08-23,Polska,Śląskie,2 042,27,"46,78","2,00","685,07"
2026-08-23,Polska,Wielkopolskie,1 572,31,"53,71","1,00","342,54"
2026-08-23,Polska,Małopolskie,1 572,33,"57,18","2,00","685,07"
2026-08-23,Polska,Dolnośląskie,1 317,23,"39,85","0,00","0,00"
2026-08-23,Polska,Łódzkie,998,19,"32,92","0,00","0,00"
2026-08-23,Polska,Pomorskie,1 019,16,"27,72","0,00","0,00"
2026-08-23,Polska,Kujawsko-pomorskie,875,22,"38,12","1,00","342,54"
2026-08-23,Polska,Lubelskie,864,15,"25,99","0,00","0,00"
2026-08-23,Polska,Podkarpackie,674,17,"29,45","0,00","0,00"
2026-08-23,Polska,Zachodniopomorskie,670,16,"27,72","1,00","342,54"
2026-08-23,Polska,Warmińsko-mazurskie,511,8,"13,86","0,00","0,00"
2026-08-23,Polska,Świętokrzyskie,501,9,"15,59","1,00","342,54"
2026-08-23,Polska,Podlaskie,479,7,"12,13","0,00","0,00"
2026-08-23,Polska,Opolskie,360,7,"12,13","0,00","0,00"
2026-08-23,Polska,Lubuskie,168,3,"5,20","0,00","0,00"
2026-08-24,Polska,Mazowieckie,4 042,75,"123,15","5,00","1 837,35"
2026-08-24,Polska,Śląskie,2 370,37,"60,75","2,00","734,94"
2026-08-24,Polska,Wielkopolskie,1 789,27,"44,33","1,00","367,47"
2026-08-24,Polska,Małopolskie,1 789,33,"54,18","0,00","0,00"
2026-08-24,Polska,Dolnośląskie,1 647,38,"62,39","2,00","734,94"
2026-08-24,Polska,Łódzkie,1 177,22,"36,12","0,00","0,00"
2026-08-24,Polska,Pomorskie,1 255,28,"45,97","0,00","0,00"
2026-08-24,Polska,Kujawsko-pomorskie,1 015,22,"36,12","0,00","0,00"
2026-08-24,Polska,Lubelskie,1 011,24,"39,41","1,00","367,47"
2026-08-24,Polska,Podkarpackie,805,21,"34,48","0,00","0,00"
2026-08-24,Polska,Zachodniopomorskie,777,13,"21,35","0,00","0,00"
2026-08-24,Polska,Warmińsko-mazurskie,560,12,"19,70","0,00","0,00"
2026-08-24,Polska,Świętokrzyskie,597,12,"19,70","1,00","367,47"
2026-08-24,Polska,Podlaskie,570,5,"8,21","0,00","0,00"
2026-08-24,Polska,Opolskie,386,5,"8,21","0,00","0,00"
2026-08-24,Polska,Lubuskie,217,3,"4,93","0,00","0,00"
2026-08-25,Polska,Mazowieckie,4 140,89,"142,49","6,00","2 319,02"
2026-08-25,Polska,Śląskie,2 444,54,"86,45","5,00","1 932,52"
2026-08-25,Polska,Wielkopolskie,1 860,32,"51,23","2,00","773,01"
2026-08-25,Polska,Małopolskie,1 829,37,"59,24","5,00","1 932,52"
2026-08-25,Polska,Dolnośląskie,1 587,41,"65,64","1,00","386,50"
2026-08-25,Polska,Łódzkie,1 212,25,"40,02","2,00","773,01"
2026-08-25,Polska,Pomorskie,1 225,20,"32,02","1,00","386,50"
2026-08-25,Polska,Kujawsko-pomorskie,1 065,22,"35,22","0,00","0,00"
2026-08-25,Polska,Lubelskie,1 059,22,"35,22","0,00","0,00"
2026-08-25,Polska,Podkarpackie,821,14,"22,41","0,00","0,00"
2026-08-25,Polska,Zachodniopomorskie,816,14,"22,41","1,00","386,50"
2026-08-25,Polska,Warmińsko-mazurskie,646,12,"19,21","2,00","773,01"
2026-08-25,Polska,Świętokrzyskie,631,16,"25,62","1,00","386,50"
2026-08-25,Polska,Podlaskie,617,11,"17,61","0,00","0,00"
2026-08-25,Polska,Opolskie,437,8,"12,81","0,00","0,00"
2026-08-25,Polska,Lubuskie,208,6,"9,61","0,00","0,00"
2026-08-26,Polska,Mazowieckie,4 132,78,"122,26","1,00","341,90"
2026-08-26,Polska,Śląskie,2 507,50,"78,37","3,00","1 025,72"
2026-08-26,Polska,Wielkopolskie,1 789,28,"43,89","2,00","683,81"
2026-08-26,Polska,Małopolskie,1 867,41,"64,26","3,00","1 025,72"
2026-08-26,Polska,Dolnośląskie,1 563,26,"40,75","4,00","1 367,62"
2026-08-26,Polska,Łódzkie,1 260,30,"47,02","1,00","341,90"
2026-08-26,Polska,Pomorskie,1 185,19,"29,78","0,00","0,00"
2026-08-26,Polska,Kujawsko-pomorskie,1 027,21,"32,91","1,00","341,90"
2026-08-26,Polska,Lubelskie,1 017,19,"29,78","0,00","0,00"
2026-08-26,Polska,Podkarpackie,800,21,"32,91","1,00","341,90"
2026-08-26,Polska,Zachodniopomorskie,857,18,"28,21","0,00","0,00"
2026-08-26,Polska,Warmińsko-mazurskie,555,18,"28,21","0,00","0,00"
2026-08-26,Polska,Świętokrzyskie,639,13,"20,38","0,00","0,00"
2026-08-26,Polska,Podlaskie,609,12,"18,81","0,00","0,00"
2026-08-26,Polska,Opolskie,429,9,"14,11","0,00","0,00"
2026-08-26,Polska,Lubuskie,227,1,"1,57","0,00","0,00"
2026-08-27,Polska,Mazowieckie,4 072,78,"120,52","4,00","1 378,80"
2026-08-27,Polska,Śląskie,2 478,46,"71,07","2,00","689,40"
2026-08-27,Polska,Wielkopolskie,1 854,44,"67,98","3,00","1 034,10"
2026-08-27,Polska,Małopolskie,1 800,32,"49,44","1,00","344,70"
2026-08-27,Polska,Dolnośląskie,1 638,26,"40,17","0,00","0,00"
2026-08-27,Polska,Łódzkie,1 216,17,"26,27","0,00","0,00"
2026-08-27,Polska,Pomorskie,1 240,35,"54,08","0,00","0,00"
2026-08-27,Polska,Kujawsko-pomorskie,1 100,26,"40,17","0,00","0,00"
2026-08-27,Polska,Lubelskie,986,19,"29,36","0,00","0,00"
2026-08-27,Polska,Podkarpackie,825,20,"30,90","1,00","344,70"
2026-08-27,Polska,Zachodniopomorskie,859,19,"29,36","0,00","0,00"
2026-08-27,Polska,Warmińsko-mazurskie,625,13,"20,09","0,00","0,00"
2026-08-27,Polska,Świętokrzyskie,609,10,"15,45","1,00","344,70"
2026-08-27,Polska,Podlaskie,602,10,"15,45","0,00","0,00"
2026-08-27,Polska,Opolskie,416,9,"13,91","0,00","0,00"
2026-08-27,Polska,Lubuskie,198,2,"3,09","0,00","0,00"
2026-08-28,Polska,Mazowieckie,4 143,60,"103,86","3,00","1 043,53"
2026-08-28,Polska,Śląskie,2 471,48,"83,08","3,00","1 043,53"
2026-08-28,Polska,Wielkopolskie,1 811,29,"50,20","1,00","347,84"
2026-08-28,Polska,Małopolskie,1 900,42,"72,70","4,00","1 391,38"
2026-08-28,Polska,Dolnośląskie,1 650,24,"41,54","1,00","347,84"
2026-08-28,Polska,Łódzkie,1 238,22,"38,08","0,00","0,00"
2026-08-28,Polska,Pomorskie,1 196,17,"29,43","2,00","695,69"
2026-08-28,Polska,Kujawsko-pomorskie,1 014,31,"53,66","0,00","0,00"
2026-08-28,Polska,Lubelskie,958,20,"34,62","3,00","1 043,53"
2026-08-28,Polska,Podkarpackie,822,15,"25,96","1,00","347,84"
2026-08-28,Polska,Zachodniopomorskie,831,19,"32,89","0,00","0,00"
2026-08-28,Polska,Warmińsko-mazurskie,597,14,"24,23","0,00","0,00"
2026-08-28,Polska,Świętokrzyskie,628,13,"22,50","0,00","0,00"
2026-08-28,Polska,Podlaskie,653,10,"17,31","0,00","0,00"
2026-08-28,Polska,Opolskie,388,8,"13,85","0,00","0,00"
2026-08-28,Polska,Lubuskie,203,4,"6,92","0,00","0,00"
2026-08-29,Polska,Mazowieckie,3 560,62,"95,70","2,00","703,39"
2026-08-29,Polska,Śląskie,2 080,35,"54,02","1,00","351,70"
2026-08-29,Polska,Wielkopolskie,1 643,46,"71,00","3,00","1 055,09"
2026-08-29,Polska,Małopolskie,1 622,25,"38,59","2,00","703,39"
2026-08-29,Polska,Dolnośląskie,1 388,27,"41,68","0,00","0,00"
2026-08-29,Polska,Łódzkie,1 045,21,"32,41","1,00","351,70"
2026-08-29,Polska,Pomorskie,1 038,30,"46,31","0,00","0,00"
2026-08-29,Polska,Kujawsko-pomorskie,800,11,"16,98","2,00","703,39"
2026-08-29,Polska,Lubelskie,891,19,"29,33","1,00","351,70"
2026-08-29,Polska,Podkarpackie,683,16,"24,70","0,00","0,00"
2026-08-29,Polska,Zachodniopomorskie,689,12,"18,52","0,00","0,00"
2026-08-29,Polska,Warmińsko-mazurskie,512,13,"20,07","1,00","351,70"
2026-08-29,Polska,Świętokrzyskie,568,13,"20,07","0,00","0,00"
2026-08-29,Polska,Podlaskie,546,12,"18,52","0,00","0,00"
2026-08-29,Polska,Opolskie,367,11,"16,98","0,00","0,00"
2026-08-29,Polska,Lubuskie,173,7,"10,80","0,00","0,00"
2026-08-30,Polska,Mazowieckie,3 513,75,"129,39","2,00","681,74"
2026-08-30,Polska,Śląskie,2 073,38,"65,56","4,00","1 363,48"
2026-08-30,Polska,Wielkopolskie,1 554,27,"46,58","2,00","681,74"
2026-08-30,Polska,Małopolskie,1 519,37,"63,83","0,00","0,00"
2026-08-30,Polska,Dolnośląskie,1 437,24,"41,40","1,00","340,87"
2026-08-30,Polska,Łódzkie,1 085,23,"39,68","0,00","0,00"
2026-08-30,Polska,Pomorskie,1 062,25,"43,13","3,00","1 022,61"
2026-08-30,Polska,Kujawsko-pomorskie,888,14,"24,15","2,00","681,74"
2026-08-30,Polska,Lubelskie,868,19,"32,78","1,00","340,87"
2026-08-30,Polska,Podkarpackie,681,17,"29,33","1,00","340,87"
2026-08-30,Polska,Zachodniopomorskie,667,12,"20,70","1,00","340,87"
2026-08-30,Polska,Warmińsko-mazurskie,545,13,"22,43","1,00","340,87"
2026-08-30,Polska,Świętokrzyskie,538,10,"17,25","0,00","0,00"
2026-08-30,Polska,Podlaskie,541,7,"12,08","0,00","0,00"
2026-08-30,Polska,Opolskie,356,7,"12,08","1,00","340,87"
2026-08-30,Polska,Lubuskie,169,6,"10,35","0,00","0,00"
2026-08-31,Polska,Mazowieckie,4 106,82,"129,19","6,00","2 226,21"
2026-08-31,Polska,Śląskie,2 450,40,"63,02","2,00","742,07"
2026-08-31,Polska,Wielkopolskie,1 872,40,"63,02","2,00","742,07"
2026-08-31,Polska,Małopolskie,1 849,42,"66,17","1,00","371,04"
2026-08-31,Polska,Dolnośląskie,1 657,28,"44,11","0,00","0,00"
2026-08-31,Polska,Łódzkie,1 255,18,"28,36","0,00","0,00"
2026-08-31,Polska,Pomorskie,1 265,25,"39,39","0,00","0,00"
2026-08-31,Polska,Kujawsko-pomorskie,1 036,13,"20,48","2,00","742,07"
2026-08-31,Polska,Lubelskie,985,13,"20,48","1,00","371,04"
2026-08-31,Polska,Podkarpackie,856,10,"15,76","1,00","371,04"
2026-08-31,Polska,Zachodniopomorskie,848,19,"29,93","0,00","0,00"
2026-08-31,Polska,Warmińsko-mazurskie,598,16,"25,21","0,00","0,00"
2026-08-31,Polska,Świętokrzyskie,629,14,"22,06","0,00","0,00"
2026-08-31,Polska,Podlaskie,586,16,"25,21","0,00","0,00"
2026-08-31,Polska,Opolskie,414,7,"11,03","1,00","371,04"
2026-08-31,Polska,Lubuskie,215,1,"1,58","0,00","0,00"
2026-09-01,Polska,Mazowieckie,4 167,95,"151,02","4,00","1 270,60"
2026-09-01,Polska,Śląskie,2 432,58,"92,20","5,00","1 588,26"
2026-09-01,Polska,Wielkopolskie,1 845,33,"52,46","2,00","635,30"
2026-09-01,Polska,Małopolskie,1 873,38,"60,41","2,00","635,30"
2026-09-01,Polska,Dolnośląskie,1 712,35,"55,64","0,00","0,00"
2026-09-01,Polska,Łódzkie,1 198,33,"52,46","1,00","317,65"
2026-09-01,Polska,Pomorskie,1 287,15,"23,84","1,00","317,65"
2026-09-01,Polska,Kujawsko-pomorskie,1 027,19,"30,20","0,00","0,00"
2026-09-01,Polska,Lubelskie,1 040,25,"39,74","2,00","635,30"
2026-09-01,Polska,Podkarpackie,887,17,"27,02","0,00","0,00"
2026-09-01,Polska,Zachodniopomorskie,809,16,"25,43","0,00","0,00"
2026-09-01,Polska,Warmińsko-mazurskie,609,8,"12,72","0,00","0,00"
2026-09-01,Polska,Świętokrzyskie,658,10,"15,90","0,00","0,00"
2026-09-01,Polska,Podlaskie,671,19,"30,20","0,00","0,00"
2026-09-01,Polska,Opolskie,416,5,"7,95","0,00","0,00"
2026-09-01,Polska,Lubuskie,194,2,"3,18","0,00","0,00"
2026-09-02,Polska,Mazowieckie,4 222,86,"145,98","2,00","687,68"
2026-09-02,Polska,Śląskie,2 452,48,"81,48","0,00","0,00"
2026-09-02,Polska,Wielkopolskie,1 927,34,"57,71","1,00","343,84"
2026-09-02,Polska,Małopolskie,1 907,36,"61,11","2,00","687,68"
2026-09-02,Polska,Dolnośląskie,1 664,43,"72,99","3,00","1 031,51"
2026-09-02,Polska,Łódzkie,1 326,20,"33,95","0,00","0,00"
2026-09-02,Polska,Pomorskie,1 298,26,"44,13","0,00","0,00"
2026-09-02,Polska,Kujawsko-pomorskie,1 038,20,"33,95","0,00","0,00"
2026-09-02,Polska,Lubelskie,1 009,20,"33,95","2,00","687,68"
2026-09-02,Polska,Podkarpackie,824,12,"20,37","1,00","343,84"
2026-09-02,Polska,Zachodniopomorskie,838,10,"16,97","0,00","0,00"
2026-09-02,Polska,Warmińsko-mazurskie,650,19,"32,25","1,00","343,84"
2026-09-02,Polska,Świętokrzyskie,633,14,"23,76","0,00","0,00"
2026-09-02,Polska,Podlaskie,614,17,"28,86","0,00","0,00"
2026-09-02,Polska,Opolskie,461,5,"8,49","0,00","0,00"
2026-09-02,Polska,Lubuskie,211,2,"3,39","0,00","0,00"
2026-09-03,Polska,Mazowieckie,4 263,91,"140,90","3,00","1 120,72"
2026-09-03,Polska,Śląskie,2 426,38,"58,84","1,00","373,57"
2026-09-03,Polska,Wielkopolskie,1 966,29,"44,90","0,00","0,00"
2026-09-03,Polska,Małopolskie,1 851,42,"65,03","0,00","0,00"
2026-09-03,Polska,Dolnośląskie,1 626,40,"61,94","2,00","747,15"
2026-09-03,Polska,Łódzkie,1 302,20,"30,97","0,00","0,00"
2026-09-03,Polska,Pomorskie,1 269,33,"51,10","1,00","373,57"
2026-09-03,Polska,Kujawsko-pomorskie,1 033,24,"37,16","0,00","0,00"
2026-09-03,Polska,Lubelskie,1 071,21,"32,52","0,00","0,00"
2026-09-03,Polska,Podkarpackie,856,21,"32,52","2,00","747,15"
2026-09-03,Polska,Zachodniopomorskie,864,18,"27,87","0,00","0,00"
2026-09-03,Polska,Warmińsko-mazurskie,596,10,"15,48","0,00","0,00"
2026-09-03,Polska,Świętokrzyskie,647,18,"27,87","0,00","0,00"
2026-09-03,Polska,Podlaskie,613,17,"26,32","0,00","0,00"
2026-09-03,Polska,Opolskie,415,8,"12,39","0,00","0,00"
2026-09-03,Polska,Lubuskie,234,4,"6,19","1,00","373,57"
2026-09-04,Polska,Mazowieckie,4 288,85,"136,89","2,00","693,48"
2026-09-04,Polska,Śląskie,2 514,51,"82,14","3,00","1 040,22"
2026-09-04,Polska,Wielkopolskie,1 941,32,"51,54","3,00","1 040,22"
2026-09-04,Polska,Małopolskie,1 896,45,"72,47","0,00","0,00"
2026-09-04,Polska,Dolnośląskie,1 709,33,"53,15","1,00","346,74"
2026-09-04,Polska,Łódzkie,1 264,25,"40,26","1,00","346,74"
2026-09-04,Polska,Pomorskie,1 295,29,"46,70","3,00","1 040,22"
2026-09-04,Polska,Kujawsko-pomorskie,1 076,18,"28,99","0,00","0,00"
2026-09-04,Polska,Lubelskie,1 127,26,"41,87","0,00","0,00"
2026-09-04,Polska,Podkarpackie,816,24,"38,65","2,00","693,48"
2026-09-04,Polska,Zachodniopomorskie,881,22,"35,43","2,00","693,48"
2026-09-04,Polska,Warmińsko-mazurskie,653,17,"27,38","0,00","0,00"
2026-09-04,Polska,Świętokrzyskie,623,6,"9,66","0,00","0,00"
2026-09-04,Polska,Podlaskie,627,13,"20,94","0,00","0,00"
2026-09-04,Polska,Opolskie,423,7,"11,27","0,00","0,00"
2026-09-04,Polska,Lubuskie,218,2,"3,22","0,00","0,00"
2026-09-05,Polska,Mazowieckie,3 554,69,"118,19","3,00","1 082,26"
2026-09-05,Polska,Śląskie,2 077,48,"82,22","2,00","721,51"
2026-09-05,Polska,Wielkopolskie,1 740,25,"42,82","2,00","721,51"
2026-09-05,Polska,Małopolskie,1 616,40,"68,51","2,00","721,51"
2026-09-05,Polska,Dolnośląskie,1 468,33,"56,52","0,00","0,00"
2026-09-05,Polska,Łódzkie,1 090,24,"41,11","0,00","0,00"
2026-09-05,Polska,Pomorskie,1 070,24,"41,11","0,00","0,00"
2026-09-05,Polska,Kujawsko-pomorskie,935,21,"35,97","0,00","0,00"
2026-09-05,Polska,Lubelskie,943,15,"25,69","0,00","0,00"
2026-09-05,Polska,Podkarpackie,718,13,"22,27","0,00","0,00"
2026-09-05,Polska,Zachodniopomorskie,717,13,"22,27","1,00","360,75"
2026-09-05,Polska,Warmińsko-mazurskie,590,11,"18,84","0,00","0,00"
2026-09-05,Polska,Świętokrzyskie,522,13,"22,27","2,00","721,51"
2026-09-05,Polska,Podlaskie,513,11,"18,84","0,00","0,00"
2026-09-05,Polska,Opolskie,361,6,"10,28","0,00","0,00"
2026-09-05,Polska,Lubuskie,208,6,"10,28","0,00","0,00"
2026-09-06,Polska,Mazowieckie,3 682,65,"101,47","1,00","359,34"
2026-09-06,Polska,Śląskie,2 187,47,"73,37","2,00","718,69"
2026-09-06,Polska,Wielkopolskie,1 585,37,"57,76","0,00","0,00"
2026-09-06,Polska,Małopolskie,1 610,31,"48,39","1,00","359,34"
2026-09-06,Polska,Dolnośląskie,1 440,27,"42,15","2,00","718,69"
2026-09-06,Polska,Łódzkie,1 115,26,"40,59","0,00","0,00"
2026-09-06,Polska,Pomorskie,1 052,20,"31,22","0,00","0,00"
2026-09-06,Polska,Kujawsko-pomorskie,890,20,"31,22","1,00","359,34"
2026-09-06,Polska,Lubelskie,873,26,"40,59","0,00","0,00"
2026-09-06,Polska,Podkarpackie,749,25,"39,03","1,00","359,34"
2026-09-06,Polska,Zachodniopomorskie,732,15,"23,42","0,00","0,00"
2026-09-06,Polska,Warmińsko-mazurskie,547,10,"15,61","1,00","359,34"
2026-09-06,Polska,Świętokrzyskie,582,14,"21,85","0,00","0,00"
2026-09-06,Polska,Podlaskie,513,10,"15,61","0,00","0,00"
2026-09-06,Polska,Opolskie,376,9,"14,05","0,00","0,00"
2026-09-06,Polska,Lubuskie,190,1,"1,56","0,00","0,00"
2026-09-07,Polska,Mazowieckie,4 289,80,"121,56","3,00","1 056,67"
2026-09-07,Polska,Śląskie,2 582,52,"79,02","2,00","704,45"
2026-09-07,Polska,Wielkopolskie,1 880,36,"54,70","0,00","0,00"
2026-09-07,Polska,Małopolskie,1 927,34,"51,66","2,00","704,45"
2026-09-07,Polska,Dolnośląskie,1 733,30,"45,59","1,00","352,22"
2026-09-07,Polska,Łódzkie,1 296,20,"30,39","0,00","0,00"
2026-09-07,Polska,Pomorskie,1 246,32,"48,63","0,00","0,00"
2026-09-07,Polska,Kujawsko-pomorskie,1 119,16,"24,31","2,00","704,45"
2026-09-07,Polska,Lubelskie,1 109,13,"19,75","0,00","0,00"
2026-09-07,Polska,Podkarpackie,824,23,"34,95","0,00","0,00"
2026-09-07,Polska,Zachodniopomorskie,871,14,"21,27","0,00","0,00"
2026-09-07,Polska,Warmińsko-mazurskie,625,9,"13,68","0,00","0,00"
2026-09-07,Polska,Świętokrzyskie,659,12,"18,23","0,00","0,00"
2026-09-07,Polska,Podlaskie,658,16,"24,31","1,00","352,22"
2026-09-07,Polska,Opolskie,414,7,"10,64","0,00","0,00"
2026-09-07,Polska,Lubuskie,216,3,"4,56","0,00","0,00"
2026-09-08,Polska,Mazowieckie,4 346,68,"108,66","3,00","1 073,42"
2026-09-08,Polska,Śląskie,2 639,48,"76,70","2,00","715,61"
2026-09-08,Polska,Wielkopolskie,1 913,30,"47,94","0,00","0,00"
2026-09-08,Polska,Małopolskie,1 912,41,"65,51","0,00","0,00"
2026-09-08,Polska,Dolnośląskie,1 780,39,"62,32","2,00","715,61"
2026-09-08,Polska,Łódzkie,1 292,25,"39,95","0,00","0,00"
2026-09-08,Polska,Pomorskie,1 271,29,"46,34","1,00","357,81"
2026-09-08,Polska,Kujawsko-pomorskie,1 042,22,"35,15","0,00","0,00"
2026-09-08,Polska,Lubelskie,1 129,24,"38,35","1,00","357,81"
2026-09-08,Polska,Podkarpackie,846,21,"33,56","0,00","0,00"
2026-09-08,Polska,Zachodniopomorskie,824,23,"36,75","1,00","357,81"
2026-09-08,Polska,Warmińsko-mazurskie,660,8,"12,78","0,00","0,00"
2026-09-08,Polska,Świętokrzyskie,656,15,"23,97","1,00","357,81"
2026-09-08,Polska,Podlaskie,615,14,"22,37","0,00","0,00"
2026-09-08,Polska,Opolskie,414,11,"17,58","0,00","0,00"
2026-09-08,Polska,Lubuskie,239,6,"9,59","0,00","0,00"
2026-09-09,Polska,Mazowieckie,4 307,106,"170,33","5,00","1 827,75"
2026-09-09,Polska,Śląskie,2 541,50,"80,35","1,00","365,55"
2026-09-09,Polska,Wielkopolskie,1 915,29,"46,60","0,00","0,00"
2026-09-09,Polska,Małopolskie,1 964,41,"65,88","3,00","1 096,65"
2026-09-09,Polska,Dolnośląskie,1 686,29,"46,60","2,00","731,10"
2026-09-09,Polska,Łódzkie,1 331,38,"61,06","3,00","1 096,65"
2026-09-09,Polska,Pomorskie,1 259,29,"46,60","2,00","731,10"
2026-09-09,Polska,Kujawsko-pomorskie,1 092,22,"35,35","1,00","365,55"
2026-09-09,Polska,Lubelskie,1 019,17,"27,32","0,00","0,00"
2026-09-09,Polska,Podkarpackie,804,15,"24,10","0,00","0,00"
2026-09-09,Polska,Zachodniopomorskie,841,14,"22,50","0,00","0,00"
2026-09-09,Polska,Warmińsko-mazurskie,643,13,"20,89","0,00","0,00"
2026-09-09,Polska,Świętokrzyskie,647,11,"17,68","0,00","0,00"
2026-09-09,Polska,Podlaskie,660,11,"17,68","0,00","0,00"
2026-09-09,Polska,Opolskie,438,19,"30,53","1,00","365,55"
2026-09-09,Polska,Lubuskie,205,4,"6,43","0,00","0,00"
2026-09-10,Polska,Mazowieckie,4 353,84,"138,67","2,00","689,51"
2026-09-10,Polska,Śląskie,2 595,52,"85,84","2,00","689,51"
2026-09-10,Polska,Wielkopolskie,1 934,40,"66,03","0,00","0,00"
2026-09-10,Polska,Małopolskie,1 978,37,"61,08","0,00","0,00"
2026-09-10,Polska,Dolnośląskie,1 735,28,"46,22","2,00","689,51"
2026-09-10,Polska,Łódzkie,1 299,18,"29,71","0,00","0,00"
2026-09-10,Polska,Pomorskie,1 280,22,"36,32","0,00","0,00"
2026-09-10,Polska,Kujawsko-pomorskie,1 116,13,"21,46","0,00","0,00"
2026-09-10,Polska,Lubelskie,1 070,23,"37,97","0,00","0,00"
2026-09-10,Polska,Podkarpackie,875,10,"16,51","0,00","0,00"
2026-09-10,Polska,Zachodniopomorskie,880,15,"24,76","0,00","0,00"
2026-09-10,Polska,Warmińsko-mazurskie,667,18,"29,71","0,00","0,00"
2026-09-10,Polska,Świętokrzyskie,675,18,"29,71","1,00","344,76"
2026-09-10,Polska,Podlaskie,663,12,"19,81","0,00","0,00"
2026-09-10,Polska,Opolskie,401,13,"21,46","0,00","0,00"
2026-09-10,Polska,Lubuskie,218,7,"11,56","0,00","0,00"
2026-09-11,Polska,Mazowieckie,4 316,74,"111,09","4,00","1 424,29"
2026-09-11,Polska,Śląskie,2 652,44,"66,06","0,00","0,00"
2026-09-11,Polska,Wielkopolskie,1 891,34,"51,04","1,00","356,07"
2026-09-11,Polska,Małopolskie,1 976,40,"60,05","0,00","0,00"
2026-09-11,Polska,Dolnośląskie,1 699,39,"58,55","1,00","356,07"
2026-09-11,Polska,Łódzkie,1 283,38,"57,05","2,00","712,14"
2026-09-11,Polska,Pomorskie,1 318,23,"34,53","1,00","356,07"
2026-09-11,Polska,Kujawsko-pomorskie,1 120,14,"21,02","2,00","712,14"
2026-09-11,Polska,Lubelskie,1 048,31,"46,54","0,00","0,00"
2026-09-11,Polska,Podkarpackie,812,17,"25,52","0,00","0,00"
2026-09-11,Polska,Zachodniopomorskie,859,16,"24,02","0,00","0,00"
2026-09-11,Polska,Warmińsko-mazurskie,671,15,"22,52","0,00","0,00"
2026-09-11,Polska,Świętokrzyskie,601,14,"21,02","1,00","356,07"
2026-09-11,Polska,Podlaskie,621,12,"18,02","0,00","0,00"
2026-09-11,Polska,Opolskie,439,10,"15,01","0,00","0,00"
2026-09-11,Polska,Lubuskie,234,2,"3,00","0,00","0,00"
2026-09-12,Polska,Mazowieckie,3 817,81,"127,38","5,00","1 853,59"
2026-09-12,Polska,Śląskie,2 254,38,"59,76","3,00","1 112,15"
2026-09-12,Polska,Wielkopolskie,1 628,26,"40,89","1,00","370,72"
2026-09-12,Polska,Małopolskie,1 648,25,"39,32","2,00","741,43"
2026-09-12,Polska,Dolnośląskie,1 477,27,"42,46","0,00","0,00"
2026-09-12,Polska,Łódzkie,1 175,21,"33,03","0,00","0,00"
2026-09-12,Polska,Pomorskie,1 120,33,"51,90","1,00","370,72"
2026-09-12,Polska,Kujawsko-pomorskie,913,17,"26,74","1,00","370,72"
2026-09-12,Polska,Lubelskie,946,13,"20,44","1,00","370,72"
2026-09-12,Polska,Podkarpackie,707,17,"26,74","0,00","0,00"
2026-09-12,Polska,Zachodniopomorskie,737,12,"18,87","1,00","370,72"
2026-09-12,Polska,Warmińsko-mazurskie,584,11,"17,30","0,00","0,00"
2026-09-12,Polska,Świętokrzyskie,585,13,"20,44","0,00","0,00"
2026-09-12,Polska,Podlaskie,567,10,"15,73","0,00","0,00"
2026-09-12,Polska,Opolskie,328,9,"14,15","0,00","0,00"
2026-09-12,Polska,Lubuskie,176,2,"3,15","0,00","0,00"
2026-09-13,Polska,Mazowieckie,3 610,69,"110,21","2,00","712,27"
2026-09-13,Polska,Śląskie,2 221,50,"79,86","0,00","0,00"
2026-09-13,Polska,Wielkopolskie,1 653,36,"57,50","2,00","712,27"
2026-09-13,Polska,Małopolskie,1 672,30,"47,92","1,00","356,13"
2026-09-13,Polska,Dolnośląskie,1 401,44,"70,28","1,00","356,13"
2026-09-13,Polska,Łódzkie,1 157,22,"35,14","3,00","1 068,40"
2026-09-13,Polska,Pomorskie,1 114,28,"44,72","1,00","356,13"
2026-09-13,Polska,Kujawsko-pomorskie,919,28,"44,72","1,00","356,13"
2026-09-13,Polska,Lubelskie,969,15,"23,96","0,00","0,00"
2026-09-13,Polska,Podkarpackie,775,17,"27,15","2,00","712,27"
2026-09-13,Polska,Zachodniopomorskie,753,13,"20,76","1,00","356,13"
2026-09-13,Polska,Warmińsko-mazurskie,604,11,"17,57","0,00","0,00"
2026-09-13,Polska,Świętokrzyskie,614,14,"22,36","1,00","356,13"
2026-09-13,Polska,Podlaskie,537,8,"12,78","0,00","0,00"
2026-09-13,Polska,Opolskie,366,13,"20,76","0,00","0,00"
2026-09-13,Polska,Lubuskie,179,7,"11,18","0,00","0,00"
2026-09-14,Polska,Mazowieckie,4 462,89,"144,07","1,00","374,39"
2026-09-14,Polska,Śląskie,2 689,48,"77,70","2,00","748,77"
2026-09-14,Polska,Wielkopolskie,1 905,40,"64,75","4,00","1 497,55"
2026-09-14,Polska,Małopolskie,1 938,54,"87,41","1,00","374,39"
2026-09-14,Polska,Dolnośląskie,1 794,43,"69,60","0,00","0,00"
2026-09-14,Polska,Łódzkie,1 290,20,"32,37","0,00","0,00"
2026-09-14,Polska,Pomorskie,1 336,29,"46,94","0,00","0,00"
2026-09-14,Polska,Kujawsko-pomorskie,1 113,20,"32,37","0,00","0,00"
2026-09-14,Polska,Lubelskie,1 098,28,"45,32","1,00","374,39"
2026-09-14,Polska,Podkarpackie,907,15,"24,28","1,00","374,39"
2026-09-14,Polska,Zachodniopomorskie,909,13,"21,04","0,00","0,00"
2026-09-14,Polska,Warmińsko-mazurskie,616,9,"14,57","0,00","0,00"
2026-09-14,Polska,Świętokrzyskie,697,2,"3,24","0,00","0,00"
2026-09-14,Polska,Podlaskie,625,15,"24,28","0,00","0,00"
2026-09-14,Polska,Opolskie,465,7,"11,33","1,00","374,39"
2026-09-14,Polska,Lubuskie,228,3,"4,86","0,00","0,00"
2026-09-15,Polska,Mazowieckie,4 281,102,"158,19","6,00","2 245,64"
2026-09-15,Polska,Śląskie,2 559,54,"83,75","3,00","1 122,82"
2026-09-15,Polska,Wielkopolskie,1 990,43,"66,69","0,00","0,00"
2026-09-15,Polska,Małopolskie,2 055,34,"52,73","0,00","0,00"
2026-09-15,Polska,Dolnośląskie,1 763,44,"68,24","1,00","374,27"
2026-09-15,Polska,Łódzkie,1 345,28,"43,43","1,00","374,27"
2026-09-15,Polska,Pomorskie,1 318,25,"38,77","1,00","374,27"
2026-09-15,Polska,Kujawsko-pomorskie,1 113,31,"48,08","2,00","748,55"
2026-09-15,Polska,Lubelskie,1 106,21,"32,57","1,00","374,27"
2026-09-15,Polska,Podkarpackie,900,13,"20,16","0,00","0,00"
2026-09-15,Polska,Zachodniopomorskie,895,25,"38,77","0,00","0,00"
2026-09-15,Polska,Warmińsko-mazurskie,671,17,"26,37","0,00","0,00"
2026-09-15,Polska,Świętokrzyskie,616,11,"17,06","0,00","0,00"
2026-09-15,Polska,Podlaskie,733,15,"23,26","0,00","0,00"
2026-09-15,Polska,Opolskie,487,13,"20,16","0,00","0,00"
2026-09-15,Polska,Lubuskie,216,3,"4,65","0,00","0,00"
2026-09-16,Polska,Mazowieckie,4 421,99,"149,97","7,00","2 662,05"
2026-09-16,Polska,Śląskie,2 630,54,"81,80","3,00","1 140,88"
2026-09-16,Polska,Wielkopolskie,2 039,36,"54,53","2,00","760,59"
2026-09-16,Polska,Małopolskie,1 920,37,"56,05","1,00","380,29"
2026-09-16,Polska,Dolnośląskie,1 711,37,"56,05","1,00","380,29"
2026-09-16,Polska,Łódzkie,1 299,29,"43,93","2,00","760,59"
2026-09-16,Polska,Pomorskie,1 355,23,"34,84","0,00","0,00"
2026-09-16,Polska,Kujawsko-pomorskie,1 055,17,"25,75","1,00","380,29"
2026-09-16,Polska,Lubelskie,1 119,22,"33,33","1,00","380,29"
2026-09-16,Polska,Podkarpackie,898,19,"28,78","3,00","1 140,88"
2026-09-16,Polska,Zachodniopomorskie,893,17,"25,75","1,00","380,29"
2026-09-16,Polska,Warmińsko-mazurskie,692,15,"22,72","0,00","0,00"
2026-09-16,Polska,Świętokrzyskie,666,11,"16,66","0,00","0,00"
2026-09-16,Polska,Podlaskie,678,15,"22,72","0,00","0,00"
2026-09-16,Polska,Opolskie,476,5,"7,57","1,00","380,29"
2026-09-16,Polska,Lubuskie,238,5,"7,57","0,00","0,00"
2026-09-17,Polska,Mazowieckie,4 482,99,"159,22","1,00","336,43"
2026-09-17,Polska,Śląskie,2 575,57,"91,67","1,00","336,43"
2026-09-17,Polska,Wielkopolskie,1 958,42,"67,55","2,00","672,85"
2026-09-17,Polska,Małopolskie,1 958,42,"67,55","0,00","0,00"
2026-09-17,Polska,Dolnośląskie,1 828,34,"54,68","1,00","336,43"
2026-09-17,Polska,Łódzkie,1 309,20,"32,17","0,00","0,00"
2026-09-17,Polska,Pomorskie,1 350,15,"24,12","1,00","336,43"
2026-09-17,Polska,Kujawsko-pomorskie,1 143,18,"28,95","0,00","0,00"
2026-09-17,Polska,Lubelskie,1 078,16,"25,73","0,00","0,00"
2026-09-17,Polska,Podkarpackie,825,17,"27,34","1,00","336,43"
2026-09-17,Polska,Zachodniopomorskie,900,15,"24,12","0,00","0,00"
2026-09-17,Polska,Warmińsko-mazurskie,658,8,"12,87","0,00","0,00"
2026-09-17,Polska,Świętokrzyskie,659,12,"19,30","0,00","0,00"
2026-09-17,Polska,Podlaskie,674,16,"25,73","0,00","0,00"
2026-09-17,Polska,Opolskie,409,11,"17,69","0,00","0,00"
2026-09-17,Polska,Lubuskie,182,6,"9,65","0,00","0,00"
2026-09-18,Polska,Mazowieckie,4 504,75,"116,52","5,00","1 728,33"
2026-09-18,Polska,Śląskie,2 697,57,"88,56","2,00","691,33"
2026-09-18,Polska,Wielkopolskie,2 001,50,"77,68","0,00","0,00"
2026-09-18,Polska,Małopolskie,2 076,35,"54,38","1,00","345,67"
2026-09-18,Polska,Dolnośląskie,1 778,40,"62,14","0,00","0,00"
2026-09-18,Polska,Łódzkie,1 285,24,"37,29","1,00","345,67"
2026-09-18,Polska,Pomorskie,1 326,30,"46,61","0,00","0,00"
2026-09-18,Polska,Kujawsko-pomorskie,1 055,20,"31,07","1,00","345,67"
2026-09-18,Polska,Lubelskie,1 082,18,"27,96","0,00","0,00"
2026-09-18,Polska,Podkarpackie,935,16,"24,86","1,00","345,67"
2026-09-18,Polska,Zachodniopomorskie,850,18,"27,96","2,00","691,33"
2026-09-18,Polska,Warmińsko-mazurskie,684,8,"12,43","1,00","345,67"
2026-09-18,Polska,Świętokrzyskie,630,15,"23,30","0,00","0,00"
2026-09-18,Polska,Podlaskie,684,12,"18,64","1,00","345,67"
2026-09-18,Polska,Opolskie,474,6,"9,32","0,00","0,00"
2026-09-18,Polska,Lubuskie,219,6,"9,32","0,00","0,00"
2026-09-19,Polska,Mazowieckie,3 814,80,"121,83","5,00","1 915,75"
2026-09-19,Polska,Śląskie,2 204,45,"68,53","0,00","0,00"
2026-09-19,Polska,Wielkopolskie,1 601,36,"54,82","1,00","383,15"
2026-09-19,Polska,Małopolskie,1 690,26,"39,59","1,00","383,15"
2026-09-19,Polska,Dolnośląskie,1 542,27,"41,12","0,00","0,00"
2026-09-19,Polska,Łódzkie,1 174,22,"33,50","0,00","0,00"
2026-09-19,Polska,Pomorskie,1 094,24,"36,55","0,00","0,00"
2026-09-19,Polska,Kujawsko-pomorskie,971,20,"30,46","1,00","383,15"
2026-09-19,Polska,Lubelskie,901,19,"28,93","0,00","0,00"
2026-09-19,Polska,Podkarpackie,791,13,"19,80","0,00","0,00"
2026-09-19,Polska,Zachodniopomorskie,791,17,"25,89","0,00","0,00"
2026-09-19,Polska,Warmińsko-mazurskie,571,6,"9,14","0,00","0,00"
2026-09-19,Polska,Świętokrzyskie,563,11,"16,75","0,00","0,00"
2026-09-19,Polska,Podlaskie,559,12,"18,27","0,00","0,00"
2026-09-19,Polska,Opolskie,350,5,"7,61","0,00","0,00"
2026-09-19,Polska,Lubuskie,201,3,"4,57","0,00","0,00"
2026-09-20,Polska,Mazowieckie,3 728,64,"105,66","3,00","1 124,24"
2026-09-20,Polska,Śląskie,2 256,48,"79,24","1,00","374,75"
2026-09-20,Polska,Wielkopolskie,1 721,46,"75,94","1,00","374,75"
2026-09-20,Polska,Małopolskie,1 761,41,"67,69","2,00","749,49"
2026-09-20,Polska,Dolnośląskie,1 529,30,"49,53","0,00","0,00"
2026-09-20,Polska,Łódzkie,1 195,24,"39,62","1,00","374,75"
2026-09-20,Polska,Pomorskie,1 124,25,"41,27","1,00","374,75"
2026-09-20,Polska,Kujawsko-pomorskie,929,20,"33,02","0,00","0,00"
2026-09-20,Polska,Lubelskie,903,24,"39,62","0,00","0,00"
2026-09-20,Polska,Podkarpackie,789,12,"19,81","1,00","374,75"
2026-09-20,Polska,Zachodniopomorskie,756,23,"37,97","0,00","0,00"
2026-09-20,Polska,Warmińsko-mazurskie,529,13,"21,46","1,00","374,75"
2026-09-20,Polska,Świętokrzyskie,585,6,"9,91","0,00","0,00"
2026-09-20,Polska,Podlaskie,554,8,"13,21","0,00","0,00"
2026-09-20,Polska,Opolskie,351,13,"21,46","1,00","374,75"
2026-09-20,Polska,Lubuskie,214,3,"4,95","0,00","0,00"
2026-09-21,Polska,Mazowieckie,4 533,100,"160,26","3,00","979,13"
2026-09-21,Polska,Śląskie,2 727,44,"70,51","0,00","0,00"
2026-09-21,Polska,Wielkopolskie,2 060,34,"54,49","1,00","326,38"
2026-09-21,Polska,Małopolskie,2 087,45,"72,12","2,00","652,75"
2026-09-21,Polska,Dolnośląskie,1 879,23,"36,86","0,00","0,00"
2026-09-21,Polska,Łódzkie,1 333,24,"38,46","1,00","326,38"
2026-09-21,Polska,Pomorskie,1 436,31,"49,68","2,00","652,75"
2026-09-21,Polska,Kujawsko-pomorskie,1 159,17,"27,24","2,00","652,75"
2026-09-21,Polska,Lubelskie,1 135,28,"44,87","1,00","326,38"
2026-09-21,Polska,Podkarpackie,895,20,"32,05","0,00","0,00"
2026-09-21,Polska,Zachodniopomorskie,848,29,"46,47","0,00","0,00"
2026-09-21,Polska,Warmińsko-mazurskie,666,15,"24,04","1,00","326,38"
2026-09-21,Polska,Świętokrzyskie,690,15,"24,04","0,00","0,00"
2026-09-21,Polska,Podlaskie,654,16,"25,64","0,00","0,00"
2026-09-21,Polska,Opolskie,428,8,"12,82","0,00","0,00"
2026-09-21,Polska,Lubuskie,196,6,"9,62","0,00","0,00"
2026-09-22,Polska,Mazowieckie,4 454,110,"165,15","3,00","1 033,63"
2026-09-22,Polska,Śląskie,2 809,60,"90,08","4,00","1 378,18"
2026-09-22,Polska,Wielkopolskie,2 082,56,"84,08","1,00","344,54"
2026-09-22,Polska,Małopolskie,2 007,24,"36,03","1,00","344,54"
2026-09-22,Polska,Dolnośląskie,1 884,36,"54,05","0,00","0,00"
2026-09-22,Polska,Łódzkie,1 433,25,"37,53","0,00","0,00"
2026-09-22,Polska,Pomorskie,1 384,31,"46,54","2,00","689,09"
2026-09-22,Polska,Kujawsko-pomorskie,1 102,26,"39,04","0,00","0,00"
2026-09-22,Polska,Lubelskie,1 141,25,"37,53","0,00","0,00"
2026-09-22,Polska,Podkarpackie,884,24,"36,03","1,00","344,54"
2026-09-22,Polska,Zachodniopomorskie,896,19,"28,53","1,00","344,54"
2026-09-22,Polska,Warmińsko-mazurskie,669,15,"22,52","0,00","0,00"
2026-09-22,Polska,Świętokrzyskie,701,15,"22,52","0,00","0,00"
2026-09-22,Polska,Podlaskie,693,23,"34,53","1,00","344,54"
2026-09-22,Polska,Opolskie,444,12,"18,02","2,00","689,09"
2026-09-22,Polska,Lubuskie,205,2,"3,00","0,00","0,00"
2026-09-23,Polska,Mazowieckie,4 441,99,"149,38","1,00","337,27"
2026-09-23,Polska,Śląskie,2 654,58,"87,52","2,00","674,53"
2026-09-23,Polska,Wielkopolskie,2 005,42,"63,38","1,00","337,27"
2026-09-23,Polska,Małopolskie,2 083,40,"60,36","2,00","674,53"
2026-09-23,Polska,Dolnośląskie,1 868,21,"31,69","0,00","0,00"
2026-09-23,Polska,Łódzkie,1 264,27,"40,74","0,00","0,00"
2026-09-23,Polska,Pomorskie,1 338,25,"37,72","2,00","674,53"
2026-09-23,Polska,Kujawsko-pomorskie,1 146,19,"28,67","0,00","0,00"
2026-09-23,Polska,Lubelskie,1 122,28,"42,25","1,00","337,27"
2026-09-23,Polska,Podkarpackie,909,19,"28,67","0,00","0,00"
2026-09-23,Polska,Zachodniopomorskie,937,20,"30,18","3,00","1 011,80"
2026-09-23,Polska,Warmińsko-mazurskie,690,19,"28,67","2,00","674,53"
2026-09-23,Polska,Świętokrzyskie,700,8,"12,07","0,00","0,00"
2026-09-23,Polska,Podlaskie,657,15,"22,63","0,00","0,00"
2026-09-23,Polska,Opolskie,449,17,"25,65","0,00","0,00"
2026-09-23,Polska,Lubuskie,208,3,"4,53","0,00","0,00"
2026-09-24,Polska,Mazowieckie,4 431,101,"157,98","4,00","1 240,62"
2026-09-24,Polska,Śląskie,2 742,56,"87,59","1,00","310,15"
2026-09-24,Polska,Wielkopolskie,2 081,44,"68,82","3,00","930,46"
2026-09-24,Polska,Małopolskie,2 122,43,"67,26","1,00","310,15"
2026-09-24,Polska,Dolnośląskie,1 829,41,"64,13","1,00","310,15"
2026-09-24,Polska,Łódzkie,1 380,21,"32,85","0,00","0,00"
2026-09-24,Polska,Pomorskie,1 337,26,"40,67","1,00","310,15"
2026-09-24,Polska,Kujawsko-pomorskie,1 124,21,"32,85","0,00","0,00"
2026-09-24,Polska,Lubelskie,1 137,25,"39,10","1,00","310,15"
2026-09-24,Polska,Podkarpackie,946,16,"25,03","0,00","0,00"
2026-09-24,Polska,Zachodniopomorskie,922,26,"40,67","0,00","0,00"
2026-09-24,Polska,Warmińsko-mazurskie,679,14,"21,90","0,00","0,00"
2026-09-24,Polska,Świętokrzyskie,663,16,"25,03","2,00","620,31"
2026-09-24,Polska,Podlaskie,644,10,"15,64","1,00","310,15"
2026-09-24,Polska,Opolskie,445,8,"12,51","0,00","0,00"
2026-09-24,Polska,Lubuskie,227,7,"10,95","0,00","0,00"
2026-09-25,Polska,Mazowieckie,4 484,109,"178,14","5,00","1 854,69"
2026-09-25,Polska,Śląskie,2 747,42,"68,64","2,00","741,88"
2026-09-25,Polska,Wielkopolskie,2 048,53,"86,62","0,00","0,00"
2026-09-25,Polska,Małopolskie,2 074,39,"63,74","1,00","370,94"
2026-09-25,Polska,Dolnośląskie,1 794,33,"53,93","0,00","0,00"
2026-09-25,Polska,Łódzkie,1 349,31,"50,66","0,00","0,00"
2026-09-25,Polska,Pomorskie,1 355,25,"40,86","2,00","741,88"
2026-09-25,Polska,Kujawsko-pomorskie,1 118,10,"16,34","1,00","370,94"
2026-09-25,Polska,Lubelskie,1 129,31,"50,66","0,00","0,00"
2026-09-25,Polska,Podkarpackie,949,23,"37,59","0,00","0,00"
2026-09-25,Polska,Zachodniopomorskie,940,22,"35,95","1,00","370,94"
2026-09-25,Polska,Warmińsko-mazurskie,687,13,"21,25","0,00","0,00"
2026-09-25,Polska,Świętokrzyskie,691,17,"27,78","0,00","0,00"
2026-09-25,Polska,Podlaskie,646,7,"11,44","0,00","0,00"
2026-09-25,Polska,Opolskie,440,8,"13,07","0,00","0,00"
2026-09-25,Polska,Lubuskie,217,1,"1,63","0,00","0,00"
2026-09-26,Polska,Mazowieckie,3 882,78,"129,11","4,00","1 356,56"
2026-09-26,Polska,Śląskie,2 393,33,"54,62","2,00","678,28"
2026-09-26,Polska,Wielkopolskie,1 632,37,"61,24","0,00","0,00"
2026-09-26,Polska,Małopolskie,1 765,26,"43,04","1,00","339,14"
2026-09-26,Polska,Dolnośląskie,1 520,24,"39,72","1,00","339,14"
2026-09-26,Polska,Łódzkie,1 127,24,"39,72","1,00","339,14"
2026-09-26,Polska,Pomorskie,1 143,19,"31,45","0,00","0,00"
2026-09-26,Polska,Kujawsko-pomorskie,993,20,"33,10","1,00","339,14"
2026-09-26,Polska,Lubelskie,969,23,"38,07","1,00","339,14"
2026-09-26,Polska,Podkarpackie,787,20,"33,10","1,00","339,14"
2026-09-26,Polska,Zachodniopomorskie,808,16,"26,48","0,00","0,00"
2026-09-26,Polska,Warmińsko-mazurskie,576,10,"16,55","0,00","0,00"
2026-09-26,Polska,Świętokrzyskie,589,9,"14,90","0,00","0,00"
2026-09-26,Polska,Podlaskie,556,11,"18,21","0,00","0,00"
2026-09-26,Polska,Opolskie,359,10,"16,55","0,00","0,00"
2026-09-26,Polska,Lubuskie,185,3,"4,97","0,00","0,00"
2026-09-27,Polska,Mazowieckie,3 807,80,"118,09","3,00","1 003,38"
2026-09-27,Polska,Śląskie,2 426,59,"87,09","3,00","1 003,38"
2026-09-27,Polska,Wielkopolskie,1 754,34,"50,19","0,00","0,00"
2026-09-27,Polska,Małopolskie,1 728,38,"56,09","2,00","668,92"
2026-09-27,Polska,Dolnośląskie,1 557,31,"45,76","0,00","0,00"
2026-09-27,Polska,Łódzkie,1 198,28,"41,33","0,00","0,00"
2026-09-27,Polska,Pomorskie,1 128,32,"47,23","3,00","1 003,38"
2026-09-27,Polska,Kujawsko-pomorskie,931,15,"22,14","0,00","0,00"
2026-09-27,Polska,Lubelskie,963,20,"29,52","1,00","334,46"
2026-09-27,Polska,Podkarpackie,762,20,"29,52","2,00","668,92"
2026-09-27,Polska,Zachodniopomorskie,741,14,"20,67","0,00","0,00"
2026-09-27,Polska,Warmińsko-mazurskie,621,16,"23,62","0,00","0,00"
2026-09-27,Polska,Świętokrzyskie,556,11,"16,24","0,00","0,00"
2026-09-27,Polska,Podlaskie,592,6,"8,86","0,00","0,00"
2026-09-27,Polska,Opolskie,381,5,"7,38","1,00","334,46"
2026-09-27,Polska,Lubuskie,202,3,"4,43","0,00","0,00"
2026-09-28,Polska,Mazowieckie,4 591,88,"151,77","6,00","2 351,73"
2026-09-28,Polska,Śląskie,2 798,58,"100,03","0,00","0,00"
2026-09-28,Polska,Wielkopolskie,2 081,43,"74,16","3,00","1 175,86"
2026-09-28,Polska,Małopolskie,2 102,51,"87,96","3,00","1 175,86"
2026-09-28,Polska,Dolnośląskie,1 784,38,"65,54","3,00","1 175,86"
2026-09-28,Polska,Łódzkie,1 378,24,"41,39","0,00","0,00"
2026-09-28,Polska,Pomorskie,1 376,34,"58,64","1,00","391,95"
2026-09-28,Polska,Kujawsko-pomorskie,1 148,29,"50,01","1,00","391,95"
2026-09-28,Polska,Lubelskie,1 140,26,"44,84","0,00","0,00"
2026-09-28,Polska,Podkarpackie,927,16,"27,59","1,00","391,95"
2026-09-28,Polska,Zachodniopomorskie,948,18,"31,04","1,00","391,95"
2026-09-28,Polska,Warmińsko-mazurskie,713,13,"22,42","1,00","391,95"
2026-09-28,Polska,Świętokrzyskie,684,14,"24,14","1,00","391,95"
2026-09-28,Polska,Podlaskie,724,13,"22,42","0,00","0,00"
2026-09-28,Polska,Opolskie,488,5,"8,62","0,00","0,00"
2026-09-28,Polska,Lubuskie,250,6,"10,35","0,00","0,00"
2026-09-29,Polska,Mazowieckie,4 552,93,"146,72","1,00","375,11"
2026-09-29,Polska,Śląskie,2 814,51,"80,46","4,00","1 500,44"
2026-09-29,Polska,Wielkopolskie,2 184,41,"64,68","1,00","375,11"
2026-09-29,Polska,Małopolskie,2 131,33,"52,06","2,00","750,22"
2026-09-29,Polska,Dolnośląskie,1 820,27,"42,60","0,00","0,00"
2026-09-29,Polska,Łódzkie,1 389,15,"23,66","0,00","0,00"
2026-09-29,Polska,Pomorskie,1 409,31,"48,91","1,00","375,11"
2026-09-29,Polska,Kujawsko-pomorskie,1 134,15,"23,66","0,00","0,00"
2026-09-29,Polska,Lubelskie,1 155,24,"37,86","0,00","0,00"
2026-09-29,Polska,Podkarpackie,955,21,"33,13","0,00","0,00"
2026-09-29,Polska,Zachodniopomorskie,894,12,"18,93","0,00","0,00"
2026-09-29,Polska,Warmińsko-mazurskie,704,10,"15,78","0,00","0,00"
2026-09-29,Polska,Świętokrzyskie,713,9,"14,20","0,00","0,00"
2026-09-29,Polska,Podlaskie,636,22,"34,71","0,00","0,00"
2026-09-29,Polska,Opolskie,447,10,"15,78","1,00","375,11"
2026-09-29,Polska,Lubuskie,221,5,"7,89","0,00","0,00"
2026-09-30,Polska,Mazowieckie,4 613,114,"176,71","2,00","786,29"
2026-09-30,Polska,Śląskie,2 768,55,"85,25","3,00","1 179,44"
2026-09-30,Polska,Wielkopolskie,2 084,42,"65,10","0,00","0,00"
2026-09-30,Polska,Małopolskie,2 114,48,"74,40","1,00","393,15"
2026-09-30,Polska,Dolnośląskie,1 862,38,"58,90","1,00","393,15"
2026-09-30,Polska,Łódzkie,1 428,26,"40,30","0,00","0,00"
2026-09-30,Polska,Pomorskie,1 408,24,"37,20","2,00","786,29"
2026-09-30,Polska,Kujawsko-pomorskie,1 126,21,"32,55","2,00","786,29"
2026-09-30,Polska,Lubelskie,1 178,25,"38,75","0,00","0,00"
2026-09-30,Polska,Podkarpackie,962,17,"26,35","1,00","393,15"
2026-09-30,Polska,Zachodniopomorskie,878,11,"17,05","0,00","0,00"
2026-09-30,Polska,Warmińsko-mazurskie,693,11,"17,05","0,00","0,00"
2026-09-30,Polska,Świętokrzyskie,721,16,"24,80","1,00","393,15"
2026-09-30,Polska,Podlaskie,682,15,"23,25","0,00","0,00"
2026-09-30,Polska,Opolskie,470,6,"9,30","0,00","0,00"
2026-09-30,Polska,Lubuskie,211,2,"3,10","0,00","0,00"
Razem: lokalizacje,,,1 197 527,23 893,"38 201,16","848,00","299 842,56"
